product_id,sell_price_paise,source,as_of
SHTEGQCHNQ6QWYMH,110100,erp:price_confirmation_sim_2026-09,2026-09-01T09:00:00+00:00
DRPEC89ZRJRNHUGH,89900,erp:price_confirmation_sim_2026-09,2026-09-01T09:00:00+00:00
BLAEE2GJATTR8YG5,129900,erp:price_confirmation_sim_2026-09,2026-09-01T09:00:00+00:00
CRGE956ZTWA2Q4JW,189900,erp:price_confirmation_sim_2026-09,2026-09-01T09:00:00+00:00
TOPE7FYTNWSWAF6N,34900,erp:price_confirmation_sim_2026-09,2026-09-01T09:00:00+00:00
DREEFFG5PA6AVFH9,90000,erp:price_confirmation_sim_2026-09,2026-09-01T09:00:00+00:00
HJREGXNFQMRPYVU3,75000,erp:price_confirmation_sim_2026-09,2026-09-01T09:00:00+00:00
DREE4V9ZYNGWHTGG,99900,erp:price_confirmation_sim_2026-09,2026-09-01T09:00:00+00:00
SHOE9YGXQHFW8FCZ,29900,erp:price_confirmation_sim_2026-09,2026-09-01T09:00:00+00:00
RTRD38494HWZVMAK,210000,erp:price_confirmation_sim_2026-09,2026-09-01T09:00:00+00:00
TSHE6KWDSPNRHFDC,32900,erp:price_confirmation_sim_2026-09,2026-09-01T09:00:00+00:00
SGLEJ8GVTZDGFGUJ,47900,erp:price_confirmation_sim_2026-09,2026-09-01T09:00:00+00:00
CPCEJ8GNEUGJERZG,29900,erp:price_confirmation_sim_2026-09,2026-09-01T09:00:00+00:00
FABEH3PHASHTTANZ,269900,erp:price_confirmation_sim_2026-09,2026-09-01T09:00:00+00:00
SWSEBGYUPTH7GSHE,94900,erp:price_confirmation_sim_2026-09,2026-09-01T09:00:00+00:00
TOPE8TQDQDHZZY9S,170000,erp:price_confirmation_sim_2026-09,2026-09-01T09:00:00+00:00
NKCDXHWZHPXRF28E,25000,erp:price_confirmation_sim_2026-09,2026-09-01T09:00:00+00:00
CAGDUNH3VAZ8PM3Q,44900,erp:price_confirmation_sim_2026-09,2026-09-01T09:00:00+00:00
TROEJFS2XPYVXEMT,209900,erp:price_confirmation_sim_2026-09,2026-09-01T09:00:00+00:00
NKCEAVZ3C9CRDB6Z,39900,erp:price_confirmation_sim_2026-09,2026-09-01T09:00:00+00:00
PCSE7T8FVEZQZ4NT,35000,erp:price_confirmation_sim_2026-09,2026-09-01T09:00:00+00:00
DREEA4DUZHUQASHP,90900,erp:price_confirmation_sim_2026-09,2026-09-01T09:00:00+00:00
TSHE9K9GMYYKXV5C,29900,erp:price_confirmation_sim_2026-09,2026-09-01T09:00:00+00:00
RNGEA8Z5PHCTUKFF,727100,erp:price_confirmation_sim_2026-09,2026-09-01T09:00:00+00:00
PELE58U3FFP8EAAT,155000,erp:price_confirmation_sim_2026-09,2026-09-01T09:00:00+00:00
NKCEAX7HHE5HZCHG,29900,erp:price_confirmation_sim_2026-09,2026-09-01T09:00:00+00:00
BLAE39ZZYDGFHKUH,87800,erp:price_confirmation_sim_2026-09,2026-09-01T09:00:00+00:00
TWSEHGSYDKWGR6RT,79400,erp:price_confirmation_sim_2026-09,2026-09-01T09:00:00+00:00
BRAEBUG2K3G2JYAQ,44900,erp:price_confirmation_sim_2026-09,2026-09-01T09:00:00+00:00
TSHE6JCXUKQJGTZF,69000,erp:price_confirmation_sim_2026-09,2026-09-01T09:00:00+00:00
BBAEDZHYDZQGHHP3,75000,erp:price_confirmation_sim_2026-09,2026-09-01T09:00:00+00:00
SNDDT3UXUNGVFWST,169000,erp:price_confirmation_sim_2026-09,2026-09-01T09:00:00+00:00
BRAE8GDGSKTVFQZE,12000,erp:price_confirmation_sim_2026-09,2026-09-01T09:00:00+00:00
BBAE4BR6EHHHGPYM,105600,erp:price_confirmation_sim_2026-09,2026-09-01T09:00:00+00:00
SHTE93RYMXUU7P6Q,39900,erp:price_confirmation_sim_2026-09,2026-09-01T09:00:00+00:00
TDHEGVZKK3SXYZSC,79500,erp:price_confirmation_sim_2026-09,2026-09-01T09:00:00+00:00
ECOEH4BXGVMBYEMG,9000,erp:price_confirmation_sim_2026-09,2026-09-01T09:00:00+00:00
BLAE3HGCFTVVT3GU,219900,erp:price_confirmation_sim_2026-09,2026-09-01T09:00:00+00:00
DREEGXNWMFHQPGYD,59900,erp:price_confirmation_sim_2026-09,2026-09-01T09:00:00+00:00
KRTEDCR4ARHZZH4R,42500,erp:price_confirmation_sim_2026-09,2026-09-01T09:00:00+00:00
BBAE76FZE7Z3RHYR,39900,erp:price_confirmation_sim_2026-09,2026-09-01T09:00:00+00:00
NKCE49AT3FBH2QBG,44900,erp:price_confirmation_sim_2026-09,2026-09-01T09:00:00+00:00
ACCDSB6EJXB8B9GG,149900,erp:price_confirmation_sim_2026-09,2026-09-01T09:00:00+00:00
TFHECQNYAPQ2FCHE,129900,erp:price_confirmation_sim_2026-09,2026-09-01T09:00:00+00:00
SHTEA6GA2PYVQ4ZP,151900,erp:price_confirmation_sim_2026-09,2026-09-01T09:00:00+00:00
STIE9F5UZWVU4KHD,121600,erp:price_confirmation_sim_2026-09,2026-09-01T09:00:00+00:00
PTSEDHS7GHWEHZUX,73000,erp:price_confirmation_sim_2026-09,2026-09-01T09:00:00+00:00
SWSE4CNDZMMCJGM6,58400,erp:price_confirmation_sim_2026-09,2026-09-01T09:00:00+00:00
SCFEHDJN5HUHSG5F,23900,erp:price_confirmation_sim_2026-09,2026-09-01T09:00:00+00:00
NKCDUEHCBEY7YZV8,49900,erp:price_confirmation_sim_2026-09,2026-09-01T09:00:00+00:00
RNGE88Q9U5YZG3G2,2348700,erp:price_confirmation_sim_2026-09,2026-09-01T09:00:00+00:00
KRTEAHVKBPC8ZE4S,39900,erp:price_confirmation_sim_2026-09,2026-09-01T09:00:00+00:00
CSOE2V29ZTH5A3QU,19800,erp:price_confirmation_sim_2026-09,2026-09-01T09:00:00+00:00
WATE67FBCSSHQMZZ,69500,erp:price_confirmation_sim_2026-09,2026-09-01T09:00:00+00:00
CBKEHRSHVFGZ7FVQ,49900,erp:price_confirmation_sim_2026-09,2026-09-01T09:00:00+00:00
SGLEGBV7DZKMKTUG,49900,erp:price_confirmation_sim_2026-09,2026-09-01T09:00:00+00:00
TMLED7GYWDRPJEHQ,36000,erp:price_confirmation_sim_2026-09,2026-09-01T09:00:00+00:00
RNGEDAKBZPHKHGCQ,1536400,erp:price_confirmation_sim_2026-09,2026-09-01T09:00:00+00:00
LJGEHDSP4FSHGSVB,200000,erp:price_confirmation_sim_2026-09,2026-09-01T09:00:00+00:00
TOPEDHZDBGXFHG6G,79500,erp:price_confirmation_sim_2026-09,2026-09-01T09:00:00+00:00
PBLEGWQWEQKPXDHT,35000,erp:price_confirmation_sim_2026-09,2026-09-01T09:00:00+00:00
BBADYE6GJMUYGHGV,37500,erp:price_confirmation_sim_2026-09,2026-09-01T09:00:00+00:00
HOFEDQPJHSNFSYS2,25000,erp:price_confirmation_sim_2026-09,2026-09-01T09:00:00+00:00
SNDEAN42ZZ6QVCW5,95600,erp:price_confirmation_sim_2026-09,2026-09-01T09:00:00+00:00
SHOE6ZEBZ7HVRGT7,159500,erp:price_confirmation_sim_2026-09,2026-09-01T09:00:00+00:00
BRAE6FMZCV82TEFT,27000,erp:price_confirmation_sim_2026-09,2026-09-01T09:00:00+00:00
PEBEBQCZYHEHTEZV,239900,erp:price_confirmation_sim_2026-09,2026-09-01T09:00:00+00:00
USGE8R7KG4TYZPV5,8800,erp:price_confirmation_sim_2026-09,2026-09-01T09:00:00+00:00
BATDCXVFGC7BHGZK,144000,erp:price_confirmation_sim_2026-09,2026-09-01T09:00:00+00:00
BLAEEDEGGXT28W9J,149900,erp:price_confirmation_sim_2026-09,2026-09-01T09:00:00+00:00
TSHEHQZ8CVHNHMFA,89900,erp:price_confirmation_sim_2026-09,2026-09-01T09:00:00+00:00
BRAEBXRB8GFZ6HM6,18000,erp:price_confirmation_sim_2026-09,2026-09-01T09:00:00+00:00
STIE9F5UWNR43SZ4,219400,erp:price_confirmation_sim_2026-09,2026-09-01T09:00:00+00:00
BBAEC897YCBZPV8H,17900,erp:price_confirmation_sim_2026-09,2026-09-01T09:00:00+00:00
BRAEBBMQZCKGFFGH,18900,erp:price_confirmation_sim_2026-09,2026-09-01T09:00:00+00:00
SHOECXZEHUBBZYJV,199900,erp:price_confirmation_sim_2026-09,2026-09-01T09:00:00+00:00
ACCE9Z2HBBAUXRXE,59900,erp:price_confirmation_sim_2026-09,2026-09-01T09:00:00+00:00
RKSED5CE6CKW8YHP,99900,erp:price_confirmation_sim_2026-09,2026-09-01T09:00:00+00:00
NKCDTAXFXWPKGZAN,37100,erp:price_confirmation_sim_2026-09,2026-09-01T09:00:00+00:00
TSHEBGC34TVWJGHN,199900,erp:price_confirmation_sim_2026-09,2026-09-01T09:00:00+00:00
SHTE4S26SFEGUW3M,49900,erp:price_confirmation_sim_2026-09,2026-09-01T09:00:00+00:00
PADEHZFJGQNSEVKC,25000,erp:price_confirmation_sim_2026-09,2026-09-01T09:00:00+00:00
RNGE864HQQUYJQHB,2831700,erp:price_confirmation_sim_2026-09,2026-09-01T09:00:00+00:00
BLOEJFFYGJCJZERW,94900,erp:price_confirmation_sim_2026-09,2026-09-01T09:00:00+00:00
SOFEDVYZXN34ZJZQ,1390000,erp:price_confirmation_sim_2026-09,2026-09-01T09:00:00+00:00
BBAECJDU9UGUYFHX,39900,erp:price_confirmation_sim_2026-09,2026-09-01T09:00:00+00:00
ACCEEEWJX4MRNFHB,129900,erp:price_confirmation_sim_2026-09,2026-09-01T09:00:00+00:00
SHOEHY9AUJMC8YD9,129900,erp:price_confirmation_sim_2026-09,2026-09-01T09:00:00+00:00
BRAEAJXRUPCUSZVP,74900,erp:price_confirmation_sim_2026-09,2026-09-01T09:00:00+00:00
RTRE93J4UYHVQAKG,179900,erp:price_confirmation_sim_2026-09,2026-09-01T09:00:00+00:00
BBAEBFKGNG7PJARH,69000,erp:price_confirmation_sim_2026-09,2026-09-01T09:00:00+00:00
TOPE8PBFNH9YNHFK,85000,erp:price_confirmation_sim_2026-09,2026-09-01T09:00:00+00:00
NKCDU4RZPGSGYY4Q,32000,erp:price_confirmation_sim_2026-09,2026-09-01T09:00:00+00:00
BBAEA49HNDNQYGJU,29500,erp:price_confirmation_sim_2026-09,2026-09-01T09:00:00+00:00
SHTEA572MCFG8YZZ,69800,erp:price_confirmation_sim_2026-09,2026-09-01T09:00:00+00:00
BCHEF9ZEK3JFWSZF,39900,erp:price_confirmation_sim_2026-09,2026-09-01T09:00:00+00:00
RNGEDAPFYDQCQAFQ,2608700,erp:price_confirmation_sim_2026-09,2026-09-01T09:00:00+00:00
BCHEG2BG5UJKZYZG,45000,erp:price_confirmation_sim_2026-09,2026-09-01T09:00:00+00:00
CRGEB5MNWY2XSW7T,139500,erp:price_confirmation_sim_2026-09,2026-09-01T09:00:00+00:00
PBXEAHS5F5ZQDU2B,49900,erp:price_confirmation_sim_2026-09,2026-09-01T09:00:00+00:00
DREECGQ8Y4WC3QU5,89900,erp:price_confirmation_sim_2026-09,2026-09-01T09:00:00+00:00
RNGE7GVYRPHSCTVA,2992600,erp:price_confirmation_sim_2026-09,2026-09-01T09:00:00+00:00
NKCE5T3GVHYKZSDH,35000,erp:price_confirmation_sim_2026-09,2026-09-01T09:00:00+00:00
TSHE57PPG6EGAJMF,39900,erp:price_confirmation_sim_2026-09,2026-09-01T09:00:00+00:00
CAGDYY25E8RVC7EG,35800,erp:price_confirmation_sim_2026-09,2026-09-01T09:00:00+00:00
ACCE9Z5RZR68MGQV,59900,erp:price_confirmation_sim_2026-09,2026-09-01T09:00:00+00:00
USGEDX24BCNC63FE,25900,erp:price_confirmation_sim_2026-09,2026-09-01T09:00:00+00:00
TSHE4S26FVNGW5TZ,40000,erp:price_confirmation_sim_2026-09,2026-09-01T09:00:00+00:00
TSHEGACUNDADBZKR,119900,erp:price_confirmation_sim_2026-09,2026-09-01T09:00:00+00:00
CRTECN2QZSPZDNAR,159900,erp:price_confirmation_sim_2026-09,2026-09-01T09:00:00+00:00
CRTECN2QTVAGYNZ6,159900,erp:price_confirmation_sim_2026-09,2026-09-01T09:00:00+00:00
SHIEH5HD8ZZZDRRZ,34900,erp:price_confirmation_sim_2026-09,2026-09-01T09:00:00+00:00
DRPEHGFG2FPKZEBB,164600,erp:price_confirmation_sim_2026-09,2026-09-01T09:00:00+00:00
VMREGZPQWWGWTXQZ,59400,erp:price_confirmation_sim_2026-09,2026-09-01T09:00:00+00:00
BRAEFR6JUMNFA5MT,29900,erp:price_confirmation_sim_2026-09,2026-09-01T09:00:00+00:00
BRAECTFYRN4C9FU5,22500,erp:price_confirmation_sim_2026-09,2026-09-01T09:00:00+00:00
TSHE9QS7UNUZQKGD,139900,erp:price_confirmation_sim_2026-09,2026-09-01T09:00:00+00:00
CAGE68FFRKGNM58Z,35000,erp:price_confirmation_sim_2026-09,2026-09-01T09:00:00+00:00
MATEGX23XSZHD9VK,19900,erp:price_confirmation_sim_2026-09,2026-09-01T09:00:00+00:00
ACCE9ZY9SMMBMYC3,59900,erp:price_confirmation_sim_2026-09,2026-09-01T09:00:00+00:00
BBAECGVHJPMFPFES,19900,erp:price_confirmation_sim_2026-09,2026-09-01T09:00:00+00:00
NKCEFKBYHXQ8VVF8,29900,erp:price_confirmation_sim_2026-09,2026-09-01T09:00:00+00:00
WCKE2TYZ4NWZRG9G,108900,erp:price_confirmation_sim_2026-09,2026-09-01T09:00:00+00:00
CRTECN2QZXFVEPGG,138000,erp:price_confirmation_sim_2026-09,2026-09-01T09:00:00+00:00
RNGE7GVYFXTPKK9U,2875100,erp:price_confirmation_sim_2026-09,2026-09-01T09:00:00+00:00
NKCEB6ZB8NS8GAFG,26900,erp:price_confirmation_sim_2026-09,2026-09-01T09:00:00+00:00
HLUEJQ3UVGNXSPZG,150000,erp:price_confirmation_sim_2026-09,2026-09-01T09:00:00+00:00
HACEGPF9FJFJQU2R,49900,erp:price_confirmation_sim_2026-09,2026-09-01T09:00:00+00:00
STIE9F5UCPRTGRVA,114300,erp:price_confirmation_sim_2026-09,2026-09-01T09:00:00+00:00
SHIEDUW9A53NNGWA,69900,erp:price_confirmation_sim_2026-09,2026-09-01T09:00:00+00:00
SHTE9EFGJRQM5HE9,42500,erp:price_confirmation_sim_2026-09,2026-09-01T09:00:00+00:00
VMREGZPQ5ZKCSUDH,59400,erp:price_confirmation_sim_2026-09,2026-09-01T09:00:00+00:00
RNGE7M925YCWZZRR,1787900,erp:price_confirmation_sim_2026-09,2026-09-01T09:00:00+00:00
SNDECHQM4CGAXJXW,99000,erp:price_confirmation_sim_2026-09,2026-09-01T09:00:00+00:00
BRAE3TSHYZTHHE2F,7900,erp:price_confirmation_sim_2026-09,2026-09-01T09:00:00+00:00
JEAE6SRJZGFE5F57,174900,erp:price_confirmation_sim_2026-09,2026-09-01T09:00:00+00:00
SGLEJXMTFUK7ZNEG,31900,erp:price_confirmation_sim_2026-09,2026-09-01T09:00:00+00:00
RNGE7GVYYPQFPGYD,2587400,erp:price_confirmation_sim_2026-09,2026-09-01T09:00:00+00:00
PTPE62XBRHPBQDZS,158400,erp:price_confirmation_sim_2026-09,2026-09-01T09:00:00+00:00
PCSEC86WYPMMQEYJ,32100,erp:price_confirmation_sim_2026-09,2026-09-01T09:00:00+00:00
NKCE73KHBBRBPTJH,25200,erp:price_confirmation_sim_2026-09,2026-09-01T09:00:00+00:00
BHGEGTATDSHFENHT,45500,erp:price_confirmation_sim_2026-09,2026-09-01T09:00:00+00:00
DIAE2QNERNBQJ8ME,69900,erp:price_confirmation_sim_2026-09,2026-09-01T09:00:00+00:00
WATDXFGTUVJZYXRD,99900,erp:price_confirmation_sim_2026-09,2026-09-01T09:00:00+00:00
SHTECB92WG7ZCPBV,229900,erp:price_confirmation_sim_2026-09,2026-09-01T09:00:00+00:00
BRAE9TBZWWACJHJ8,27900,erp:price_confirmation_sim_2026-09,2026-09-01T09:00:00+00:00
DREE9EHEWXZYSCDU,79900,erp:price_confirmation_sim_2026-09,2026-09-01T09:00:00+00:00
CRTECN2QUZSRCEN4,92000,erp:price_confirmation_sim_2026-09,2026-09-01T09:00:00+00:00
SHTEJP22GH6GHTKR,56900,erp:price_confirmation_sim_2026-09,2026-09-01T09:00:00+00:00
RTRE2XJSG2ZFVFTW,185000,erp:price_confirmation_sim_2026-09,2026-09-01T09:00:00+00:00
SHTEYQHGTFHGB3K6,49900,erp:price_confirmation_sim_2026-09,2026-09-01T09:00:00+00:00
CRTECN2QWPPMVZZ9,159900,erp:price_confirmation_sim_2026-09,2026-09-01T09:00:00+00:00
KRTEJ7ATQGNMW6QV,63000,erp:price_confirmation_sim_2026-09,2026-09-01T09:00:00+00:00
VANEGPA7ZKGT2UUH,170000,erp:price_confirmation_sim_2026-09,2026-09-01T09:00:00+00:00
DIAE7QHEDWYHCG2R,25000,erp:price_confirmation_sim_2026-09,2026-09-01T09:00:00+00:00
PTGEE9APYTJ3GYWN,194900,erp:price_confirmation_sim_2026-09,2026-09-01T09:00:00+00:00
TOPE8DPRAU6DCFKN,89900,erp:price_confirmation_sim_2026-09,2026-09-01T09:00:00+00:00
OTYEHZR7MXR4PBCZ,77500,erp:price_confirmation_sim_2026-09,2026-09-01T09:00:00+00:00
RNGE7Z9NHKZPRSEE,74300,erp:price_confirmation_sim_2026-09,2026-09-01T09:00:00+00:00
CAGE3SHKHTZCTFPJ,47900,erp:price_confirmation_sim_2026-09,2026-09-01T09:00:00+00:00
SHIEHGXG5PNH2HEF,75100,erp:price_confirmation_sim_2026-09,2026-09-01T09:00:00+00:00
PANEGYWXD4TFXFXH,19900,erp:price_confirmation_sim_2026-09,2026-09-01T09:00:00+00:00
NKCECZH48UQYP6NY,49900,erp:price_confirmation_sim_2026-09,2026-09-01T09:00:00+00:00
ACCEHPWENYHHSF3D,79000,erp:price_confirmation_sim_2026-09,2026-09-01T09:00:00+00:00
STIE7KFHZDGQRZX3,51000,erp:price_confirmation_sim_2026-09,2026-09-01T09:00:00+00:00
BBAEGG6EZGVG7XZC,54900,erp:price_confirmation_sim_2026-09,2026-09-01T09:00:00+00:00
SHOEGGDUCHU2FWQG,39900,erp:price_confirmation_sim_2026-09,2026-09-01T09:00:00+00:00
MUGEAGGKSHGYYQ4F,19900,erp:price_confirmation_sim_2026-09,2026-09-01T09:00:00+00:00
NKCECPQAGXHB56HY,19900,erp:price_confirmation_sim_2026-09,2026-09-01T09:00:00+00:00
BRAE3TSHRTGMZA44,8900,erp:price_confirmation_sim_2026-09,2026-09-01T09:00:00+00:00
RNGEDAKBYETUY2AB,2513100,erp:price_confirmation_sim_2026-09,2026-09-01T09:00:00+00:00
NKCE5YFQWQUZGC4Y,29900,erp:price_confirmation_sim_2026-09,2026-09-01T09:00:00+00:00
PBXE9ZWEPRBDMP2V,40000,erp:price_confirmation_sim_2026-09,2026-09-01T09:00:00+00:00
TSHEYZEX9RDRHHGH,79800,erp:price_confirmation_sim_2026-09,2026-09-01T09:00:00+00:00
SWTEAW3STNNJSKNP,83800,erp:price_confirmation_sim_2026-09,2026-09-01T09:00:00+00:00
DREEAXE3VAX3GY9Y,99700,erp:price_confirmation_sim_2026-09,2026-09-01T09:00:00+00:00
ACCDY6GVZYHGRRPP,159900,erp:price_confirmation_sim_2026-09,2026-09-01T09:00:00+00:00
SHIE4DJHAYYJCKKY,50000,erp:price_confirmation_sim_2026-09,2026-09-01T09:00:00+00:00
JWSEBWSRSNGXFYSH,99500,erp:price_confirmation_sim_2026-09,2026-09-01T09:00:00+00:00
STIEYZ5TM4X5E6X9,39900,erp:price_confirmation_sim_2026-09,2026-09-01T09:00:00+00:00
WATE9MXPDDFGKUKK,19900,erp:price_confirmation_sim_2026-09,2026-09-01T09:00:00+00:00
CRTECN2RZRH6FTYZ,138000,erp:price_confirmation_sim_2026-09,2026-09-01T09:00:00+00:00
JEAE7MP37JWJXAZH,219900,erp:price_confirmation_sim_2026-09,2026-09-01T09:00:00+00:00
ACCEGKFEZFBG3DZW,19900,erp:price_confirmation_sim_2026-09,2026-09-01T09:00:00+00:00
SHIE3YW8AGHPXQZZ,246000,erp:price_confirmation_sim_2026-09,2026-09-01T09:00:00+00:00
TOPECUZYVBVQ3FEZ,269500,erp:price_confirmation_sim_2026-09,2026-09-01T09:00:00+00:00
SNDEHZQQERXYSRFS,49900,erp:price_confirmation_sim_2026-09,2026-09-01T09:00:00+00:00
BBAEC89PP5NCWVFR,19900,erp:price_confirmation_sim_2026-09,2026-09-01T09:00:00+00:00
TWCEJFXHNZ8GB8VX,46600,erp:price_confirmation_sim_2026-09,2026-09-01T09:00:00+00:00
SHIE86XAGBVWRWH3,48500,erp:price_confirmation_sim_2026-09,2026-09-01T09:00:00+00:00
NKCE7ZNGGKGZKEYG,29900,erp:price_confirmation_sim_2026-09,2026-09-01T09:00:00+00:00
RNGE88Q94HF6SCCG,2058600,erp:price_confirmation_sim_2026-09,2026-09-01T09:00:00+00:00
BFAD3ZJYYCXDAVGH,199900,erp:price_confirmation_sim_2026-09,2026-09-01T09:00:00+00:00
RNGEDAK2HFRD72HE,1388800,erp:price_confirmation_sim_2026-09,2026-09-01T09:00:00+00:00
SGLEJV5XS9UCYHPM,64900,erp:price_confirmation_sim_2026-09,2026-09-01T09:00:00+00:00
TSHEHU5RW2VDGFKZ,79900,erp:price_confirmation_sim_2026-09,2026-09-01T09:00:00+00:00
SNDEHZPDHXKM3ZNJ,175000,erp:price_confirmation_sim_2026-09,2026-09-01T09:00:00+00:00
TOPE93YGJJ5ADUKV,57900,erp:price_confirmation_sim_2026-09,2026-09-01T09:00:00+00:00
SRTEHQFQXGYQGGGH,52900,erp:price_confirmation_sim_2026-09,2026-09-01T09:00:00+00:00
CBKEJ3AZYYJTEHK6,39900,erp:price_confirmation_sim_2026-09,2026-09-01T09:00:00+00:00
BBAEEYH6S8NMYGHN,96000,erp:price_confirmation_sim_2026-09,2026-09-01T09:00:00+00:00
LBXEHFA6BHYGKGVA,19900,erp:price_confirmation_sim_2026-09,2026-09-01T09:00:00+00:00
PACDZTD7Z9T2GVGT,47000,erp:price_confirmation_sim_2026-09,2026-09-01T09:00:00+00:00
DREEDC7THGYTA2JZ,79700,erp:price_confirmation_sim_2026-09,2026-09-01T09:00:00+00:00
RCLEYW4QNGHANNYH,53900,erp:price_confirmation_sim_2026-09,2026-09-01T09:00:00+00:00
NKCE8JXS2AAKUGGD,39900,erp:price_confirmation_sim_2026-09,2026-09-01T09:00:00+00:00
TOPE9HYGS96GGY2C,99900,erp:price_confirmation_sim_2026-09,2026-09-01T09:00:00+00:00
DREE8FWR542TYSH5,75600,erp:price_confirmation_sim_2026-09,2026-09-01T09:00:00+00:00
LACEGEZBUKFAFH2E,32900,erp:price_confirmation_sim_2026-09,2026-09-01T09:00:00+00:00
PBXEAMHQHTW77AQN,19900,erp:price_confirmation_sim_2026-09,2026-09-01T09:00:00+00:00
NKCE9PFF32BZCHTX,39900,erp:price_confirmation_sim_2026-09,2026-09-01T09:00:00+00:00
SHOECP78YDYPYPSE,49900,erp:price_confirmation_sim_2026-09,2026-09-01T09:00:00+00:00
SHIE8WJTK9BCBMGU,113000,erp:price_confirmation_sim_2026-09,2026-09-01T09:00:00+00:00
SHOE6QGAYFFMBWG6,109900,erp:price_confirmation_sim_2026-09,2026-09-01T09:00:00+00:00
TSHEF3Z3NJMBCSVQ,35800,erp:price_confirmation_sim_2026-09,2026-09-01T09:00:00+00:00
PCSEAKVBZUG8VZF5,47500,erp:price_confirmation_sim_2026-09,2026-09-01T09:00:00+00:00
LCHEH4GTFX23CPZR,159900,erp:price_confirmation_sim_2026-09,2026-09-01T09:00:00+00:00
KTSEGYZQASMGG6SD,58200,erp:price_confirmation_sim_2026-09,2026-09-01T09:00:00+00:00
JWSEA5GVEMNZ6FZ2,90000,erp:price_confirmation_sim_2026-09,2026-09-01T09:00:00+00:00
USGEEF3QFVY8RYES,22900,erp:price_confirmation_sim_2026-09,2026-09-01T09:00:00+00:00
TSHE7AX4NZGFXC2C,69900,erp:price_confirmation_sim_2026-09,2026-09-01T09:00:00+00:00
TSHE5HYC72ZUCM67,49900,erp:price_confirmation_sim_2026-09,2026-09-01T09:00:00+00:00
WATECSW5VZSZETGS,59500,erp:price_confirmation_sim_2026-09,2026-09-01T09:00:00+00:00
SNDEG7DRWSX8HFXZ,39900,erp:price_confirmation_sim_2026-09,2026-09-01T09:00:00+00:00
SRTEGWKHYZ7FTDBG,84900,erp:price_confirmation_sim_2026-09,2026-09-01T09:00:00+00:00
SNDEHZPDYWVYBCHT,175000,erp:price_confirmation_sim_2026-09,2026-09-01T09:00:00+00:00
BBAEC8AX9GXTD5TN,264900,erp:price_confirmation_sim_2026-09,2026-09-01T09:00:00+00:00
BBAEBTRWQGXX6GCF,26900,erp:price_confirmation_sim_2026-09,2026-09-01T09:00:00+00:00
SHVEFAS3RT9N63BU,47500,erp:price_confirmation_sim_2026-09,2026-09-01T09:00:00+00:00
SKIE8AYKWDYJSG5N,63400,erp:price_confirmation_sim_2026-09,2026-09-01T09:00:00+00:00
WATD9H76N5WQYVGJ,79500,erp:price_confirmation_sim_2026-09,2026-09-01T09:00:00+00:00
WATDZ2ZQWKH2ERZ9,87900,erp:price_confirmation_sim_2026-09,2026-09-01T09:00:00+00:00
STIE9F5UGAZZ3DQX,58200,erp:price_confirmation_sim_2026-09,2026-09-01T09:00:00+00:00
WCKE26PFZBV5TZH4,74900,erp:price_confirmation_sim_2026-09,2026-09-01T09:00:00+00:00
TSHEDCVYUYJFMVEF,39900,erp:price_confirmation_sim_2026-09,2026-09-01T09:00:00+00:00
TSHE6KWDYXYAYTZM,48000,erp:price_confirmation_sim_2026-09,2026-09-01T09:00:00+00:00
ACCDVDC8S5JWEE6X,179900,erp:price_confirmation_sim_2026-09,2026-09-01T09:00:00+00:00
BLAEEDVPYT5GQ64V,79900,erp:price_confirmation_sim_2026-09,2026-09-01T09:00:00+00:00
WATECGG4W76YEBUB,749500,erp:price_confirmation_sim_2026-09,2026-09-01T09:00:00+00:00
SHIECK9BFNDBMZCA,79900,erp:price_confirmation_sim_2026-09,2026-09-01T09:00:00+00:00
TSHEFJ33H8RXNYRC,41900,erp:price_confirmation_sim_2026-09,2026-09-01T09:00:00+00:00
ACBEA4496CMCQZCU,65900,erp:price_confirmation_sim_2026-09,2026-09-01T09:00:00+00:00
NKCE2MBFEMAJTEBD,29900,erp:price_confirmation_sim_2026-09,2026-09-01T09:00:00+00:00
SHTEGXV5ATXWFBGE,99900,erp:price_confirmation_sim_2026-09,2026-09-01T09:00:00+00:00
CTPEGGFRXHKBYHXM,22000,erp:price_confirmation_sim_2026-09,2026-09-01T09:00:00+00:00
DREE8RTGWJMQSAGS,79900,erp:price_confirmation_sim_2026-09,2026-09-01T09:00:00+00:00
HACEJQ7HRGNBYCEH,47900,erp:price_confirmation_sim_2026-09,2026-09-01T09:00:00+00:00
SHIEHFCXNRGJYZS5,21600,erp:price_confirmation_sim_2026-09,2026-09-01T09:00:00+00:00
ACBECFGTEC5DXHPJ,75600,erp:price_confirmation_sim_2026-09,2026-09-01T09:00:00+00:00
BRAE9WYKK8ZK3YNN,39900,erp:price_confirmation_sim_2026-09,2026-09-01T09:00:00+00:00
TSHE2N9P5TGKZ7WR,34900,erp:price_confirmation_sim_2026-09,2026-09-01T09:00:00+00:00
NKCECWKZYKVUJ9HU,38000,erp:price_confirmation_sim_2026-09,2026-09-01T09:00:00+00:00
MUGEAGGKURWPVVSW,19900,erp:price_confirmation_sim_2026-09,2026-09-01T09:00:00+00:00
ACCEAMGZF5ZHHKJK,64900,erp:price_confirmation_sim_2026-09,2026-09-01T09:00:00+00:00
ACCEA4BDAQMTG8XG,59900,erp:price_confirmation_sim_2026-09,2026-09-01T09:00:00+00:00
SLIEHET3CZ6XSDHP,199900,erp:price_confirmation_sim_2026-09,2026-09-01T09:00:00+00:00
BRAEARZHKSTMZSZ5,45900,erp:price_confirmation_sim_2026-09,2026-09-01T09:00:00+00:00
SWSEBFKAWVFJDQE5,74900,erp:price_confirmation_sim_2026-09,2026-09-01T09:00:00+00:00
TKPEJXUP89GFFZUS,53900,erp:price_confirmation_sim_2026-09,2026-09-01T09:00:00+00:00
BTWE953YQZ5JDQMF,66900,erp:price_confirmation_sim_2026-09,2026-09-01T09:00:00+00:00
JWSDWBPPQH5V6TTC,87000,erp:price_confirmation_sim_2026-09,2026-09-01T09:00:00+00:00
LJGE8NS7MBGTEFVE,36900,erp:price_confirmation_sim_2026-09,2026-09-01T09:00:00+00:00
BLAECUHKDRQZWGXF,139700,erp:price_confirmation_sim_2026-09,2026-09-01T09:00:00+00:00
TSHE993QZ5W5ZCSG,44900,erp:price_confirmation_sim_2026-09,2026-09-01T09:00:00+00:00
NKCECZNMRRVZ9YWF,28500,erp:price_confirmation_sim_2026-09,2026-09-01T09:00:00+00:00
ACCE63YUA7ZPMV33,41000,erp:price_confirmation_sim_2026-09,2026-09-01T09:00:00+00:00
BRAEB2S8XN46C9HZ,39900,erp:price_confirmation_sim_2026-09,2026-09-01T09:00:00+00:00
PCSEC86VDFGEAMXY,43900,erp:price_confirmation_sim_2026-09,2026-09-01T09:00:00+00:00
LARED9QVZY4HTGKK,34900,erp:price_confirmation_sim_2026-09,2026-09-01T09:00:00+00:00
LJGEATZTDHZAFJDD,52500,erp:price_confirmation_sim_2026-09,2026-09-01T09:00:00+00:00
WATEHYJBSKK8HHKC,27900,erp:price_confirmation_sim_2026-09,2026-09-01T09:00:00+00:00
NKCE84H9GHSAPR9C,22500,erp:price_confirmation_sim_2026-09,2026-09-01T09:00:00+00:00
DREEFYYFUE9NFU8F,72400,erp:price_confirmation_sim_2026-09,2026-09-01T09:00:00+00:00
WATEHYW2NN8YBDYZ,54900,erp:price_confirmation_sim_2026-09,2026-09-01T09:00:00+00:00
SNDECJAMZFFBC2UG,69900,erp:price_confirmation_sim_2026-09,2026-09-01T09:00:00+00:00
LJGEG52TCRESAGVP,78500,erp:price_confirmation_sim_2026-09,2026-09-01T09:00:00+00:00
BDSEGJBRR2HQ8E3G,49900,erp:price_confirmation_sim_2026-09,2026-09-01T09:00:00+00:00
PBXEACG29GM6UESA,24900,erp:price_confirmation_sim_2026-09,2026-09-01T09:00:00+00:00
MUGEACY8VQRMM4FX,29900,erp:price_confirmation_sim_2026-09,2026-09-01T09:00:00+00:00
NKCE64Z489PQN4U4,40600,erp:price_confirmation_sim_2026-09,2026-09-01T09:00:00+00:00
CRTECN2QS6EBXAGP,159900,erp:price_confirmation_sim_2026-09,2026-09-01T09:00:00+00:00
BRAEBBYRUSRHZD34,22500,erp:price_confirmation_sim_2026-09,2026-09-01T09:00:00+00:00
OTAEG356AVUHKYHG,19900,erp:price_confirmation_sim_2026-09,2026-09-01T09:00:00+00:00
WFTE7VE287YKGZAK,282500,erp:price_confirmation_sim_2026-09,2026-09-01T09:00:00+00:00
SFFEGNVMHRPGZKQN,49900,erp:price_confirmation_sim_2026-09,2026-09-01T09:00:00+00:00
WATDWABRFCWT2DD3,59900,erp:price_confirmation_sim_2026-09,2026-09-01T09:00:00+00:00
TLSEHUFCGASFZ2GG,64900,erp:price_confirmation_sim_2026-09,2026-09-01T09:00:00+00:00
CAGEYFZWNCKDDXXQ,29500,erp:price_confirmation_sim_2026-09,2026-09-01T09:00:00+00:00
SRTEHHXGEVDQMEQV,94900,erp:price_confirmation_sim_2026-09,2026-09-01T09:00:00+00:00
TOPE7QTUDHZZZHVS,60000,erp:price_confirmation_sim_2026-09,2026-09-01T09:00:00+00:00
ACCE9Z2HEETZDUEN,59900,erp:price_confirmation_sim_2026-09,2026-09-01T09:00:00+00:00
ACCEGKDGVZWHYV5H,24900,erp:price_confirmation_sim_2026-09,2026-09-01T09:00:00+00:00
CAGE8X8X42FZCBSF,40000,erp:price_confirmation_sim_2026-09,2026-09-01T09:00:00+00:00
VANE3KUFNUEGQNKH,69900,erp:price_confirmation_sim_2026-09,2026-09-01T09:00:00+00:00
NKCDX3BH8FVUZAYQ,40000,erp:price_confirmation_sim_2026-09,2026-09-01T09:00:00+00:00
CAGE4BQXSJPTBUS4,38800,erp:price_confirmation_sim_2026-09,2026-09-01T09:00:00+00:00
TROEGJZZFZ4QJBAW,160600,erp:price_confirmation_sim_2026-09,2026-09-01T09:00:00+00:00
ACBEHDUATE73ZUFF,89500,erp:price_confirmation_sim_2026-09,2026-09-01T09:00:00+00:00
TSHE3GHHYM43TRP4,89900,erp:price_confirmation_sim_2026-09,2026-09-01T09:00:00+00:00
NKCE4VA4VSZ4X5EZ,25000,erp:price_confirmation_sim_2026-09,2026-09-01T09:00:00+00:00
NKCE2NKZT6GSFFV5,40000,erp:price_confirmation_sim_2026-09,2026-09-01T09:00:00+00:00
NKCE9TBZD2EGXYJ3,30900,erp:price_confirmation_sim_2026-09,2026-09-01T09:00:00+00:00
CRNEEABUMNPQZGJY,59900,erp:price_confirmation_sim_2026-09,2026-09-01T09:00:00+00:00
ACCE9DJSQHBUJ5KS,168500,erp:price_confirmation_sim_2026-09,2026-09-01T09:00:00+00:00
WATD9XFGAJQGR4AQ,99500,erp:price_confirmation_sim_2026-09,2026-09-01T09:00:00+00:00
TIEEE8HAJZAFFEXW,24900,erp:price_confirmation_sim_2026-09,2026-09-01T09:00:00+00:00
RNGE864H8HQGXHMZ,3040900,erp:price_confirmation_sim_2026-09,2026-09-01T09:00:00+00:00
RNGE7GVYWCHGCZ3N,2574400,erp:price_confirmation_sim_2026-09,2026-09-01T09:00:00+00:00
BTWEBRD3XC3TNZU7,54900,erp:price_confirmation_sim_2026-09,2026-09-01T09:00:00+00:00
NDNEGCSGGYWR4CBH,89500,erp:price_confirmation_sim_2026-09,2026-09-01T09:00:00+00:00
CRNEEABUZH4GSCTE,59900,erp:price_confirmation_sim_2026-09,2026-09-01T09:00:00+00:00
JEAEB3UYMT2KNGE8,77900,erp:price_confirmation_sim_2026-09,2026-09-01T09:00:00+00:00
SOFEDVYZHG5SHGXM,4450000,erp:price_confirmation_sim_2026-09,2026-09-01T09:00:00+00:00
SMTEHY6TJHJEBMBJ,42500,erp:price_confirmation_sim_2026-09,2026-09-01T09:00:00+00:00
LBXEJS7ZFUEJF53Y,29900,erp:price_confirmation_sim_2026-09,2026-09-01T09:00:00+00:00
SHTEB9BVVVB2HMBF,99900,erp:price_confirmation_sim_2026-09,2026-09-01T09:00:00+00:00
NKCE9YFB8UHTCAPF,23900,erp:price_confirmation_sim_2026-09,2026-09-01T09:00:00+00:00
FRAEGWYANWAYN2EM,149500,erp:price_confirmation_sim_2026-09,2026-09-01T09:00:00+00:00
BEOEHHQZYG2VSX6W,24900,erp:price_confirmation_sim_2026-09,2026-09-01T09:00:00+00:00
DREE9Q9UMVPHAAM4,63000,erp:price_confirmation_sim_2026-09,2026-09-01T09:00:00+00:00
JCKEEB5YX5Q8HYBM,220000,erp:price_confirmation_sim_2026-09,2026-09-01T09:00:00+00:00
PTPEDDXTMZKMNXHX,112600,erp:price_confirmation_sim_2026-09,2026-09-01T09:00:00+00:00
LPBEGDV88DZJK6QP,51300,erp:price_confirmation_sim_2026-09,2026-09-01T09:00:00+00:00
BBAE5TFSUMZFRMHY,42000,erp:price_confirmation_sim_2026-09,2026-09-01T09:00:00+00:00
ACCEHPWEJZG9FR8M,79000,erp:price_confirmation_sim_2026-09,2026-09-01T09:00:00+00:00
SHIE4GFNDBQTUBTU,52000,erp:price_confirmation_sim_2026-09,2026-09-01T09:00:00+00:00
SHODYBP6SKKK3HSD,124900,erp:price_confirmation_sim_2026-09,2026-09-01T09:00:00+00:00
ACCEDV26ZN5K4GDN,119900,erp:price_confirmation_sim_2026-09,2026-09-01T09:00:00+00:00
BRAE3P8YRJ69HFQT,14900,erp:price_confirmation_sim_2026-09,2026-09-01T09:00:00+00:00
BTWEFZ4VD6THQHVH,59900,erp:price_confirmation_sim_2026-09,2026-09-01T09:00:00+00:00
DREDXGQEXWHQBATG,99900,erp:price_confirmation_sim_2026-09,2026-09-01T09:00:00+00:00
CAPE7UGWGJVTFZGM,79900,erp:price_confirmation_sim_2026-09,2026-09-01T09:00:00+00:00
NKCE72Y8YMHGMTV5,49900,erp:price_confirmation_sim_2026-09,2026-09-01T09:00:00+00:00
TIEEJRB7SQA6KFGZ,22900,erp:price_confirmation_sim_2026-09,2026-09-01T09:00:00+00:00
RTRD6FYY9KH3BBGZ,247900,erp:price_confirmation_sim_2026-09,2026-09-01T09:00:00+00:00
DIAECK8G9X9HZVHN,74900,erp:price_confirmation_sim_2026-09,2026-09-01T09:00:00+00:00
PTGEGUPG2NAHGUJM,422000,erp:price_confirmation_sim_2026-09,2026-09-01T09:00:00+00:00
LACEGF4NJZBUMUWG,32900,erp:price_confirmation_sim_2026-09,2026-09-01T09:00:00+00:00
ACCDVHJZTAKZGMN4,149900,erp:price_confirmation_sim_2026-09,2026-09-01T09:00:00+00:00
ACCEGPBYNU6BPFNR,33500,erp:price_confirmation_sim_2026-09,2026-09-01T09:00:00+00:00
SAREGVTE4CZ24RYK,84900,erp:price_confirmation_sim_2026-09,2026-09-01T09:00:00+00:00
BRAEDTPHWGSGJY6C,39900,erp:price_confirmation_sim_2026-09,2026-09-01T09:00:00+00:00
RNGDW2PZZXFUTYHW,3475700,erp:price_confirmation_sim_2026-09,2026-09-01T09:00:00+00:00
BLAEDZ9GGZT3GHF5,129000,erp:price_confirmation_sim_2026-09,2026-09-01T09:00:00+00:00
RTRD7XKFDBPBR6CV,1055600,erp:price_confirmation_sim_2026-09,2026-09-01T09:00:00+00:00
COMEAZ94HWYQTZHZ,3539000,erp:price_confirmation_sim_2026-09,2026-09-01T09:00:00+00:00
BBAECX4DYFGUD3BA,24500,erp:price_confirmation_sim_2026-09,2026-09-01T09:00:00+00:00
WATDYQ93DYDURETE,59500,erp:price_confirmation_sim_2026-09,2026-09-01T09:00:00+00:00
RNGE7GVYEFVQKHAM,2919000,erp:price_confirmation_sim_2026-09,2026-09-01T09:00:00+00:00
CRTECN2QUG8V4QCY,159900,erp:price_confirmation_sim_2026-09,2026-09-01T09:00:00+00:00
SHIE55GTBQGB5QSZ,44900,erp:price_confirmation_sim_2026-09,2026-09-01T09:00:00+00:00
BLAEDQ27FMZMQCDS,149900,erp:price_confirmation_sim_2026-09,2026-09-01T09:00:00+00:00
FSEEHXHFG6KCYVVU,134900,erp:price_confirmation_sim_2026-09,2026-09-01T09:00:00+00:00
SHOEH4GRSUBJGZXE,49900,erp:price_confirmation_sim_2026-09,2026-09-01T09:00:00+00:00
WRSE4G5XJHJKGQPY,891000,erp:price_confirmation_sim_2026-09,2026-09-01T09:00:00+00:00
LJGEG6UCZNNQEGW2,56900,erp:price_confirmation_sim_2026-09,2026-09-01T09:00:00+00:00
FSEEJS6CT2TZFJUU,19500,erp:price_confirmation_sim_2026-09,2026-09-01T09:00:00+00:00
SHTE7H6ZXRZZPHGF,40000,erp:price_confirmation_sim_2026-09,2026-09-01T09:00:00+00:00
FAFEG28UYBFZFJF5,39900,erp:price_confirmation_sim_2026-09,2026-09-01T09:00:00+00:00
ACCDVHJPWWHAZHTC,169900,erp:price_confirmation_sim_2026-09,2026-09-01T09:00:00+00:00
BRAECTFYYHQPFG4Q,30000,erp:price_confirmation_sim_2026-09,2026-09-01T09:00:00+00:00
PELDT4FKNAPHVUBK,179000,erp:price_confirmation_sim_2026-09,2026-09-01T09:00:00+00:00
CAGE7NK9GT9GQKH2,39900,erp:price_confirmation_sim_2026-09,2026-09-01T09:00:00+00:00
TSHEABRNHSFNZGQR,29900,erp:price_confirmation_sim_2026-09,2026-09-01T09:00:00+00:00
NKCEAX7HGAK22MYJ,39900,erp:price_confirmation_sim_2026-09,2026-09-01T09:00:00+00:00
SFFEJSGAKSZA8K9K,23800,erp:price_confirmation_sim_2026-09,2026-09-01T09:00:00+00:00
JEAEHGTNHGK4ATX7,149900,erp:price_confirmation_sim_2026-09,2026-09-01T09:00:00+00:00
BRAEB2S89JZEYYGW,39900,erp:price_confirmation_sim_2026-09,2026-09-01T09:00:00+00:00
DREEAKZWTDF22V5R,76400,erp:price_confirmation_sim_2026-09,2026-09-01T09:00:00+00:00
VESEGVEMNYBU8DBE,49800,erp:price_confirmation_sim_2026-09,2026-09-01T09:00:00+00:00
SHODHNUKYZZDYHRF,248500,erp:price_confirmation_sim_2026-09,2026-09-01T09:00:00+00:00
NKCEAP3SVJHFWK53,24700,erp:price_confirmation_sim_2026-09,2026-09-01T09:00:00+00:00
SCHE6KDTKAQB5EBB,65300,erp:price_confirmation_sim_2026-09,2026-09-01T09:00:00+00:00
BRAECJ7SUPN7VHUV,39900,erp:price_confirmation_sim_2026-09,2026-09-01T09:00:00+00:00
SHOE9ZZX59MFJ9WK,499900,erp:price_confirmation_sim_2026-09,2026-09-01T09:00:00+00:00
SHOEG8BM8ZFYGPTP,49900,erp:price_confirmation_sim_2026-09,2026-09-01T09:00:00+00:00
SHOEGFWHNAKBNYHR,55900,erp:price_confirmation_sim_2026-09,2026-09-01T09:00:00+00:00
CAPEYHQQP7AGHSSZ,149900,erp:price_confirmation_sim_2026-09,2026-09-01T09:00:00+00:00
SHOECDCRVB2WHKU4,195000,erp:price_confirmation_sim_2026-09,2026-09-01T09:00:00+00:00
SHOEEQNJETZKM4PZ,44900,erp:price_confirmation_sim_2026-09,2026-09-01T09:00:00+00:00
ACCDVFK6MPE6DSHH,109000,erp:price_confirmation_sim_2026-09,2026-09-01T09:00:00+00:00
BRAE5XBNRRYNMMGU,25500,erp:price_confirmation_sim_2026-09,2026-09-01T09:00:00+00:00
RNGEYQZEB2MRQBCW,2800000,erp:price_confirmation_sim_2026-09,2026-09-01T09:00:00+00:00
PANEGUAUARDHTN9D,59900,erp:price_confirmation_sim_2026-09,2026-09-01T09:00:00+00:00
BBAEB73MPXNZE4EW,1848800,erp:price_confirmation_sim_2026-09,2026-09-01T09:00:00+00:00
CAGEBKYHMNZNNBG2,39900,erp:price_confirmation_sim_2026-09,2026-09-01T09:00:00+00:00
TSHE7KBHSZGHUHHE,41900,erp:price_confirmation_sim_2026-09,2026-09-01T09:00:00+00:00
BRADM8DWHUGKNUE7,38400,erp:price_confirmation_sim_2026-09,2026-09-01T09:00:00+00:00
TOPE7UX4DNXBGJAW,199900,erp:price_confirmation_sim_2026-09,2026-09-01T09:00:00+00:00
BRAE8WYHU8JTPAJ3,32900,erp:price_confirmation_sim_2026-09,2026-09-01T09:00:00+00:00
BRAECHF3WZHZBQX2,34900,erp:price_confirmation_sim_2026-09,2026-09-01T09:00:00+00:00
TSHEA527ZN256CHQ,49900,erp:price_confirmation_sim_2026-09,2026-09-01T09:00:00+00:00
MUGEJG6TBVQSYMUP,22500,erp:price_confirmation_sim_2026-09,2026-09-01T09:00:00+00:00
PCSE76X4K44HZ5YY,299900,erp:price_confirmation_sim_2026-09,2026-09-01T09:00:00+00:00
SHTECB57QZATRQBM,27500,erp:price_confirmation_sim_2026-09,2026-09-01T09:00:00+00:00
TSHEBN6NKYCETFNZ,49900,erp:price_confirmation_sim_2026-09,2026-09-01T09:00:00+00:00
BLKEBEUNFFPSFKHE,29900,erp:price_confirmation_sim_2026-09,2026-09-01T09:00:00+00:00
RNGEFKBYME7B3AVK,3452700,erp:price_confirmation_sim_2026-09,2026-09-01T09:00:00+00:00
BRAEDTGQMXYVF7NB,49900,erp:price_confirmation_sim_2026-09,2026-09-01T09:00:00+00:00
NRSEGS9MKXVCWJAB,45000,erp:price_confirmation_sim_2026-09,2026-09-01T09:00:00+00:00
BBAEFG4A9PBKCTKQ,56000,erp:price_confirmation_sim_2026-09,2026-09-01T09:00:00+00:00
STIEGPNXUZ7MJHNF,29900,erp:price_confirmation_sim_2026-09,2026-09-01T09:00:00+00:00
LJGE72DS9A9HYFHE,39900,erp:price_confirmation_sim_2026-09,2026-09-01T09:00:00+00:00
TOPE4ZKTWZMZG635,61600,erp:price_confirmation_sim_2026-09,2026-09-01T09:00:00+00:00
ACCDSY8EHHF5TSKC,499900,erp:price_confirmation_sim_2026-09,2026-09-01T09:00:00+00:00
SHTE6HF2D8HKHMYS,129900,erp:price_confirmation_sim_2026-09,2026-09-01T09:00:00+00:00
BBAE5W98GVTZ9FAZ,55900,erp:price_confirmation_sim_2026-09,2026-09-01T09:00:00+00:00
CAPE2ZGGHSGZAHGB,89900,erp:price_confirmation_sim_2026-09,2026-09-01T09:00:00+00:00
SNDEDNFG7ZNRNAGM,49900,erp:price_confirmation_sim_2026-09,2026-09-01T09:00:00+00:00
TOPECRP5KCUZWYGA,138600,erp:price_confirmation_sim_2026-09,2026-09-01T09:00:00+00:00
SNDEGAJFFK2KKKRF,49900,erp:price_confirmation_sim_2026-09,2026-09-01T09:00:00+00:00
WATE6S3AHZXW9GPK,109000,erp:price_confirmation_sim_2026-09,2026-09-01T09:00:00+00:00
BBAEAZQAXBZNGBCH,199900,erp:price_confirmation_sim_2026-09,2026-09-01T09:00:00+00:00
BBAE2U7FQ5FUFSFP,42000,erp:price_confirmation_sim_2026-09,2026-09-01T09:00:00+00:00
SKIE2TFGY9RPYGC8,49900,erp:price_confirmation_sim_2026-09,2026-09-01T09:00:00+00:00
TSHEHU5RGKRAA8GP,99900,erp:price_confirmation_sim_2026-09,2026-09-01T09:00:00+00:00
RCTECNPQGGB4ZGAZ,239900,erp:price_confirmation_sim_2026-09,2026-09-01T09:00:00+00:00
SHTEDQH4ZVMC4GT7,49900,erp:price_confirmation_sim_2026-09,2026-09-01T09:00:00+00:00
CRTECN2QTXCGYGNC,159900,erp:price_confirmation_sim_2026-09,2026-09-01T09:00:00+00:00
JWSEBWSRZDBMWWPR,99900,erp:price_confirmation_sim_2026-09,2026-09-01T09:00:00+00:00
STIE2FRBGGFY2BXR,59900,erp:price_confirmation_sim_2026-09,2026-09-01T09:00:00+00:00
SHTE7ZGWSFBG4QAC,45000,erp:price_confirmation_sim_2026-09,2026-09-01T09:00:00+00:00
TSHEJCUX5AZCY3SZ,129900,erp:price_confirmation_sim_2026-09,2026-09-01T09:00:00+00:00
PELEGPF7HDHJDYUE,39200,erp:price_confirmation_sim_2026-09,2026-09-01T09:00:00+00:00
RNGE7GVYHBRF9T6G,2546000,erp:price_confirmation_sim_2026-09,2026-09-01T09:00:00+00:00
PCSDY5AFBNKGE3AY,100000,erp:price_confirmation_sim_2026-09,2026-09-01T09:00:00+00:00
NKCECCMFVD3FXBRA,39000,erp:price_confirmation_sim_2026-09,2026-09-01T09:00:00+00:00
RNGEC8PZ84N2VVMV,3395900,erp:price_confirmation_sim_2026-09,2026-09-01T09:00:00+00:00
SADEGYY4GFWHB68N,9900,erp:price_confirmation_sim_2026-09,2026-09-01T09:00:00+00:00
SHOEGP2X3GMKZVES,89900,erp:price_confirmation_sim_2026-09,2026-09-01T09:00:00+00:00
NKCEC86VG3DP9ZGQ,26900,erp:price_confirmation_sim_2026-09,2026-09-01T09:00:00+00:00
CBKEBVA8B4SZJVKY,28500,erp:price_confirmation_sim_2026-09,2026-09-01T09:00:00+00:00
SHTE96UAPYZHBYRY,44900,erp:price_confirmation_sim_2026-09,2026-09-01T09:00:00+00:00
VHREBBHBYY9HGJ66,34900,erp:price_confirmation_sim_2026-09,2026-09-01T09:00:00+00:00
CBKEAHJXFZTXMFZ9,57900,erp:price_confirmation_sim_2026-09,2026-09-01T09:00:00+00:00
PBXE8W55A32CHXZD,12500,erp:price_confirmation_sim_2026-09,2026-09-01T09:00:00+00:00
CRTECN2QUZWGEHEB,159900,erp:price_confirmation_sim_2026-09,2026-09-01T09:00:00+00:00
HFCEGNQBNPDHFAVZ,64900,erp:price_confirmation_sim_2026-09,2026-09-01T09:00:00+00:00
SWTEYZ7YNGBQATFY,127100,erp:price_confirmation_sim_2026-09,2026-09-01T09:00:00+00:00
NKCE2RPCKWKSFJQQ,39900,erp:price_confirmation_sim_2026-09,2026-09-01T09:00:00+00:00
KRTE9JEZ28H4ZWM4,44900,erp:price_confirmation_sim_2026-09,2026-09-01T09:00:00+00:00
ACCE9DJQV23YT3UG,168500,erp:price_confirmation_sim_2026-09,2026-09-01T09:00:00+00:00
SUDEGGATJKZYUZUP,19900,erp:price_confirmation_sim_2026-09,2026-09-01T09:00:00+00:00
KTAE6NYGRCHMUJF8,53900,erp:price_confirmation_sim_2026-09,2026-09-01T09:00:00+00:00
SHOEJY3YTGATUTDQ,69900,erp:price_confirmation_sim_2026-09,2026-09-01T09:00:00+00:00
SHIEAT33F8AZFEFS,644000,erp:price_confirmation_sim_2026-09,2026-09-01T09:00:00+00:00
DREEYB4GKJHBVSGZ,86900,erp:price_confirmation_sim_2026-09,2026-09-01T09:00:00+00:00
WATDSW7X8FTCNSHQ,90000,erp:price_confirmation_sim_2026-09,2026-09-01T09:00:00+00:00
USGEBZ7UHXASBG6M,69900,erp:price_confirmation_sim_2026-09,2026-09-01T09:00:00+00:00
ECMDQBY28WDJQDWA,200000,erp:price_confirmation_sim_2026-09,2026-09-01T09:00:00+00:00
TOPEHTU4DRWWZGTU,72900,erp:price_confirmation_sim_2026-09,2026-09-01T09:00:00+00:00
SHTEAZU6Z6Q7UTSP,49900,erp:price_confirmation_sim_2026-09,2026-09-01T09:00:00+00:00
SNDDQYT6Y4FTMDDP,69900,erp:price_confirmation_sim_2026-09,2026-09-01T09:00:00+00:00
TOPEG3ZFYPPG9HZM,34900,erp:price_confirmation_sim_2026-09,2026-09-01T09:00:00+00:00
CAPEDVMZBGHQWV9Z,99900,erp:price_confirmation_sim_2026-09,2026-09-01T09:00:00+00:00
NKCDWHFQSCHHYZMP,49900,erp:price_confirmation_sim_2026-09,2026-09-01T09:00:00+00:00
SNRE6RN4WM64VEVP,173000,erp:price_confirmation_sim_2026-09,2026-09-01T09:00:00+00:00
TSHE9HNXUMRYS4RY,49900,erp:price_confirmation_sim_2026-09,2026-09-01T09:00:00+00:00
SHTEYQHGTAC7HVF5,49900,erp:price_confirmation_sim_2026-09,2026-09-01T09:00:00+00:00
BBAE8BXAWZGNBJUS,99900,erp:price_confirmation_sim_2026-09,2026-09-01T09:00:00+00:00
STIE6Q5UZBVBPZZZ,22400,erp:price_confirmation_sim_2026-09,2026-09-01T09:00:00+00:00
NKCEBFWTWTBZAJKH,42500,erp:price_confirmation_sim_2026-09,2026-09-01T09:00:00+00:00
ACCEGGXEBPFGCDPQ,59900,erp:price_confirmation_sim_2026-09,2026-09-01T09:00:00+00:00
WATDZ2ZQT4ZNRHPU,99900,erp:price_confirmation_sim_2026-09,2026-09-01T09:00:00+00:00
TSHE7JZRCXZFMD2B,69900,erp:price_confirmation_sim_2026-09,2026-09-01T09:00:00+00:00
SWSE36FPYKT5QHTM,107500,erp:price_confirmation_sim_2026-09,2026-09-01T09:00:00+00:00
BRAE5VAWPKE5WV8M,23500,erp:price_confirmation_sim_2026-09,2026-09-01T09:00:00+00:00
NKCE8RB5ZXQ4HGGZ,40500,erp:price_confirmation_sim_2026-09,2026-09-01T09:00:00+00:00
TWCEBZZUUZS54TFU,15900,erp:price_confirmation_sim_2026-09,2026-09-01T09:00:00+00:00
TSHECJAYYZPBAQ6Z,39000,erp:price_confirmation_sim_2026-09,2026-09-01T09:00:00+00:00
DREE33UPZYSYERHX,69900,erp:price_confirmation_sim_2026-09,2026-09-01T09:00:00+00:00
PYJEJY5ZFUMTXEHR,39900,erp:price_confirmation_sim_2026-09,2026-09-01T09:00:00+00:00
KRTEEG6THBN2GCJN,49900,erp:price_confirmation_sim_2026-09,2026-09-01T09:00:00+00:00
RNGEDAK7ZFFEYTA3,2347500,erp:price_confirmation_sim_2026-09,2026-09-01T09:00:00+00:00
SNDE7XBNDYY8EWFY,74900,erp:price_confirmation_sim_2026-09,2026-09-01T09:00:00+00:00
SNDE3TJT5MNHBFJB,49900,erp:price_confirmation_sim_2026-09,2026-09-01T09:00:00+00:00
NKCEBHGBFEVC2ABB,26900,erp:price_confirmation_sim_2026-09,2026-09-01T09:00:00+00:00
NKCEYUVR3MHTVGGJ,24900,erp:price_confirmation_sim_2026-09,2026-09-01T09:00:00+00:00
CRNEE84JNEVAWBJH,133200,erp:price_confirmation_sim_2026-09,2026-09-01T09:00:00+00:00
SHOE2ZNGYDECUGNG,124900,erp:price_confirmation_sim_2026-09,2026-09-01T09:00:00+00:00
ACCE7JHZ5J7GZQUH,29500,erp:price_confirmation_sim_2026-09,2026-09-01T09:00:00+00:00
LJGE8NS8AREHGTGE,36900,erp:price_confirmation_sim_2026-09,2026-09-01T09:00:00+00:00
TSHEDN7F5NN5A6RQ,49900,erp:price_confirmation_sim_2026-09,2026-09-01T09:00:00+00:00
NKCEBUG2XMBRJDGV,43100,erp:price_confirmation_sim_2026-09,2026-09-01T09:00:00+00:00
SHOE9T33EJDNTZ68,34900,erp:price_confirmation_sim_2026-09,2026-09-01T09:00:00+00:00
BRAEBUHTPZGHB6HG,44900,erp:price_confirmation_sim_2026-09,2026-09-01T09:00:00+00:00
DREEH7YJQESC9GMV,139900,erp:price_confirmation_sim_2026-09,2026-09-01T09:00:00+00:00
BLAEEABZURNYJTGC,120000,erp:price_confirmation_sim_2026-09,2026-09-01T09:00:00+00:00
CRTECN2QUCSMF4SX,138000,erp:price_confirmation_sim_2026-09,2026-09-01T09:00:00+00:00
SHTE6HYNUVRP8YAH,49900,erp:price_confirmation_sim_2026-09,2026-09-01T09:00:00+00:00
SUDEGVGYPKQSBP8T,89900,erp:price_confirmation_sim_2026-09,2026-09-01T09:00:00+00:00
AIREDJCGZN2HKZHJ,24500,erp:price_confirmation_sim_2026-09,2026-09-01T09:00:00+00:00
CAPE2ZGGQ56T9HGZ,69900,erp:price_confirmation_sim_2026-09,2026-09-01T09:00:00+00:00
TOPE9QQC8FQCKATQ,45000,erp:price_confirmation_sim_2026-09,2026-09-01T09:00:00+00:00
PCSEEFZXJ8TG6RNP,25000,erp:price_confirmation_sim_2026-09,2026-09-01T09:00:00+00:00
BRAE74BRYKNFVGQE,24900,erp:price_confirmation_sim_2026-09,2026-09-01T09:00:00+00:00
SGLEJCHSWBMHVVNG,18000,erp:price_confirmation_sim_2026-09,2026-09-01T09:00:00+00:00
SGLEGBV7SWPSNVWW,49900,erp:price_confirmation_sim_2026-09,2026-09-01T09:00:00+00:00
JWSEEBGDNZU5WBYY,82900,erp:price_confirmation_sim_2026-09,2026-09-01T09:00:00+00:00
MUGE5HG8G63YKHFB,17500,erp:price_confirmation_sim_2026-09,2026-09-01T09:00:00+00:00
CTTEH9FXKU37EKNY,44800,erp:price_confirmation_sim_2026-09,2026-09-01T09:00:00+00:00
WATEB3ZEPX4XYBHG,24400,erp:price_confirmation_sim_2026-09,2026-09-01T09:00:00+00:00
TSHE9U64WFF82YHU,59900,erp:price_confirmation_sim_2026-09,2026-09-01T09:00:00+00:00
NKCECNPWFDY8TDZZ,40300,erp:price_confirmation_sim_2026-09,2026-09-01T09:00:00+00:00
TUNE9EW7STRYPZAH,72100,erp:price_confirmation_sim_2026-09,2026-09-01T09:00:00+00:00
ACCE9Z2HGMZJEDMC,59900,erp:price_confirmation_sim_2026-09,2026-09-01T09:00:00+00:00
CRTECN2QZCKDYCTG,159900,erp:price_confirmation_sim_2026-09,2026-09-01T09:00:00+00:00
BTWEDXPFKGYUKKNG,61900,erp:price_confirmation_sim_2026-09,2026-09-01T09:00:00+00:00
SHIE9YDJP6JVWDFK,148000,erp:price_confirmation_sim_2026-09,2026-09-01T09:00:00+00:00
BRAEDSKCJJUEVC6B,22500,erp:price_confirmation_sim_2026-09,2026-09-01T09:00:00+00:00
PTLEHK3XG2WWESAY,99900,erp:price_confirmation_sim_2026-09,2026-09-01T09:00:00+00:00
MGVEFZH2RNHS9GB6,39900,erp:price_confirmation_sim_2026-09,2026-09-01T09:00:00+00:00
TSHEFJFZCGXRYC9X,47800,erp:price_confirmation_sim_2026-09,2026-09-01T09:00:00+00:00
SGLE6MVKC8GWKYCF,24900,erp:price_confirmation_sim_2026-09,2026-09-01T09:00:00+00:00
BRAEAW9MMDZAXGN5,30900,erp:price_confirmation_sim_2026-09,2026-09-01T09:00:00+00:00
CRTECN2RCNAMYX2E,138000,erp:price_confirmation_sim_2026-09,2026-09-01T09:00:00+00:00
SHODUMFYM8ZHSJBG,262100,erp:price_confirmation_sim_2026-09,2026-09-01T09:00:00+00:00
SFFEHQVASF8FGSD7,17900,erp:price_confirmation_sim_2026-09,2026-09-01T09:00:00+00:00
NKCE5MEFXGSS6G6U,30000,erp:price_confirmation_sim_2026-09,2026-09-01T09:00:00+00:00
LSKEBQ8T4BJMATMX,129900,erp:price_confirmation_sim_2026-09,2026-09-01T09:00:00+00:00
STIEGGF6DZHYPYK4,14900,erp:price_confirmation_sim_2026-09,2026-09-01T09:00:00+00:00
JEAEBY6FBXQZJBJC,34900,erp:price_confirmation_sim_2026-09,2026-09-01T09:00:00+00:00
FAFEG28USUGC5XSE,39900,erp:price_confirmation_sim_2026-09,2026-09-01T09:00:00+00:00
SHOED5DC2GSMQMHU,239500,erp:price_confirmation_sim_2026-09,2026-09-01T09:00:00+00:00
CRTECN2QTUGVFTJ8,135000,erp:price_confirmation_sim_2026-09,2026-09-01T09:00:00+00:00
NKCEYUVRC28U5CEK,27900,erp:price_confirmation_sim_2026-09,2026-09-01T09:00:00+00:00
NKCE9Z2JYUYZ2JZ3,29900,erp:price_confirmation_sim_2026-09,2026-09-01T09:00:00+00:00
TIEEE8H9UBYCPHAP,24900,erp:price_confirmation_sim_2026-09,2026-09-01T09:00:00+00:00
ERGDSBBCWXDACJWX,17400,erp:price_confirmation_sim_2026-09,2026-09-01T09:00:00+00:00
NKCECHHZSUD4KNZF,47900,erp:price_confirmation_sim_2026-09,2026-09-01T09:00:00+00:00
TSHE5QNTU9KTHKY7,34900,erp:price_confirmation_sim_2026-09,2026-09-01T09:00:00+00:00
DREE2HZSZGGGFS4M,74900,erp:price_confirmation_sim_2026-09,2026-09-01T09:00:00+00:00
CBKEBVA8THHJYWRF,28500,erp:price_confirmation_sim_2026-09,2026-09-01T09:00:00+00:00
BRAE3TSHZCY2FJZY,13900,erp:price_confirmation_sim_2026-09,2026-09-01T09:00:00+00:00
MUGEAGGKTQPXHFGA,19900,erp:price_confirmation_sim_2026-09,2026-09-01T09:00:00+00:00
BBAE8M4XNFPWUVAF,50000,erp:price_confirmation_sim_2026-09,2026-09-01T09:00:00+00:00
ACCDXB99KXMDEEFQ,149900,erp:price_confirmation_sim_2026-09,2026-09-01T09:00:00+00:00
CRGE5D38Y762HXPE,139900,erp:price_confirmation_sim_2026-09,2026-09-01T09:00:00+00:00
RNGDQSVDZEPAGZSN,2992700,erp:price_confirmation_sim_2026-09,2026-09-01T09:00:00+00:00
SHIECSRFZCQRERTJ,58000,erp:price_confirmation_sim_2026-09,2026-09-01T09:00:00+00:00
SHIEBZ65HHFJFBYG,229900,erp:price_confirmation_sim_2026-09,2026-09-01T09:00:00+00:00
TOPECE5DGBQNGHJ9,250000,erp:price_confirmation_sim_2026-09,2026-09-01T09:00:00+00:00
ACCEAC4QCAYJDCFS,168500,erp:price_confirmation_sim_2026-09,2026-09-01T09:00:00+00:00
ERGDYDU2Z8JHKKRJ,29900,erp:price_confirmation_sim_2026-09,2026-09-01T09:00:00+00:00
BZREHY5S4DCBDFGE,500000,erp:price_confirmation_sim_2026-09,2026-09-01T09:00:00+00:00
RNGEDAK7ZHEZDHEH,2262800,erp:price_confirmation_sim_2026-09,2026-09-01T09:00:00+00:00
TOPE7ZHZCACAVAJK,110000,erp:price_confirmation_sim_2026-09,2026-09-01T09:00:00+00:00
RNGEBTJCXWHKHXUY,3396600,erp:price_confirmation_sim_2026-09,2026-09-01T09:00:00+00:00
SHTEB2U2GF3A5FC7,32400,erp:price_confirmation_sim_2026-09,2026-09-01T09:00:00+00:00
SOFECYFAGGVMMWS7,7020000,erp:price_confirmation_sim_2026-09,2026-09-01T09:00:00+00:00
DREE9ZY9WZXZTDVD,64900,erp:price_confirmation_sim_2026-09,2026-09-01T09:00:00+00:00
BEMEE8Y8YEHRZ9WW,1166800,erp:price_confirmation_sim_2026-09,2026-09-01T09:00:00+00:00
TSHEGACT88RHQJGD,69900,erp:price_confirmation_sim_2026-09,2026-09-01T09:00:00+00:00
BRAEBBMQZUG8NQ9N,34900,erp:price_confirmation_sim_2026-09,2026-09-01T09:00:00+00:00
RNGE87FCBK6ZAZYZ,4226200,erp:price_confirmation_sim_2026-09,2026-09-01T09:00:00+00:00
ACCE9Z2HEPHDQDJG,59900,erp:price_confirmation_sim_2026-09,2026-09-01T09:00:00+00:00
BRAEDVX7X6EYZSWH,34900,erp:price_confirmation_sim_2026-09,2026-09-01T09:00:00+00:00
ACCEAHRF2C8HJ3PH,69900,erp:price_confirmation_sim_2026-09,2026-09-01T09:00:00+00:00
TBHEH9SRRQMWHXMD,29000,erp:price_confirmation_sim_2026-09,2026-09-01T09:00:00+00:00
TSHE993RV7GCHHFU,49900,erp:price_confirmation_sim_2026-09,2026-09-01T09:00:00+00:00
TSHE5QUQESZ6XHVR,34900,erp:price_confirmation_sim_2026-09,2026-09-01T09:00:00+00:00
SHTDXGKKYNYSGKKK,49400,erp:price_confirmation_sim_2026-09,2026-09-01T09:00:00+00:00
DREEAF9GGGUTKHXQ,75700,erp:price_confirmation_sim_2026-09,2026-09-01T09:00:00+00:00
SHOE6DVYGT9ZHBUY,119900,erp:price_confirmation_sim_2026-09,2026-09-01T09:00:00+00:00
TSHE993ZCTZGT5P4,59900,erp:price_confirmation_sim_2026-09,2026-09-01T09:00:00+00:00
SHIEHZSPHYJF494X,99900,erp:price_confirmation_sim_2026-09,2026-09-01T09:00:00+00:00
SNDE2RSFZ7Y3G7Y8,29900,erp:price_confirmation_sim_2026-09,2026-09-01T09:00:00+00:00
TSHE5NYHUMXRYSEP,71800,erp:price_confirmation_sim_2026-09,2026-09-01T09:00:00+00:00
ACCEA4CAG7K4BFQZ,59900,erp:price_confirmation_sim_2026-09,2026-09-01T09:00:00+00:00
NKCDYPDS8THDBS7K,29900,erp:price_confirmation_sim_2026-09,2026-09-01T09:00:00+00:00
SWSEJFF7HZU5ZCQZ,74800,erp:price_confirmation_sim_2026-09,2026-09-01T09:00:00+00:00
NKCE6WUX8GDWXJCY,24900,erp:price_confirmation_sim_2026-09,2026-09-01T09:00:00+00:00
ACCE9Z4KNHWWPUPK,59900,erp:price_confirmation_sim_2026-09,2026-09-01T09:00:00+00:00
MUGEACY8Z8Y3EDRZ,29900,erp:price_confirmation_sim_2026-09,2026-09-01T09:00:00+00:00
SHOEJUQGGZQPCVYE,174000,erp:price_confirmation_sim_2026-09,2026-09-01T09:00:00+00:00
SHOEY7HYSEZJQMMY,99900,erp:price_confirmation_sim_2026-09,2026-09-01T09:00:00+00:00
CRNEE84JAMEZYWWD,133200,erp:price_confirmation_sim_2026-09,2026-09-01T09:00:00+00:00
ACCE9Z4K5FC8AH4U,59900,erp:price_confirmation_sim_2026-09,2026-09-01T09:00:00+00:00
TSHE79CKEAV39QEY,69900,erp:price_confirmation_sim_2026-09,2026-09-01T09:00:00+00:00
DREEFYYF6CJDADMW,72400,erp:price_confirmation_sim_2026-09,2026-09-01T09:00:00+00:00
DREEBCF89BPFGHGD,74900,erp:price_confirmation_sim_2026-09,2026-09-01T09:00:00+00:00
NKCE6SR4GUG326DS,35100,erp:price_confirmation_sim_2026-09,2026-09-01T09:00:00+00:00
TSHECHFVV3F5FHK2,89900,erp:price_confirmation_sim_2026-09,2026-09-01T09:00:00+00:00
PASE4CYWFKNMWMTZ,190000,erp:price_confirmation_sim_2026-09,2026-09-01T09:00:00+00:00
TOPE9Q37AVTVDVFJ,159900,erp:price_confirmation_sim_2026-09,2026-09-01T09:00:00+00:00
ACCDVHJPHBYXJDPC,149900,erp:price_confirmation_sim_2026-09,2026-09-01T09:00:00+00:00
JEAECN2QK92QMAXJ,529900,erp:price_confirmation_sim_2026-09,2026-09-01T09:00:00+00:00
CRNEJB4NE9FYSGBR,47500,erp:price_confirmation_sim_2026-09,2026-09-01T09:00:00+00:00
CPCECJPCXYCG5XTY,44900,erp:price_confirmation_sim_2026-09,2026-09-01T09:00:00+00:00
SHTE4CNCZFG7WZMT,38700,erp:price_confirmation_sim_2026-09,2026-09-01T09:00:00+00:00
BTWE7T3W9VYRKYAF,105200,erp:price_confirmation_sim_2026-09,2026-09-01T09:00:00+00:00
BRAE8QNFXPTNHXKB,29900,erp:price_confirmation_sim_2026-09,2026-09-01T09:00:00+00:00
SHOECSWQCEZRR82X,59900,erp:price_confirmation_sim_2026-09,2026-09-01T09:00:00+00:00
TGTE9YQ6FSDDPPHE,15000,erp:price_confirmation_sim_2026-09,2026-09-01T09:00:00+00:00
RCLEJFTMA5ZFSSEU,39900,erp:price_confirmation_sim_2026-09,2026-09-01T09:00:00+00:00
BBAECRF7EH8TVRCD,47000,erp:price_confirmation_sim_2026-09,2026-09-01T09:00:00+00:00
SKTDDA4YREGBZDP3,170400,erp:price_confirmation_sim_2026-09,2026-09-01T09:00:00+00:00
SCHE3Z7QSNH783YG,81000,erp:price_confirmation_sim_2026-09,2026-09-01T09:00:00+00:00
TSHEJB9HBUSJ6EZM,29900,erp:price_confirmation_sim_2026-09,2026-09-01T09:00:00+00:00
JCKEFJRCGHXDAHUJ,175000,erp:price_confirmation_sim_2026-09,2026-09-01T09:00:00+00:00
TSHE9K9GCGK6GRB5,29900,erp:price_confirmation_sim_2026-09,2026-09-01T09:00:00+00:00
LACEGEZDHWHZ7Z4W,32900,erp:price_confirmation_sim_2026-09,2026-09-01T09:00:00+00:00
SHOEBYY4ZDWGQGEW,239900,erp:price_confirmation_sim_2026-09,2026-09-01T09:00:00+00:00
PCSEC86VQBYAG5YA,39900,erp:price_confirmation_sim_2026-09,2026-09-01T09:00:00+00:00
BDSEGCYH59Z8HXRR,39900,erp:price_confirmation_sim_2026-09,2026-09-01T09:00:00+00:00
BKPECS6HJVHHBKBC,59900,erp:price_confirmation_sim_2026-09,2026-09-01T09:00:00+00:00
SWSEEF4TZZJE5VNY,119900,erp:price_confirmation_sim_2026-09,2026-09-01T09:00:00+00:00
BBAEFJG7UGAAHW5Q,39900,erp:price_confirmation_sim_2026-09,2026-09-01T09:00:00+00:00
TSHE6KZZQ7BGSSQE,49900,erp:price_confirmation_sim_2026-09,2026-09-01T09:00:00+00:00
WATEAGMMZDVEQGU2,19900,erp:price_confirmation_sim_2026-09,2026-09-01T09:00:00+00:00
BBAEBFYNTJ2HSH7K,49900,erp:price_confirmation_sim_2026-09,2026-09-01T09:00:00+00:00
SHTE69H6ZETVKJGG,49900,erp:price_confirmation_sim_2026-09,2026-09-01T09:00:00+00:00
BLAEEAAWGKXCXJHX,135000,erp:price_confirmation_sim_2026-09,2026-09-01T09:00:00+00:00
TSHE4YJMZHNXAG4C,39800,erp:price_confirmation_sim_2026-09,2026-09-01T09:00:00+00:00
ACCDAHV9MAHKZGZP,170000,erp:price_confirmation_sim_2026-09,2026-09-01T09:00:00+00:00
RNGEHFDYHVSR3SMH,39900,erp:price_confirmation_sim_2026-09,2026-09-01T09:00:00+00:00
TROEAYF4WUFFXDEH,119900,erp:price_confirmation_sim_2026-09,2026-09-01T09:00:00+00:00
KRTEJ8EWCZNMX9YM,63000,erp:price_confirmation_sim_2026-09,2026-09-01T09:00:00+00:00
DREE6ZCHWDWFWGGS,74900,erp:price_confirmation_sim_2026-09,2026-09-01T09:00:00+00:00
BBAEGFCTGA8BCDTA,234000,erp:price_confirmation_sim_2026-09,2026-09-01T09:00:00+00:00
SHTEYE998X2JFGDE,47900,erp:price_confirmation_sim_2026-09,2026-09-01T09:00:00+00:00
TOPEAN43YRRX5X5G,65900,erp:price_confirmation_sim_2026-09,2026-09-01T09:00:00+00:00
ACCEHR4HMGHFRQAC,99900,erp:price_confirmation_sim_2026-09,2026-09-01T09:00:00+00:00
JEAEGE5FAM35DZFD,139900,erp:price_confirmation_sim_2026-09,2026-09-01T09:00:00+00:00
DREEFJ44SMEHZZFV,66100,erp:price_confirmation_sim_2026-09,2026-09-01T09:00:00+00:00
SKTE8HA22ZZZ2DDH,450000,erp:price_confirmation_sim_2026-09,2026-09-01T09:00:00+00:00
ACCDSY8EDTGSEZD5,351500,erp:price_confirmation_sim_2026-09,2026-09-01T09:00:00+00:00
KTAEJJCGNBEVSDFZ,79900,erp:price_confirmation_sim_2026-09,2026-09-01T09:00:00+00:00
BRAE6FWNYYKS3JHM,29000,erp:price_confirmation_sim_2026-09,2026-09-01T09:00:00+00:00
RNGE88FRA9DMA4UZ,3376100,erp:price_confirmation_sim_2026-09,2026-09-01T09:00:00+00:00
TOPEGBSUC8JDVQVY,46900,erp:price_confirmation_sim_2026-09,2026-09-01T09:00:00+00:00
SHOE4CJXZ28HE7EH,49900,erp:price_confirmation_sim_2026-09,2026-09-01T09:00:00+00:00
ACCEEV5UV5NV4PKZ,11629200,erp:price_confirmation_sim_2026-09,2026-09-01T09:00:00+00:00
NKCE6SR4GUVUYSTE,36900,erp:price_confirmation_sim_2026-09,2026-09-01T09:00:00+00:00
JCKEDVZMPH4R7FNN,174900,erp:price_confirmation_sim_2026-09,2026-09-01T09:00:00+00:00
SHOEFHKHHVGZQ9FY,279500,erp:price_confirmation_sim_2026-09,2026-09-01T09:00:00+00:00
ACCE9DJUHVKYQ2ZD,168500,erp:price_confirmation_sim_2026-09,2026-09-01T09:00:00+00:00
SNDE6K6WFAKHARPF,34900,erp:price_confirmation_sim_2026-09,2026-09-01T09:00:00+00:00
BRAED6G63H64TSXJ,41000,erp:price_confirmation_sim_2026-09,2026-09-01T09:00:00+00:00
PBXE9CVJ6G5NAQFH,15000,erp:price_confirmation_sim_2026-09,2026-09-01T09:00:00+00:00
NKCE9YFB8HY2GPRA,23900,erp:price_confirmation_sim_2026-09,2026-09-01T09:00:00+00:00
BRAECFARYPGBGYMW,29900,erp:price_confirmation_sim_2026-09,2026-09-01T09:00:00+00:00
SOFEDVYZTDGWBSMN,6840000,erp:price_confirmation_sim_2026-09,2026-09-01T09:00:00+00:00
RTRDZK8XD2H2VBAD,452700,erp:price_confirmation_sim_2026-09,2026-09-01T09:00:00+00:00
KLSEJ3VDXVKEC3VJ,37500,erp:price_confirmation_sim_2026-09,2026-09-01T09:00:00+00:00
SOFE8HPYDWP32TDZ,2028000,erp:price_confirmation_sim_2026-09,2026-09-01T09:00:00+00:00
CAGE6FYKT4NSENUS,32800,erp:price_confirmation_sim_2026-09,2026-09-01T09:00:00+00:00
PPMEAGHHRXZ7F9HM,24900,erp:price_confirmation_sim_2026-09,2026-09-01T09:00:00+00:00
BBAE7SSNKUZPRZNU,340000,erp:price_confirmation_sim_2026-09,2026-09-01T09:00:00+00:00
WATE34FM4B65YDDE,99500,erp:price_confirmation_sim_2026-09,2026-09-01T09:00:00+00:00
LFHEGUEKWKFG2J8G,19900,erp:price_confirmation_sim_2026-09,2026-09-01T09:00:00+00:00
NKCEA5FH9ZB34DEE,24900,erp:price_confirmation_sim_2026-09,2026-09-01T09:00:00+00:00
JWSDZJB8HVH2GXQ7,72000,erp:price_confirmation_sim_2026-09,2026-09-01T09:00:00+00:00
PBLEGVWG7J9JGA7S,26000,erp:price_confirmation_sim_2026-09,2026-09-01T09:00:00+00:00
CRNEDAKFTTSGFWFP,44900,erp:price_confirmation_sim_2026-09,2026-09-01T09:00:00+00:00
CAGEAFDBEJY56XSE,37900,erp:price_confirmation_sim_2026-09,2026-09-01T09:00:00+00:00
ACCEGKTS5S53KQVD,29700,erp:price_confirmation_sim_2026-09,2026-09-01T09:00:00+00:00
NKCE2RPCEMFCSMB5,39900,erp:price_confirmation_sim_2026-09,2026-09-01T09:00:00+00:00
JEAEGGED554UU4NE,48000,erp:price_confirmation_sim_2026-09,2026-09-01T09:00:00+00:00
SHTE7F94PHHRSDZG,39900,erp:price_confirmation_sim_2026-09,2026-09-01T09:00:00+00:00
STIEBU65QZPKCVVU,156900,erp:price_confirmation_sim_2026-09,2026-09-01T09:00:00+00:00
TSHE7AX3XQVJHY8J,69900,erp:price_confirmation_sim_2026-09,2026-09-01T09:00:00+00:00
SHMECRHEWBVR3PQE,30900,erp:price_confirmation_sim_2026-09,2026-09-01T09:00:00+00:00
TLSEHUFDYMAWZ8AV,64900,erp:price_confirmation_sim_2026-09,2026-09-01T09:00:00+00:00
NKCE5QSZTMRJQJ2H,29900,erp:price_confirmation_sim_2026-09,2026-09-01T09:00:00+00:00
BBAEE7XMHPFPVGUA,19900,erp:price_confirmation_sim_2026-09,2026-09-01T09:00:00+00:00
MNGEJHG7EJQRYA5Z,65000,erp:price_confirmation_sim_2026-09,2026-09-01T09:00:00+00:00
TSHE2MEYXTHGZWE9,39900,erp:price_confirmation_sim_2026-09,2026-09-01T09:00:00+00:00
CRTECN2QTWZHNKN2,159900,erp:price_confirmation_sim_2026-09,2026-09-01T09:00:00+00:00
PTGEGUZFRVHMXTFH,578000,erp:price_confirmation_sim_2026-09,2026-09-01T09:00:00+00:00
SLBEAJZT8RVCKNMG,43300,erp:price_confirmation_sim_2026-09,2026-09-01T09:00:00+00:00
USGEDDUFFUEEDZAV,24900,erp:price_confirmation_sim_2026-09,2026-09-01T09:00:00+00:00
SHTEBYMYFM22MGZB,98000,erp:price_confirmation_sim_2026-09,2026-09-01T09:00:00+00:00
BRAEDSKC3YRYJZCR,22500,erp:price_confirmation_sim_2026-09,2026-09-01T09:00:00+00:00
CBKEBVA8GARHH3QM,30000,erp:price_confirmation_sim_2026-09,2026-09-01T09:00:00+00:00
BRAEBUHTHHJDHGHE,44900,erp:price_confirmation_sim_2026-09,2026-09-01T09:00:00+00:00
CRTECYY4GWBEETBG,339900,erp:price_confirmation_sim_2026-09,2026-09-01T09:00:00+00:00
ACCE54YZ3PUHU2RM,129900,erp:price_confirmation_sim_2026-09,2026-09-01T09:00:00+00:00
DREE6UDPXFYZMHGX,77800,erp:price_confirmation_sim_2026-09,2026-09-01T09:00:00+00:00
NKCE8Z4N8DHRXGZE,36900,erp:price_confirmation_sim_2026-09,2026-09-01T09:00:00+00:00
SHOEYGK5AYYBVXKH,135900,erp:price_confirmation_sim_2026-09,2026-09-01T09:00:00+00:00
JEAE6SRJARFVMSJS,229900,erp:price_confirmation_sim_2026-09,2026-09-01T09:00:00+00:00
NKCEDCT9963RUGNN,39900,erp:price_confirmation_sim_2026-09,2026-09-01T09:00:00+00:00
ACCE9DJZZBFBGZBZ,168500,erp:price_confirmation_sim_2026-09,2026-09-01T09:00:00+00:00
LJGE4YPSH5NK3GMY,39700,erp:price_confirmation_sim_2026-09,2026-09-01T09:00:00+00:00
SHIEB85ZRAUWMFTT,489000,erp:price_confirmation_sim_2026-09,2026-09-01T09:00:00+00:00
PANEGYX2Z7KEPTPA,19900,erp:price_confirmation_sim_2026-09,2026-09-01T09:00:00+00:00
BLADZ9CWEWMBEQZN,98400,erp:price_confirmation_sim_2026-09,2026-09-01T09:00:00+00:00
CBKEBVA88HURBNHA,28500,erp:price_confirmation_sim_2026-09,2026-09-01T09:00:00+00:00
JCKEDGHEZPXRVFAH,279900,erp:price_confirmation_sim_2026-09,2026-09-01T09:00:00+00:00
JEAE9PP49AH6PQCW,181200,erp:price_confirmation_sim_2026-09,2026-09-01T09:00:00+00:00
NKCE5U69RBZRVJCQ,39900,erp:price_confirmation_sim_2026-09,2026-09-01T09:00:00+00:00
SHTE95RB6PQEEFDN,40400,erp:price_confirmation_sim_2026-09,2026-09-01T09:00:00+00:00
CRNEJCC5YHEWAQ7B,103900,erp:price_confirmation_sim_2026-09,2026-09-01T09:00:00+00:00
NKCDXEGW2ZEPHDEE,38000,erp:price_confirmation_sim_2026-09,2026-09-01T09:00:00+00:00
KRTE8BZKVAMNDPRZ,69900,erp:price_confirmation_sim_2026-09,2026-09-01T09:00:00+00:00
PCSE6X3YHYFEYXHJ,159900,erp:price_confirmation_sim_2026-09,2026-09-01T09:00:00+00:00
SHIEBZB4D4GDYYRS,1140000,erp:price_confirmation_sim_2026-09,2026-09-01T09:00:00+00:00
SHTEDZY5RMB5ZZVG,49900,erp:price_confirmation_sim_2026-09,2026-09-01T09:00:00+00:00
SHOE8KP4W9XCN3FJ,89900,erp:price_confirmation_sim_2026-09,2026-09-01T09:00:00+00:00
ACCE9DJS9XRHM8T2,168500,erp:price_confirmation_sim_2026-09,2026-09-01T09:00:00+00:00
SHTE4765YBYEHH3Z,29900,erp:price_confirmation_sim_2026-09,2026-09-01T09:00:00+00:00
RCLEYW4QPRG4DMJU,26900,erp:price_confirmation_sim_2026-09,2026-09-01T09:00:00+00:00
CAGE7UCEDBWHWF48,34900,erp:price_confirmation_sim_2026-09,2026-09-01T09:00:00+00:00
SKIECBN3VHVYAGKN,49900,erp:price_confirmation_sim_2026-09,2026-09-01T09:00:00+00:00
NKCEANMPZYMHYEA3,23900,erp:price_confirmation_sim_2026-09,2026-09-01T09:00:00+00:00
BIBEJCBYSWXBFFJ9,237600,erp:price_confirmation_sim_2026-09,2026-09-01T09:00:00+00:00
CRTECN2QUZBANWHU,159900,erp:price_confirmation_sim_2026-09,2026-09-01T09:00:00+00:00
WATE9ZYZRREUHQN4,89900,erp:price_confirmation_sim_2026-09,2026-09-01T09:00:00+00:00
SHOECCBJ3HGJUTEJ,44900,erp:price_confirmation_sim_2026-09,2026-09-01T09:00:00+00:00
JCKEE7ZKPDVVEJ8T,129900,erp:price_confirmation_sim_2026-09,2026-09-01T09:00:00+00:00
ACCDZKG4GUTXGYQZ,39000,erp:price_confirmation_sim_2026-09,2026-09-01T09:00:00+00:00
PBXE87SPZTGXRXBH,27500,erp:price_confirmation_sim_2026-09,2026-09-01T09:00:00+00:00
TOPE8DPRZK96BY25,59900,erp:price_confirmation_sim_2026-09,2026-09-01T09:00:00+00:00
MUGE9HRRGGXQ8XUN,17500,erp:price_confirmation_sim_2026-09,2026-09-01T09:00:00+00:00
NKCE64Z4VZXKHB4E,40900,erp:price_confirmation_sim_2026-09,2026-09-01T09:00:00+00:00
PELEY8SBSDZWABHK,279900,erp:price_confirmation_sim_2026-09,2026-09-01T09:00:00+00:00
CPCEJMM7HWCNNGBR,39900,erp:price_confirmation_sim_2026-09,2026-09-01T09:00:00+00:00
CGCEEFZSURUGRCUG,450000,erp:price_confirmation_sim_2026-09,2026-09-01T09:00:00+00:00
GKEE5ZZ34VYKVZEK,94800,erp:price_confirmation_sim_2026-09,2026-09-01T09:00:00+00:00
ACCDXH5G5BB2BGUA,24900,erp:price_confirmation_sim_2026-09,2026-09-01T09:00:00+00:00
BTWE5FQBGFYDBQFY,55000,erp:price_confirmation_sim_2026-09,2026-09-01T09:00:00+00:00
JWSE29X9EZDKQ6GV,79500,erp:price_confirmation_sim_2026-09,2026-09-01T09:00:00+00:00
SNRE3Q384VRQC2ZP,121900,erp:price_confirmation_sim_2026-09,2026-09-01T09:00:00+00:00
NKCED6EXHFFHUFEW,39900,erp:price_confirmation_sim_2026-09,2026-09-01T09:00:00+00:00
SBSDUTY7JJXG2ZNK,103800,erp:price_confirmation_sim_2026-09,2026-09-01T09:00:00+00:00
SHOECM4BZBFCRWTY,99900,erp:price_confirmation_sim_2026-09,2026-09-01T09:00:00+00:00
CAGE5H7JGQTEG4JG,30000,erp:price_confirmation_sim_2026-09,2026-09-01T09:00:00+00:00
CRTECN2QSUQYVYZY,159900,erp:price_confirmation_sim_2026-09,2026-09-01T09:00:00+00:00
BBAEFJG7Z8CHWWY2,39900,erp:price_confirmation_sim_2026-09,2026-09-01T09:00:00+00:00
TSHE967SKCRZMMHY,29900,erp:price_confirmation_sim_2026-09,2026-09-01T09:00:00+00:00
PBXE5CFUQCWNW8HM,12900,erp:price_confirmation_sim_2026-09,2026-09-01T09:00:00+00:00
SHTEA69ENTJKAXH5,49700,erp:price_confirmation_sim_2026-09,2026-09-01T09:00:00+00:00
SHOECENJFCNMF9QB,99900,erp:price_confirmation_sim_2026-09,2026-09-01T09:00:00+00:00
ERGE72PVVKHBQAQM,44500,erp:price_confirmation_sim_2026-09,2026-09-01T09:00:00+00:00
RNGEC9RHPFCGF43U,3222500,erp:price_confirmation_sim_2026-09,2026-09-01T09:00:00+00:00
SWTEAXYCE2BGBZ8Q,79900,erp:price_confirmation_sim_2026-09,2026-09-01T09:00:00+00:00
ACCDUV7ZG4KUGCUA,169900,erp:price_confirmation_sim_2026-09,2026-09-01T09:00:00+00:00
RNGE8Z3HSVHBMXCC,3166300,erp:price_confirmation_sim_2026-09,2026-09-01T09:00:00+00:00
ACCEGK9TXV3RMMXY,39900,erp:price_confirmation_sim_2026-09,2026-09-01T09:00:00+00:00
SNDEBKH7XHJFKG2H,54500,erp:price_confirmation_sim_2026-09,2026-09-01T09:00:00+00:00
SNDEEAFUVTYYXEZ6,59900,erp:price_confirmation_sim_2026-09,2026-09-01T09:00:00+00:00
STIEGHZFWR7RE3EG,29900,erp:price_confirmation_sim_2026-09,2026-09-01T09:00:00+00:00
STIE7KFGUVAGEWZG,64000,erp:price_confirmation_sim_2026-09,2026-09-01T09:00:00+00:00
PCSDY5AFPGSUPEUF,39900,erp:price_confirmation_sim_2026-09,2026-09-01T09:00:00+00:00
WATDZ5HGJGTPBEHB,99500,erp:price_confirmation_sim_2026-09,2026-09-01T09:00:00+00:00
SNDEDPHWHMF274KK,199900,erp:price_confirmation_sim_2026-09,2026-09-01T09:00:00+00:00
CRTECN2QYHSS9UXH,159900,erp:price_confirmation_sim_2026-09,2026-09-01T09:00:00+00:00
RNGEBB94WYJB94F2,4000000,erp:price_confirmation_sim_2026-09,2026-09-01T09:00:00+00:00
PBXE5SJHVBDY7PHS,8900,erp:price_confirmation_sim_2026-09,2026-09-01T09:00:00+00:00
NKCE8NHGCZETZQF4,80000,erp:price_confirmation_sim_2026-09,2026-09-01T09:00:00+00:00
CAGE9ABAW2FEMYCG,38900,erp:price_confirmation_sim_2026-09,2026-09-01T09:00:00+00:00
BLAEFKASM6ZYQ7SW,109900,erp:price_confirmation_sim_2026-09,2026-09-01T09:00:00+00:00
TMLEEVFEGZRYJTAY,49900,erp:price_confirmation_sim_2026-09,2026-09-01T09:00:00+00:00
WATEYAP38HHARJDT,99500,erp:price_confirmation_sim_2026-09,2026-09-01T09:00:00+00:00
DIADYM2VYBRSREHH,52300,erp:price_confirmation_sim_2026-09,2026-09-01T09:00:00+00:00
TOPEBABFMZ2GSC2G,149500,erp:price_confirmation_sim_2026-09,2026-09-01T09:00:00+00:00
KRTEBUHFKFMUYGEG,54900,erp:price_confirmation_sim_2026-09,2026-09-01T09:00:00+00:00
SNDE7RZF4GZGPFV6,49900,erp:price_confirmation_sim_2026-09,2026-09-01T09:00:00+00:00
TWCEAXCCG5MJVMWG,19900,erp:price_confirmation_sim_2026-09,2026-09-01T09:00:00+00:00
TSHEJHJRYXHGJVPW,64500,erp:price_confirmation_sim_2026-09,2026-09-01T09:00:00+00:00
HDNEDVWYYQG7YDHB,730800,erp:price_confirmation_sim_2026-09,2026-09-01T09:00:00+00:00
RNGEDAPWYKJJRSZY,3791200,erp:price_confirmation_sim_2026-09,2026-09-01T09:00:00+00:00
SGLEGBV8VZ4QSREY,49900,erp:price_confirmation_sim_2026-09,2026-09-01T09:00:00+00:00
ETHEG2YEBGJT8UG6,99500,erp:price_confirmation_sim_2026-09,2026-09-01T09:00:00+00:00
PBXECARAQBCDSAZW,9900,erp:price_confirmation_sim_2026-09,2026-09-01T09:00:00+00:00
RNGE7M92H9QHRKEX,2108300,erp:price_confirmation_sim_2026-09,2026-09-01T09:00:00+00:00
AVCEGCZ4WYMJJCTE,349800,erp:price_confirmation_sim_2026-09,2026-09-01T09:00:00+00:00
CRTECN2QYBMG69TE,159900,erp:price_confirmation_sim_2026-09,2026-09-01T09:00:00+00:00
PTGEGUPN4DGKNRZE,2551000,erp:price_confirmation_sim_2026-09,2026-09-01T09:00:00+00:00
MNGEJQYUARJXF9EC,29900,erp:price_confirmation_sim_2026-09,2026-09-01T09:00:00+00:00
NKCE4CSZUZWHUTFS,21000,erp:price_confirmation_sim_2026-09,2026-09-01T09:00:00+00:00
BLAEE2PMGWCZFFGG,69900,erp:price_confirmation_sim_2026-09,2026-09-01T09:00:00+00:00
WBTE6NV5KGNNHHUZ,15000,erp:price_confirmation_sim_2026-09,2026-09-01T09:00:00+00:00
MUGE9WYRNRCC5W65,14900,erp:price_confirmation_sim_2026-09,2026-09-01T09:00:00+00:00
TSHE9EZJVGGGPUP4,44900,erp:price_confirmation_sim_2026-09,2026-09-01T09:00:00+00:00
SHTE4HZWKVAZHEDA,24000,erp:price_confirmation_sim_2026-09,2026-09-01T09:00:00+00:00
ACCDX9Y3ZR9EUGXJ,149900,erp:price_confirmation_sim_2026-09,2026-09-01T09:00:00+00:00
ACCEGG9Z4QCZJZFJ,15900,erp:price_confirmation_sim_2026-09,2026-09-01T09:00:00+00:00
RNGE7M92SAQ4TPJH,2959500,erp:price_confirmation_sim_2026-09,2026-09-01T09:00:00+00:00
MUGEAGGKZSXJZXBB,19900,erp:price_confirmation_sim_2026-09,2026-09-01T09:00:00+00:00
DREEGZ7RCCF3ECJG,129900,erp:price_confirmation_sim_2026-09,2026-09-01T09:00:00+00:00
SWIEHF23HGR3ZRFG,109900,erp:price_confirmation_sim_2026-09,2026-09-01T09:00:00+00:00
BBAE8X4VNXA5SZCG,229900,erp:price_confirmation_sim_2026-09,2026-09-01T09:00:00+00:00
PACEB7GGJXVVDZFZ,14900,erp:price_confirmation_sim_2026-09,2026-09-01T09:00:00+00:00
GLSEHFRGYQHF7ZKS,26000,erp:price_confirmation_sim_2026-09,2026-09-01T09:00:00+00:00
PBXE9YWGNRD4NUTD,23000,erp:price_confirmation_sim_2026-09,2026-09-01T09:00:00+00:00
BXREGCWNHEBNY4HA,64900,erp:price_confirmation_sim_2026-09,2026-09-01T09:00:00+00:00
BRAEBBYRZKNYWP6G,41900,erp:price_confirmation_sim_2026-09,2026-09-01T09:00:00+00:00
BRAEDSGBVFHNY67Q,37900,erp:price_confirmation_sim_2026-09,2026-09-01T09:00:00+00:00
NKCEB5BVMYFMHAQH,49900,erp:price_confirmation_sim_2026-09,2026-09-01T09:00:00+00:00
TIEEEBZ6RVHN8JZG,35100,erp:price_confirmation_sim_2026-09,2026-09-01T09:00:00+00:00
SWSEF8J52UAQGMRP,34900,erp:price_confirmation_sim_2026-09,2026-09-01T09:00:00+00:00
SHIEA3GY4Q2NHPXA,399900,erp:price_confirmation_sim_2026-09,2026-09-01T09:00:00+00:00
MANEGHZGXG5DTZ6N,30000,erp:price_confirmation_sim_2026-09,2026-09-01T09:00:00+00:00
NKCE38HBJCPPYWKH,19900,erp:price_confirmation_sim_2026-09,2026-09-01T09:00:00+00:00
TSHE7AX4HHBXSGAC,69900,erp:price_confirmation_sim_2026-09,2026-09-01T09:00:00+00:00
RTRECTV9PSVC8Z9Y,91200,erp:price_confirmation_sim_2026-09,2026-09-01T09:00:00+00:00
NKCEF9GTMZD4JZW3,39900,erp:price_confirmation_sim_2026-09,2026-09-01T09:00:00+00:00
SWTECZMBGZPVRTQS,162400,erp:price_confirmation_sim_2026-09,2026-09-01T09:00:00+00:00
SHIE9FMP3RBSYMEV,554900,erp:price_confirmation_sim_2026-09,2026-09-01T09:00:00+00:00
WCKE56UCHZHJZP6B,74900,erp:price_confirmation_sim_2026-09,2026-09-01T09:00:00+00:00
BLAEAWAARSZGS9KF,241900,erp:price_confirmation_sim_2026-09,2026-09-01T09:00:00+00:00
VHREB3ZYGQYX5KHF,87300,erp:price_confirmation_sim_2026-09,2026-09-01T09:00:00+00:00
NKCE6GJ5JHFKSM6T,49900,erp:price_confirmation_sim_2026-09,2026-09-01T09:00:00+00:00
TSHECB65M2CTZGMY,39900,erp:price_confirmation_sim_2026-09,2026-09-01T09:00:00+00:00
BLBEA2D83ZJDBEX4,29500,erp:price_confirmation_sim_2026-09,2026-09-01T09:00:00+00:00
NKCE9YFBXQJTGQEZ,23900,erp:price_confirmation_sim_2026-09,2026-09-01T09:00:00+00:00
SNDEHZQ7MMN272VX,79500,erp:price_confirmation_sim_2026-09,2026-09-01T09:00:00+00:00
SRTEGWKKQABUMGFA,64900,erp:price_confirmation_sim_2026-09,2026-09-01T09:00:00+00:00
BATDCG2BN6HDVWPW,1099900,erp:price_confirmation_sim_2026-09,2026-09-01T09:00:00+00:00
SHTE9AFSB7T4QMQV,119900,erp:price_confirmation_sim_2026-09,2026-09-01T09:00:00+00:00
RNGEC8PZHP2RRXS4,2903900,erp:price_confirmation_sim_2026-09,2026-09-01T09:00:00+00:00
CLTEHE9FC9GPHNF2,129900,erp:price_confirmation_sim_2026-09,2026-09-01T09:00:00+00:00
BRAEB2S8ZJGNGKQS,39900,erp:price_confirmation_sim_2026-09,2026-09-01T09:00:00+00:00
KRTEBFRQEW73G6BA,74900,erp:price_confirmation_sim_2026-09,2026-09-01T09:00:00+00:00
BRAEA7GBCCF5TVAF,43500,erp:price_confirmation_sim_2026-09,2026-09-01T09:00:00+00:00
NKCEBFWTSMKDQZMR,47500,erp:price_confirmation_sim_2026-09,2026-09-01T09:00:00+00:00
TSHEHHHDT9ZHZGH7,51900,erp:price_confirmation_sim_2026-09,2026-09-01T09:00:00+00:00
BRAE8RSARRKPHWUY,38900,erp:price_confirmation_sim_2026-09,2026-09-01T09:00:00+00:00
SHOEJVGTSYMHYFBX,71900,erp:price_confirmation_sim_2026-09,2026-09-01T09:00:00+00:00
TSHE993QZGEZ9HVR,44900,erp:price_confirmation_sim_2026-09,2026-09-01T09:00:00+00:00
RTRDZBJ5HJUQPHUB,190000,erp:price_confirmation_sim_2026-09,2026-09-01T09:00:00+00:00
SHIEBATZ6HMJN7ZK,194000,erp:price_confirmation_sim_2026-09,2026-09-01T09:00:00+00:00
RNGEDAPSYR5YHGZG,1955900,erp:price_confirmation_sim_2026-09,2026-09-01T09:00:00+00:00
STPEJFHKSUFFNWR6,49900,erp:price_confirmation_sim_2026-09,2026-09-01T09:00:00+00:00
TOPECMKVRZJKGAYZ,89900,erp:price_confirmation_sim_2026-09,2026-09-01T09:00:00+00:00
BLAEE6KTGFDV8NGP,74900,erp:price_confirmation_sim_2026-09,2026-09-01T09:00:00+00:00
BAGE95FKJYAH9UUE,49800,erp:price_confirmation_sim_2026-09,2026-09-01T09:00:00+00:00
TSHE3YHBSTHKCYS4,79900,erp:price_confirmation_sim_2026-09,2026-09-01T09:00:00+00:00
VPAEHPYYFKG4NG39,58500,erp:price_confirmation_sim_2026-09,2026-09-01T09:00:00+00:00
DREE4DF4AD9ZZHEX,299900,erp:price_confirmation_sim_2026-09,2026-09-01T09:00:00+00:00
SHVE93ZPYYZUBBHC,19900,erp:price_confirmation_sim_2026-09,2026-09-01T09:00:00+00:00
NKCDTAXFFDCCGUY4,37100,erp:price_confirmation_sim_2026-09,2026-09-01T09:00:00+00:00
WATE26J7MSP5GPSY,95000,erp:price_confirmation_sim_2026-09,2026-09-01T09:00:00+00:00
TSHE97E6ZUG8UQYN,35900,erp:price_confirmation_sim_2026-09,2026-09-01T09:00:00+00:00
ACCEEV5V5ERYC6RN,384000,erp:price_confirmation_sim_2026-09,2026-09-01T09:00:00+00:00
STIE9F5UFETEGPVY,121600,erp:price_confirmation_sim_2026-09,2026-09-01T09:00:00+00:00
TOPE8ZAF4NMCGHR3,89900,erp:price_confirmation_sim_2026-09,2026-09-01T09:00:00+00:00
TOPE7NFYYJMKFVAR,35900,erp:price_confirmation_sim_2026-09,2026-09-01T09:00:00+00:00
RNGE7GVYTUPHQRYK,3056000,erp:price_confirmation_sim_2026-09,2026-09-01T09:00:00+00:00
BCHEG2BGWFC3SYAG,30000,erp:price_confirmation_sim_2026-09,2026-09-01T09:00:00+00:00
WATEHYW2MRNTAMHC,54900,erp:price_confirmation_sim_2026-09,2026-09-01T09:00:00+00:00
BRAEBBMQY9VZRC7G,45900,erp:price_confirmation_sim_2026-09,2026-09-01T09:00:00+00:00
BLBEB33SVEEHHYHA,33000,erp:price_confirmation_sim_2026-09,2026-09-01T09:00:00+00:00
CAGE3MWEW2FZFB9P,35900,erp:price_confirmation_sim_2026-09,2026-09-01T09:00:00+00:00
BALEDMVBJHEQRJS5,69900,erp:price_confirmation_sim_2026-09,2026-09-01T09:00:00+00:00
CBKEBVA8MKH3MG4W,29500,erp:price_confirmation_sim_2026-09,2026-09-01T09:00:00+00:00
CCVE6FQUJHNHQVNQ,59900,erp:price_confirmation_sim_2026-09,2026-09-01T09:00:00+00:00
LJGE9C9DP59WTYGD,25500,erp:price_confirmation_sim_2026-09,2026-09-01T09:00:00+00:00
SNRE5GP8YDRKNAKE,27500,erp:price_confirmation_sim_2026-09,2026-09-01T09:00:00+00:00
TROECG4WPVWPFRYZ,239400,erp:price_confirmation_sim_2026-09,2026-09-01T09:00:00+00:00
ACCDUV7ZCZZNYQ96,169900,erp:price_confirmation_sim_2026-09,2026-09-01T09:00:00+00:00
NKCE5YA9SPZ2RTBH,15000,erp:price_confirmation_sim_2026-09,2026-09-01T09:00:00+00:00
DREEAZ4HZMZ4GWJR,97300,erp:price_confirmation_sim_2026-09,2026-09-01T09:00:00+00:00
SHIEAMGZDAP7FWG5,64800,erp:price_confirmation_sim_2026-09,2026-09-01T09:00:00+00:00
JWSE9EAEJKYA9QF3,82000,erp:price_confirmation_sim_2026-09,2026-09-01T09:00:00+00:00
GSPEGXZ3YB3YBR95,36900,erp:price_confirmation_sim_2026-09,2026-09-01T09:00:00+00:00
CAGEFPY9ZSFFNVAW,37000,erp:price_confirmation_sim_2026-09,2026-09-01T09:00:00+00:00
JEAEGFMZGYXJMJ3N,61900,erp:price_confirmation_sim_2026-09,2026-09-01T09:00:00+00:00
CBKEAHJXFPYSJR5F,54600,erp:price_confirmation_sim_2026-09,2026-09-01T09:00:00+00:00
RNGE8URXBHZUZREY,2521300,erp:price_confirmation_sim_2026-09,2026-09-01T09:00:00+00:00
TWPEJY2GE44RBSEC,27900,erp:price_confirmation_sim_2026-09,2026-09-01T09:00:00+00:00
RUGEH4VHD8BTXRQD,69900,erp:price_confirmation_sim_2026-09,2026-09-01T09:00:00+00:00
NKCE6GJ5VD6BFU7X,29900,erp:price_confirmation_sim_2026-09,2026-09-01T09:00:00+00:00
SKTEC88DXZARGU8N,349900,erp:price_confirmation_sim_2026-09,2026-09-01T09:00:00+00:00
SHOEJKDT4DRYHFEN,174100,erp:price_confirmation_sim_2026-09,2026-09-01T09:00:00+00:00
ACCE9DJTN3JAJEHK,168500,erp:price_confirmation_sim_2026-09,2026-09-01T09:00:00+00:00
RTRDMNVFYZZBXT3G,455000,erp:price_confirmation_sim_2026-09,2026-09-01T09:00:00+00:00
TOPEGGA4KWAXGTG7,29900,erp:price_confirmation_sim_2026-09,2026-09-01T09:00:00+00:00
BRAE6HUHPGFHGEER,47900,erp:price_confirmation_sim_2026-09,2026-09-01T09:00:00+00:00
COAE7KYXB2GEZRDJ,19900,erp:price_confirmation_sim_2026-09,2026-09-01T09:00:00+00:00
CRTECN2QX6RSYSRG,159900,erp:price_confirmation_sim_2026-09,2026-09-01T09:00:00+00:00
LJGE8GG9PKZYPEPQ,49900,erp:price_confirmation_sim_2026-09,2026-09-01T09:00:00+00:00
BKPE6BUD33FYF36Z,59900,erp:price_confirmation_sim_2026-09,2026-09-01T09:00:00+00:00
PCSE97CPCHTJAB7M,35000,erp:price_confirmation_sim_2026-09,2026-09-01T09:00:00+00:00
CSOE88UGAKKGJWCX,47700,erp:price_confirmation_sim_2026-09,2026-09-01T09:00:00+00:00
BLAE8BUK4HQYGMPM,30500,erp:price_confirmation_sim_2026-09,2026-09-01T09:00:00+00:00
NKCE9EJKNEJR2EUG,45900,erp:price_confirmation_sim_2026-09,2026-09-01T09:00:00+00:00
SAREH72VZUZG8FSY,50000,erp:price_confirmation_sim_2026-09,2026-09-01T09:00:00+00:00
WCKE2TFYF87ZHM4T,108900,erp:price_confirmation_sim_2026-09,2026-09-01T09:00:00+00:00
SHTDZHYHDCHHTCDG,34700,erp:price_confirmation_sim_2026-09,2026-09-01T09:00:00+00:00
TSHDVZGYGGKYRVXV,71800,erp:price_confirmation_sim_2026-09,2026-09-01T09:00:00+00:00
SHTE3ZDHFJ42TPFB,39700,erp:price_confirmation_sim_2026-09,2026-09-01T09:00:00+00:00
CRNECSYF7U72GEQH,149900,erp:price_confirmation_sim_2026-09,2026-09-01T09:00:00+00:00
CPGEGVXAQUV6RF6J,310000,erp:price_confirmation_sim_2026-09,2026-09-01T09:00:00+00:00
BRAE3TSHUUUJSXXN,10900,erp:price_confirmation_sim_2026-09,2026-09-01T09:00:00+00:00
SHTEAZU6Z4AYK843,49900,erp:price_confirmation_sim_2026-09,2026-09-01T09:00:00+00:00
TSHE6UDN7AC9HDWW,71800,erp:price_confirmation_sim_2026-09,2026-09-01T09:00:00+00:00
CRTECN2RH6EVCARZ,92000,erp:price_confirmation_sim_2026-09,2026-09-01T09:00:00+00:00
RNGE7M92BFXHH5VT,1691400,erp:price_confirmation_sim_2026-09,2026-09-01T09:00:00+00:00
BTWE6HD25KATEMZQ,119900,erp:price_confirmation_sim_2026-09,2026-09-01T09:00:00+00:00
NKCE76TNPGCGMMJA,22900,erp:price_confirmation_sim_2026-09,2026-09-01T09:00:00+00:00
ACCEGUYAVVWTFTF6,44900,erp:price_confirmation_sim_2026-09,2026-09-01T09:00:00+00:00
WATE8BYH8NTPJ2ZC,29900,erp:price_confirmation_sim_2026-09,2026-09-01T09:00:00+00:00
SHOEGS9FYTFGGZ97,29900,erp:price_confirmation_sim_2026-09,2026-09-01T09:00:00+00:00
TIEEEYH59EYF8ZHG,49900,erp:price_confirmation_sim_2026-09,2026-09-01T09:00:00+00:00
RNGE7M92QYXEPXGH,3065300,erp:price_confirmation_sim_2026-09,2026-09-01T09:00:00+00:00
SHTE4G4UYTUHREDU,49900,erp:price_confirmation_sim_2026-09,2026-09-01T09:00:00+00:00
ACCEGZ6BJFUPXFEE,53900,erp:price_confirmation_sim_2026-09,2026-09-01T09:00:00+00:00
ACCE9Z4HNHFTWFEG,59900,erp:price_confirmation_sim_2026-09,2026-09-01T09:00:00+00:00
SHIE9J6ZRMDMGTF9,479500,erp:price_confirmation_sim_2026-09,2026-09-01T09:00:00+00:00
TROEJZU35HUKG8VZ,249500,erp:price_confirmation_sim_2026-09,2026-09-01T09:00:00+00:00
DREDV8HG7Z8BFFXZ,92900,erp:price_confirmation_sim_2026-09,2026-09-01T09:00:00+00:00
SHOEF9G8NSYGZW8W,99900,erp:price_confirmation_sim_2026-09,2026-09-01T09:00:00+00:00
TSHE993PXEDUUVXH,44900,erp:price_confirmation_sim_2026-09,2026-09-01T09:00:00+00:00
SNDEG7MZHHKZ58D2,49900,erp:price_confirmation_sim_2026-09,2026-09-01T09:00:00+00:00
PCSEAH5WZB8HNWEG,99900,erp:price_confirmation_sim_2026-09,2026-09-01T09:00:00+00:00
SHIE6ZSBWKWVVNB2,69900,erp:price_confirmation_sim_2026-09,2026-09-01T09:00:00+00:00
USGEE6479VWWKCZW,64900,erp:price_confirmation_sim_2026-09,2026-09-01T09:00:00+00:00
NKCEAPCYZAS9PERK,69900,erp:price_confirmation_sim_2026-09,2026-09-01T09:00:00+00:00
BKPE63NZD2SKTWZP,49900,erp:price_confirmation_sim_2026-09,2026-09-01T09:00:00+00:00
BBAEGGDE8QWHDEYB,134100,erp:price_confirmation_sim_2026-09,2026-09-01T09:00:00+00:00
PCSDY5AFPWQBABVU,40000,erp:price_confirmation_sim_2026-09,2026-09-01T09:00:00+00:00
SCHE4ZYTNQEC6YQA,44100,erp:price_confirmation_sim_2026-09,2026-09-01T09:00:00+00:00
PBXE6EF4PSJX9WXH,30000,erp:price_confirmation_sim_2026-09,2026-09-01T09:00:00+00:00
ACCEFH5CS4TR3ZGE,16400,erp:price_confirmation_sim_2026-09,2026-09-01T09:00:00+00:00
ACCE6DZC4YWVGMZH,64900,erp:price_confirmation_sim_2026-09,2026-09-01T09:00:00+00:00
ERGE8E8NXYT5QZXK,47500,erp:price_confirmation_sim_2026-09,2026-09-01T09:00:00+00:00
NKCDY8S8PH7ZAQYD,29000,erp:price_confirmation_sim_2026-09,2026-09-01T09:00:00+00:00
PEAEGBRCQMFYTPU4,265300,erp:price_confirmation_sim_2026-09,2026-09-01T09:00:00+00:00
PSUEJA2HRBPYHA6K,90000,erp:price_confirmation_sim_2026-09,2026-09-01T09:00:00+00:00
TOPEC8ANUJ92WJYZ,36700,erp:price_confirmation_sim_2026-09,2026-09-01T09:00:00+00:00
BRAEDX66GWPY6KJ9,39900,erp:price_confirmation_sim_2026-09,2026-09-01T09:00:00+00:00
TIEEEAPAZAEGD7JS,50100,erp:price_confirmation_sim_2026-09,2026-09-01T09:00:00+00:00
NKCE6YF6WEFEK9W6,22900,erp:price_confirmation_sim_2026-09,2026-09-01T09:00:00+00:00
SOCEJPT5FMWQKHV2,16900,erp:price_confirmation_sim_2026-09,2026-09-01T09:00:00+00:00
NKCE6GJ5GD7KR8KZ,29900,erp:price_confirmation_sim_2026-09,2026-09-01T09:00:00+00:00
TSHE3GHHGW5USEBF,89900,erp:price_confirmation_sim_2026-09,2026-09-01T09:00:00+00:00
ACCEGYP259YXZJ4H,26900,erp:price_confirmation_sim_2026-09,2026-09-01T09:00:00+00:00
PELEG5D2UYKEU8FQ,112500,erp:price_confirmation_sim_2026-09,2026-09-01T09:00:00+00:00
SHOE2NKQ4NXGAMYX,159900,erp:price_confirmation_sim_2026-09,2026-09-01T09:00:00+00:00
SHIEGHNCZBRTKZCR,39900,erp:price_confirmation_sim_2026-09,2026-09-01T09:00:00+00:00
BRAE3P8YWVZGNYZH,14900,erp:price_confirmation_sim_2026-09,2026-09-01T09:00:00+00:00
PTPE3KKXGM4XTGKF,104500,erp:price_confirmation_sim_2026-09,2026-09-01T09:00:00+00:00
ACCEAZCVNKDCDDRU,59900,erp:price_confirmation_sim_2026-09,2026-09-01T09:00:00+00:00
SHIE55GT7F6HYXDT,44900,erp:price_confirmation_sim_2026-09,2026-09-01T09:00:00+00:00
BALDYSJWZZZMYFHC,125000,erp:price_confirmation_sim_2026-09,2026-09-01T09:00:00+00:00
TSHE5VVMMGZC7Z2T,129900,erp:price_confirmation_sim_2026-09,2026-09-01T09:00:00+00:00
NKCE7PZPZZGDSGBE,33900,erp:price_confirmation_sim_2026-09,2026-09-01T09:00:00+00:00
MUGEAGGKHU2G6PT8,19900,erp:price_confirmation_sim_2026-09,2026-09-01T09:00:00+00:00
JWSEEBGDSHCAEQQF,64900,erp:price_confirmation_sim_2026-09,2026-09-01T09:00:00+00:00
JEAEB3UYYADANFGG,77900,erp:price_confirmation_sim_2026-09,2026-09-01T09:00:00+00:00
PBXE6XUJFPETZWF4,29900,erp:price_confirmation_sim_2026-09,2026-09-01T09:00:00+00:00
ARPEEMC95HMYAJNH,51500,erp:price_confirmation_sim_2026-09,2026-09-01T09:00:00+00:00
ACCEA4CAZNNRMUMX,59900,erp:price_confirmation_sim_2026-09,2026-09-01T09:00:00+00:00
WATDZ5HGXEYDHBWD,67500,erp:price_confirmation_sim_2026-09,2026-09-01T09:00:00+00:00
NKCE3Y5PDN4U66HC,29900,erp:price_confirmation_sim_2026-09,2026-09-01T09:00:00+00:00
NKCDU4RZGHFC9JKV,47800,erp:price_confirmation_sim_2026-09,2026-09-01T09:00:00+00:00
FAFEG28U3HTYJE7U,39900,erp:price_confirmation_sim_2026-09,2026-09-01T09:00:00+00:00
BKPEHD443RRF8PN3,24900,erp:price_confirmation_sim_2026-09,2026-09-01T09:00:00+00:00
TSHE3HHZ89EQTH5F,65900,erp:price_confirmation_sim_2026-09,2026-09-01T09:00:00+00:00
BBAEDVQFABYT2GPT,39900,erp:price_confirmation_sim_2026-09,2026-09-01T09:00:00+00:00
SHIECGFT7U8W3ZQN,54900,erp:price_confirmation_sim_2026-09,2026-09-01T09:00:00+00:00
ACCE6GFGYHEW7YRU,168500,erp:price_confirmation_sim_2026-09,2026-09-01T09:00:00+00:00
DIAEJ8FGHZ3K86JU,83700,erp:price_confirmation_sim_2026-09,2026-09-01T09:00:00+00:00
SHIE4ZNGP7YWVHEY,56000,erp:price_confirmation_sim_2026-09,2026-09-01T09:00:00+00:00
CRNEBFX57PVYZG5F,269600,erp:price_confirmation_sim_2026-09,2026-09-01T09:00:00+00:00
SNKEBYHG8W4FGBQV,65000,erp:price_confirmation_sim_2026-09,2026-09-01T09:00:00+00:00
NKCEAGXHGFZZZKBK,22900,erp:price_confirmation_sim_2026-09,2026-09-01T09:00:00+00:00
CRTECN2QSVPFJZTD,92000,erp:price_confirmation_sim_2026-09,2026-09-01T09:00:00+00:00
TOPEAFG4YEQSH5TT,24900,erp:price_confirmation_sim_2026-09,2026-09-01T09:00:00+00:00
CSPEYPK6PFEGFWRQ,23900,erp:price_confirmation_sim_2026-09,2026-09-01T09:00:00+00:00
DREEADBTNB5HX2EH,79900,erp:price_confirmation_sim_2026-09,2026-09-01T09:00:00+00:00
NKCE9G2BJ3YUK4WE,27900,erp:price_confirmation_sim_2026-09,2026-09-01T09:00:00+00:00
SHTECY54ZYGUHVDN,45000,erp:price_confirmation_sim_2026-09,2026-09-01T09:00:00+00:00
BBAEDVQEKSFKCHZB,24900,erp:price_confirmation_sim_2026-09,2026-09-01T09:00:00+00:00
CAGE8TQ8A7TPFYZN,40000,erp:price_confirmation_sim_2026-09,2026-09-01T09:00:00+00:00
DREE7FT8HF9P5HCC,94900,erp:price_confirmation_sim_2026-09,2026-09-01T09:00:00+00:00
ACCDV4GCKJQEUHZS,79900,erp:price_confirmation_sim_2026-09,2026-09-01T09:00:00+00:00
BLAE359K7HPHP3YK,84300,erp:price_confirmation_sim_2026-09,2026-09-01T09:00:00+00:00
VHRE7FUYCK5UHUPQ,59900,erp:price_confirmation_sim_2026-09,2026-09-01T09:00:00+00:00
PCSECYY4NYESZ8CP,89500,erp:price_confirmation_sim_2026-09,2026-09-01T09:00:00+00:00
TOPEC8AQCEH5KG2H,85000,erp:price_confirmation_sim_2026-09,2026-09-01T09:00:00+00:00
CAGEYFZW7F56GWZP,29500,erp:price_confirmation_sim_2026-09,2026-09-01T09:00:00+00:00
BBADSZKD5VVZXA2K,62500,erp:price_confirmation_sim_2026-09,2026-09-01T09:00:00+00:00
TSHEDJXPN4HNT2UP,59900,erp:price_confirmation_sim_2026-09,2026-09-01T09:00:00+00:00
TSHE9K9JVCZA2YKT,34900,erp:price_confirmation_sim_2026-09,2026-09-01T09:00:00+00:00
JEAEHUHKMA8EGUUU,159900,erp:price_confirmation_sim_2026-09,2026-09-01T09:00:00+00:00
SHIE4ZX45DEK8GY5,48000,erp:price_confirmation_sim_2026-09,2026-09-01T09:00:00+00:00
BBAE93ZHKUTNM94F,24900,erp:price_confirmation_sim_2026-09,2026-09-01T09:00:00+00:00
BBAE9TFD2SFE278G,40000,erp:price_confirmation_sim_2026-09,2026-09-01T09:00:00+00:00
BRAE5VAWKA95NBFY,25900,erp:price_confirmation_sim_2026-09,2026-09-01T09:00:00+00:00
NKCE5EHJRGWCKXHR,37500,erp:price_confirmation_sim_2026-09,2026-09-01T09:00:00+00:00
CAHEGE3SQCAEJE4R,49900,erp:price_confirmation_sim_2026-09,2026-09-01T09:00:00+00:00
NKCDWHFQF9DBHZVY,49900,erp:price_confirmation_sim_2026-09,2026-09-01T09:00:00+00:00
NKCE9YFCMXP7QXRN,23900,erp:price_confirmation_sim_2026-09,2026-09-01T09:00:00+00:00
SHTE4NR3Y6HT9ZVC,38900,erp:price_confirmation_sim_2026-09,2026-09-01T09:00:00+00:00
STIEGXE2ZDEDQRBA,32500,erp:price_confirmation_sim_2026-09,2026-09-01T09:00:00+00:00
WCKE26PFCXUPWWSF,74900,erp:price_confirmation_sim_2026-09,2026-09-01T09:00:00+00:00
TWCEGVM7FVHXYEJN,21100,erp:price_confirmation_sim_2026-09,2026-09-01T09:00:00+00:00
NKCE9G2AM36WW4MX,25200,erp:price_confirmation_sim_2026-09,2026-09-01T09:00:00+00:00
JEAEBXFP6JDDJYAY,84500,erp:price_confirmation_sim_2026-09,2026-09-01T09:00:00+00:00
SHOEJ9CTF3KHJD5N,159900,erp:price_confirmation_sim_2026-09,2026-09-01T09:00:00+00:00
ARPEFYZQ7PZSTFFS,72500,erp:price_confirmation_sim_2026-09,2026-09-01T09:00:00+00:00
TSHEF3Z3SKV3BNAZ,35800,erp:price_confirmation_sim_2026-09,2026-09-01T09:00:00+00:00
BRAE3Y3FFZGZFKZN,49900,erp:price_confirmation_sim_2026-09,2026-09-01T09:00:00+00:00
DREEHPHFDS9FVTDC,69900,erp:price_confirmation_sim_2026-09,2026-09-01T09:00:00+00:00
LJGE9M4V25ZBY7RX,52500,erp:price_confirmation_sim_2026-09,2026-09-01T09:00:00+00:00
SHIECVUM8WK2BCCW,50100,erp:price_confirmation_sim_2026-09,2026-09-01T09:00:00+00:00
SHTE4YFYWCGZEPHB,34900,erp:price_confirmation_sim_2026-09,2026-09-01T09:00:00+00:00
BBAE2YBXZGKGPTPU,39600,erp:price_confirmation_sim_2026-09,2026-09-01T09:00:00+00:00
GSPEGZBEE64ZGJRD,36900,erp:price_confirmation_sim_2026-09,2026-09-01T09:00:00+00:00
SHTE6YR3U69YRZPU,39900,erp:price_confirmation_sim_2026-09,2026-09-01T09:00:00+00:00
STIE7KFHUS3NNPZA,51000,erp:price_confirmation_sim_2026-09,2026-09-01T09:00:00+00:00
ACCE9Y6QYKUUS5XR,59900,erp:price_confirmation_sim_2026-09,2026-09-01T09:00:00+00:00
SHIE9Y8XB8UPYHKS,34000,erp:price_confirmation_sim_2026-09,2026-09-01T09:00:00+00:00
CRTECN2QYJDGSWPA,159900,erp:price_confirmation_sim_2026-09,2026-09-01T09:00:00+00:00
DREEYPKZ9VUXAGYU,74700,erp:price_confirmation_sim_2026-09,2026-09-01T09:00:00+00:00
PELEGTPGEMCWUGS8,55000,erp:price_confirmation_sim_2026-09,2026-09-01T09:00:00+00:00
LJGEHWDVCNNGPECS,59800,erp:price_confirmation_sim_2026-09,2026-09-01T09:00:00+00:00
DREEAM8QPT9PEAPV,76600,erp:price_confirmation_sim_2026-09,2026-09-01T09:00:00+00:00
RNGEDAKEG2DV5Y5D,1692200,erp:price_confirmation_sim_2026-09,2026-09-01T09:00:00+00:00
BWSEH2A8YSFSAZ3Z,206300,erp:price_confirmation_sim_2026-09,2026-09-01T09:00:00+00:00
JEAECN2PHAGBUNF9,529900,erp:price_confirmation_sim_2026-09,2026-09-01T09:00:00+00:00
MUGEGZUHVZ4Y85DV,25900,erp:price_confirmation_sim_2026-09,2026-09-01T09:00:00+00:00
SHTEGZ4M2DTFNYBV,80500,erp:price_confirmation_sim_2026-09,2026-09-01T09:00:00+00:00
ACBEA4498A9CBFRX,44900,erp:price_confirmation_sim_2026-09,2026-09-01T09:00:00+00:00
BRAEFDMGHGNN3RQP,17000,erp:price_confirmation_sim_2026-09,2026-09-01T09:00:00+00:00
ACCDCYB8NCGPEYEU,9900,erp:price_confirmation_sim_2026-09,2026-09-01T09:00:00+00:00
HMBEJCMHHYWQZKYF,144900,erp:price_confirmation_sim_2026-09,2026-09-01T09:00:00+00:00
SNDEGGQ2QZ2HMFYB,47000,erp:price_confirmation_sim_2026-09,2026-09-01T09:00:00+00:00
KRTEDSBPDBUPX5GH,162500,erp:price_confirmation_sim_2026-09,2026-09-01T09:00:00+00:00
PBREH6ZNVKHMUKS5,433500,erp:price_confirmation_sim_2026-09,2026-09-01T09:00:00+00:00
RNGEDAKEHNG9HGSH,2447400,erp:price_confirmation_sim_2026-09,2026-09-01T09:00:00+00:00
KRTEBZNZ8PEXYAZS,39900,erp:price_confirmation_sim_2026-09,2026-09-01T09:00:00+00:00
SNDE7TAAH9FE5T99,99500,erp:price_confirmation_sim_2026-09,2026-09-01T09:00:00+00:00
WATE8HU2ZJEJS92Z,44900,erp:price_confirmation_sim_2026-09,2026-09-01T09:00:00+00:00
HMBEGYZXBWJ3TPS4,1233000,erp:price_confirmation_sim_2026-09,2026-09-01T09:00:00+00:00
JWSDYFUFNYBSDY6B,79500,erp:price_confirmation_sim_2026-09,2026-09-01T09:00:00+00:00
CRTECN2QW6NBTNGC,159900,erp:price_confirmation_sim_2026-09,2026-09-01T09:00:00+00:00
TSHEAQMBMGG9DRPG,49500,erp:price_confirmation_sim_2026-09,2026-09-01T09:00:00+00:00
PCSE4VAVUQQN7W5N,339900,erp:price_confirmation_sim_2026-09,2026-09-01T09:00:00+00:00
BRAECKHXJZVGVNCN,22500,erp:price_confirmation_sim_2026-09,2026-09-01T09:00:00+00:00
BRAE8QNFAGPYHZ8U,27900,erp:price_confirmation_sim_2026-09,2026-09-01T09:00:00+00:00
WJCEHF8GZSQWZY7Z,140000,erp:price_confirmation_sim_2026-09,2026-09-01T09:00:00+00:00
RNGE7Z9NAEWGKG5A,96800,erp:price_confirmation_sim_2026-09,2026-09-01T09:00:00+00:00
NKCE88AH5FPZNKKT,49900,erp:price_confirmation_sim_2026-09,2026-09-01T09:00:00+00:00
NKCE96SXDK3JFZC3,25000,erp:price_confirmation_sim_2026-09,2026-09-01T09:00:00+00:00
BCHEGAPMNHUGG233,69900,erp:price_confirmation_sim_2026-09,2026-09-01T09:00:00+00:00
RNGE864HRQRATXWQ,1445000,erp:price_confirmation_sim_2026-09,2026-09-01T09:00:00+00:00
SHTEBG36QFJGDXQV,49900,erp:price_confirmation_sim_2026-09,2026-09-01T09:00:00+00:00
ACCDVHJZWWURRYFQ,149900,erp:price_confirmation_sim_2026-09,2026-09-01T09:00:00+00:00
SHTEDC4FZDVU2AE6,95000,erp:price_confirmation_sim_2026-09,2026-09-01T09:00:00+00:00
RNGE7M92HHFJZZZM,3204800,erp:price_confirmation_sim_2026-09,2026-09-01T09:00:00+00:00
NKCEJTV9DHZJTJYY,89000,erp:price_confirmation_sim_2026-09,2026-09-01T09:00:00+00:00
SHOEC8QG3CV6YYDJ,279900,erp:price_confirmation_sim_2026-09,2026-09-01T09:00:00+00:00
ACCE9E2RT56M3GSU,55000,erp:price_confirmation_sim_2026-09,2026-09-01T09:00:00+00:00
DREDZPX3WCZ2GKGH,95900,erp:price_confirmation_sim_2026-09,2026-09-01T09:00:00+00:00
BRAEE6YMWYEU6MYY,39900,erp:price_confirmation_sim_2026-09,2026-09-01T09:00:00+00:00
CTTEH9FXP5DHZWF7,44800,erp:price_confirmation_sim_2026-09,2026-09-01T09:00:00+00:00
ACCE9TV6TA9FJJSA,19900,erp:price_confirmation_sim_2026-09,2026-09-01T09:00:00+00:00
SHTEA48RPJADQQ5C,34900,erp:price_confirmation_sim_2026-09,2026-09-01T09:00:00+00:00
SKTE5NGPGYSJVC7Y,195500,erp:price_confirmation_sim_2026-09,2026-09-01T09:00:00+00:00
WATEE9XA84DBE5RG,29900,erp:price_confirmation_sim_2026-09,2026-09-01T09:00:00+00:00
TSHEFJFZH4UG2FJT,41800,erp:price_confirmation_sim_2026-09,2026-09-01T09:00:00+00:00
BLAEEJFZS37KVCDC,149900,erp:price_confirmation_sim_2026-09,2026-09-01T09:00:00+00:00
CHDDY9JVKEGSGS4M,70000,erp:price_confirmation_sim_2026-09,2026-09-01T09:00:00+00:00
STIEYZ5TJ5HSFPPB,39900,erp:price_confirmation_sim_2026-09,2026-09-01T09:00:00+00:00
WATDKB7JA52JZRRU,75000,erp:price_confirmation_sim_2026-09,2026-09-01T09:00:00+00:00
ACCE9YGG3X5HNMRQ,59900,erp:price_confirmation_sim_2026-09,2026-09-01T09:00:00+00:00
SHIED9AKUTQZQ5ZK,79900,erp:price_confirmation_sim_2026-09,2026-09-01T09:00:00+00:00
SOPEGZ3FGKHYRS6B,55000,erp:price_confirmation_sim_2026-09,2026-09-01T09:00:00+00:00
TOPE2RX9SCJKPRGV,49900,erp:price_confirmation_sim_2026-09,2026-09-01T09:00:00+00:00
ACCEA4BDBHVSGNWE,59900,erp:price_confirmation_sim_2026-09,2026-09-01T09:00:00+00:00
NKCE8QPPWEAFYVPP,44000,erp:price_confirmation_sim_2026-09,2026-09-01T09:00:00+00:00
KRTEDCQBV2ZFV3YA,32500,erp:price_confirmation_sim_2026-09,2026-09-01T09:00:00+00:00
NKCE6UWHJPBKGHZ5,19900,erp:price_confirmation_sim_2026-09,2026-09-01T09:00:00+00:00
STIE6Q5TCMRCR7SU,44900,erp:price_confirmation_sim_2026-09,2026-09-01T09:00:00+00:00
CNSECAEFNH4KHQAN,59900,erp:price_confirmation_sim_2026-09,2026-09-01T09:00:00+00:00
SRTEJHAAV5MH3GFM,29900,erp:price_confirmation_sim_2026-09,2026-09-01T09:00:00+00:00
RNGE9HCZUV6JYUFH,3453600,erp:price_confirmation_sim_2026-09,2026-09-01T09:00:00+00:00
HACEJP42QMUPNAQM,32000,erp:price_confirmation_sim_2026-09,2026-09-01T09:00:00+00:00
SUDEGGATV7QB9GV9,19900,erp:price_confirmation_sim_2026-09,2026-09-01T09:00:00+00:00
RTRDY9NVKBBNGYMU,133000,erp:price_confirmation_sim_2026-09,2026-09-01T09:00:00+00:00
SHIEBZB49VZZQRKK,620000,erp:price_confirmation_sim_2026-09,2026-09-01T09:00:00+00:00
ACCEAZCVKBUXGJHY,59900,erp:price_confirmation_sim_2026-09,2026-09-01T09:00:00+00:00
PBXEBQGMSHJDXHKW,35900,erp:price_confirmation_sim_2026-09,2026-09-01T09:00:00+00:00
USGEB59M4HDG7HZN,14900,erp:price_confirmation_sim_2026-09,2026-09-01T09:00:00+00:00
NDNEBA9VUFJGTDEE,51900,erp:price_confirmation_sim_2026-09,2026-09-01T09:00:00+00:00
KRTE6TC8JFHYB6GH,55400,erp:price_confirmation_sim_2026-09,2026-09-01T09:00:00+00:00
ACCDBZ3ABFGQWRXD,200000,erp:price_confirmation_sim_2026-09,2026-09-01T09:00:00+00:00
FAFEG3ZDYKXNGXY4,48500,erp:price_confirmation_sim_2026-09,2026-09-01T09:00:00+00:00
SHIEHY2BWXJSRZFZ,120000,erp:price_confirmation_sim_2026-09,2026-09-01T09:00:00+00:00
PYJEGN9Q9NWSUYGB,248700,erp:price_confirmation_sim_2026-09,2026-09-01T09:00:00+00:00
BLBEYXYHGMXNNABE,99000,erp:price_confirmation_sim_2026-09,2026-09-01T09:00:00+00:00
WCKE25RA9WDHBYKH,74900,erp:price_confirmation_sim_2026-09,2026-09-01T09:00:00+00:00
PYJEGVRFNBMQSZH4,36500,erp:price_confirmation_sim_2026-09,2026-09-01T09:00:00+00:00
RTRE3KKX5RWCKMHH,519900,erp:price_confirmation_sim_2026-09,2026-09-01T09:00:00+00:00
SHMECRRNMKDPFVNF,16500,erp:price_confirmation_sim_2026-09,2026-09-01T09:00:00+00:00
HCPEG62NMAA2YRGQ,295000,erp:price_confirmation_sim_2026-09,2026-09-01T09:00:00+00:00
RNGEH3ESHHQAGGTP,35000,erp:price_confirmation_sim_2026-09,2026-09-01T09:00:00+00:00
ACCEEEWGHE9JGKQE,88800,erp:price_confirmation_sim_2026-09,2026-09-01T09:00:00+00:00
SHTEATTVQZYMJDYQ,49900,erp:price_confirmation_sim_2026-09,2026-09-01T09:00:00+00:00
TSHE2EZ33QH8NUAV,71800,erp:price_confirmation_sim_2026-09,2026-09-01T09:00:00+00:00
BRAE8WYHFEGXPYBZ,34900,erp:price_confirmation_sim_2026-09,2026-09-01T09:00:00+00:00
PCSE5VQ3ZHHHTSTH,57500,erp:price_confirmation_sim_2026-09,2026-09-01T09:00:00+00:00
ACCEFH5BDGMHHFDT,16400,erp:price_confirmation_sim_2026-09,2026-09-01T09:00:00+00:00
SHOEAEPEW8USADYE,153100,erp:price_confirmation_sim_2026-09,2026-09-01T09:00:00+00:00
CRTECN2QURQHDFH3,138000,erp:price_confirmation_sim_2026-09,2026-09-01T09:00:00+00:00
CRTECN2QWHKJ3PBU,159900,erp:price_confirmation_sim_2026-09,2026-09-01T09:00:00+00:00
TBRDXMG6UGRZXTU8,31900,erp:price_confirmation_sim_2026-09,2026-09-01T09:00:00+00:00
BRAE6GEHJSUGE3FN,34900,erp:price_confirmation_sim_2026-09,2026-09-01T09:00:00+00:00
RNGEBQZRZSJHG9ZE,2836100,erp:price_confirmation_sim_2026-09,2026-09-01T09:00:00+00:00
SHOE2T3QZZNGVPYD,104900,erp:price_confirmation_sim_2026-09,2026-09-01T09:00:00+00:00
SNDEY4AKUX9BWZFG,129900,erp:price_confirmation_sim_2026-09,2026-09-01T09:00:00+00:00
SHTEAVBVRZD4RN4G,49900,erp:price_confirmation_sim_2026-09,2026-09-01T09:00:00+00:00
SOCEDFAY5EHHZKUF,34900,erp:price_confirmation_sim_2026-09,2026-09-01T09:00:00+00:00
WCKE2TFYTHBHTP5B,81800,erp:price_confirmation_sim_2026-09,2026-09-01T09:00:00+00:00
JEAEHGTNYFWHDQTF,159900,erp:price_confirmation_sim_2026-09,2026-09-01T09:00:00+00:00
BCHEF5MHXGFYH4WV,54700,erp:price_confirmation_sim_2026-09,2026-09-01T09:00:00+00:00
TOPEEEPV4GFFSHJG,69900,erp:price_confirmation_sim_2026-09,2026-09-01T09:00:00+00:00
CPCEBYA6UYMFQRJY,79900,erp:price_confirmation_sim_2026-09,2026-09-01T09:00:00+00:00
NKCED8EGPHGKRPBH,45000,erp:price_confirmation_sim_2026-09,2026-09-01T09:00:00+00:00
PEBEBQCZSZPZ2HPS,199900,erp:price_confirmation_sim_2026-09,2026-09-01T09:00:00+00:00
SHIEH6NHGJJPEDUS,24900,erp:price_confirmation_sim_2026-09,2026-09-01T09:00:00+00:00
BBAE3529WRMHGJNR,37400,erp:price_confirmation_sim_2026-09,2026-09-01T09:00:00+00:00
SKPEJ9GJEASCGYDF,49900,erp:price_confirmation_sim_2026-09,2026-09-01T09:00:00+00:00
RNGDX7QKWZGJMZFG,3519600,erp:price_confirmation_sim_2026-09,2026-09-01T09:00:00+00:00
STIE2FRBJNWDKUFF,59900,erp:price_confirmation_sim_2026-09,2026-09-01T09:00:00+00:00
TOPEGGEFF5YJPDGE,54900,erp:price_confirmation_sim_2026-09,2026-09-01T09:00:00+00:00
WATEAQW6BGPU8JFJ,19900,erp:price_confirmation_sim_2026-09,2026-09-01T09:00:00+00:00
ACCDG38FQQGWYHZD,69900,erp:price_confirmation_sim_2026-09,2026-09-01T09:00:00+00:00
RNGE7GVY3VFVAF6X,2667500,erp:price_confirmation_sim_2026-09,2026-09-01T09:00:00+00:00
CAGE3GFTKFNDSUJY,39700,erp:price_confirmation_sim_2026-09,2026-09-01T09:00:00+00:00
BBAE7UEWQF5YJPCM,29900,erp:price_confirmation_sim_2026-09,2026-09-01T09:00:00+00:00
PPMEAGKGRBXZNNFS,24900,erp:price_confirmation_sim_2026-09,2026-09-01T09:00:00+00:00
SHOEGSNVQN4HAGV2,49900,erp:price_confirmation_sim_2026-09,2026-09-01T09:00:00+00:00
TOPEDGFK5E8H6XFZ,107900,erp:price_confirmation_sim_2026-09,2026-09-01T09:00:00+00:00
SHODWK97XBSQGJVX,49900,erp:price_confirmation_sim_2026-09,2026-09-01T09:00:00+00:00
SNDEGSZD4WHWUEPU,69900,erp:price_confirmation_sim_2026-09,2026-09-01T09:00:00+00:00
CAGE8PKG4HSNQQKY,16500,erp:price_confirmation_sim_2026-09,2026-09-01T09:00:00+00:00
FABE4KCTEDAHBYQ3,59000,erp:price_confirmation_sim_2026-09,2026-09-01T09:00:00+00:00
TOPE6KWD9Z4K9D9W,69900,erp:price_confirmation_sim_2026-09,2026-09-01T09:00:00+00:00
TOPEHZNTFAHEZMQA,109900,erp:price_confirmation_sim_2026-09,2026-09-01T09:00:00+00:00
SHOEBHZA5BXBKRDC,399500,erp:price_confirmation_sim_2026-09,2026-09-01T09:00:00+00:00
ETHECTUGNUQNGTWK,199900,erp:price_confirmation_sim_2026-09,2026-09-01T09:00:00+00:00
TSHE5QUQAEB5HWYV,34900,erp:price_confirmation_sim_2026-09,2026-09-01T09:00:00+00:00
ACCEGZ6BWVQYWWDB,53900,erp:price_confirmation_sim_2026-09,2026-09-01T09:00:00+00:00
NSTEG48NKVWHGGZV,30900,erp:price_confirmation_sim_2026-09,2026-09-01T09:00:00+00:00
BDSEGJBRDPGXNJSZ,49900,erp:price_confirmation_sim_2026-09,2026-09-01T09:00:00+00:00
JCKEGKJ2CWZXXSYS,63700,erp:price_confirmation_sim_2026-09,2026-09-01T09:00:00+00:00
SNDE2ZZZYAZS8EXY,94900,erp:price_confirmation_sim_2026-09,2026-09-01T09:00:00+00:00
PACE5P38T4FEUHZC,6900,erp:price_confirmation_sim_2026-09,2026-09-01T09:00:00+00:00
CWDEGKMAD2BWGAWR,69900,erp:price_confirmation_sim_2026-09,2026-09-01T09:00:00+00:00
TFHEGXQNWQ2DFXKW,74900,erp:price_confirmation_sim_2026-09,2026-09-01T09:00:00+00:00
TOPEB7DNYWQHG7AE,44900,erp:price_confirmation_sim_2026-09,2026-09-01T09:00:00+00:00
DREE9Q5XTZXZ4G3S,74200,erp:price_confirmation_sim_2026-09,2026-09-01T09:00:00+00:00
FAFEG28URBZNBDZN,39900,erp:price_confirmation_sim_2026-09,2026-09-01T09:00:00+00:00
BBAEB6BPKSVXYZSZ,45000,erp:price_confirmation_sim_2026-09,2026-09-01T09:00:00+00:00
TSHEB78WDT9ZZFUS,103900,erp:price_confirmation_sim_2026-09,2026-09-01T09:00:00+00:00
STIEYZ5UYVSPATVA,49900,erp:price_confirmation_sim_2026-09,2026-09-01T09:00:00+00:00
DREE7NMEYW89MK2T,69900,erp:price_confirmation_sim_2026-09,2026-09-01T09:00:00+00:00
TSHE9DFQFHZNFY5A,41900,erp:price_confirmation_sim_2026-09,2026-09-01T09:00:00+00:00
NKCE96SXT4MVC3GG,25000,erp:price_confirmation_sim_2026-09,2026-09-01T09:00:00+00:00
BRAEBCTWGWYRWXHC,34900,erp:price_confirmation_sim_2026-09,2026-09-01T09:00:00+00:00
SRTEGWKKRXZ5FEKN,64900,erp:price_confirmation_sim_2026-09,2026-09-01T09:00:00+00:00
NKCDWBPZ9PWWVGN2,31000,erp:price_confirmation_sim_2026-09,2026-09-01T09:00:00+00:00
TSHEF3Z3HYERHY5W,41800,erp:price_confirmation_sim_2026-09,2026-09-01T09:00:00+00:00
SKIEBU7HGPED7CBC,27500,erp:price_confirmation_sim_2026-09,2026-09-01T09:00:00+00:00
BRFEJY4FTPFBRD6X,169900,erp:price_confirmation_sim_2026-09,2026-09-01T09:00:00+00:00
SHOE89XZZKW8GACG,174200,erp:price_confirmation_sim_2026-09,2026-09-01T09:00:00+00:00
TSHEE4WTGAQDUHS9,59900,erp:price_confirmation_sim_2026-09,2026-09-01T09:00:00+00:00
BLAEB3XAXFEDDAVE,241900,erp:price_confirmation_sim_2026-09,2026-09-01T09:00:00+00:00
BLAE9CSTFZAMXSNE,386000,erp:price_confirmation_sim_2026-09,2026-09-01T09:00:00+00:00
RNGE88Q9HE9RQYEM,3896400,erp:price_confirmation_sim_2026-09,2026-09-01T09:00:00+00:00
USGEDDUF7F6ZWGGP,94900,erp:price_confirmation_sim_2026-09,2026-09-01T09:00:00+00:00
CNDEGVE65UWDPCYC,124800,erp:price_confirmation_sim_2026-09,2026-09-01T09:00:00+00:00
SHOEBKMRFGTKNZFF,79900,erp:price_confirmation_sim_2026-09,2026-09-01T09:00:00+00:00
DREE9HUDJXFF2TFH,99900,erp:price_confirmation_sim_2026-09,2026-09-01T09:00:00+00:00
SHOE2DG2XC5Z9YUQ,144900,erp:price_confirmation_sim_2026-09,2026-09-01T09:00:00+00:00
TOPEHZNMGBH5HHGA,149900,erp:price_confirmation_sim_2026-09,2026-09-01T09:00:00+00:00
ACCE9Y6PZHFJRGGQ,59900,erp:price_confirmation_sim_2026-09,2026-09-01T09:00:00+00:00
RNGE7GVZW6PURCHP,2698800,erp:price_confirmation_sim_2026-09,2026-09-01T09:00:00+00:00
PCSEE27FVCXHZZ42,50000,erp:price_confirmation_sim_2026-09,2026-09-01T09:00:00+00:00
HAREGHFYAZYMUEWH,41300,erp:price_confirmation_sim_2026-09,2026-09-01T09:00:00+00:00
WATE3FAG5KAHZZJP,129500,erp:price_confirmation_sim_2026-09,2026-09-01T09:00:00+00:00
HKHEH35SZGQYBE68,29900,erp:price_confirmation_sim_2026-09,2026-09-01T09:00:00+00:00
CAGE7DUYEYWSYGBY,45000,erp:price_confirmation_sim_2026-09,2026-09-01T09:00:00+00:00
SKIEJH4T9YCH2BCX,69900,erp:price_confirmation_sim_2026-09,2026-09-01T09:00:00+00:00
SHTE9KP2PGR2MPHM,39900,erp:price_confirmation_sim_2026-09,2026-09-01T09:00:00+00:00
JWSE38HQM2S4AS3X,94500,erp:price_confirmation_sim_2026-09,2026-09-01T09:00:00+00:00
ACCEGBTPV5PPBHVD,35100,erp:price_confirmation_sim_2026-09,2026-09-01T09:00:00+00:00
CAGE8PKGGUZZW8VB,16500,erp:price_confirmation_sim_2026-09,2026-09-01T09:00:00+00:00
WATDZ2ZQGWW4QGNK,85000,erp:price_confirmation_sim_2026-09,2026-09-01T09:00:00+00:00
CAGDU85YWUCGG8JE,21000,erp:price_confirmation_sim_2026-09,2026-09-01T09:00:00+00:00
TSHE4QFHXGSR5YPE,44900,erp:price_confirmation_sim_2026-09,2026-09-01T09:00:00+00:00
SHIE86XAM3TUG7HA,49500,erp:price_confirmation_sim_2026-09,2026-09-01T09:00:00+00:00
TKSEA5G4KTPUYQHV,307500,erp:price_confirmation_sim_2026-09,2026-09-01T09:00:00+00:00
RNGE88FRWWZECGGM,822200,erp:price_confirmation_sim_2026-09,2026-09-01T09:00:00+00:00
CAGE2XC2HFSSQNSM,32000,erp:price_confirmation_sim_2026-09,2026-09-01T09:00:00+00:00
SWDEJXHBHWTUXCXS,147500,erp:price_confirmation_sim_2026-09,2026-09-01T09:00:00+00:00
RNGE7GVYHYXZZJDQ,2778600,erp:price_confirmation_sim_2026-09,2026-09-01T09:00:00+00:00
BALEDVR8HYUAFHEP,50000,erp:price_confirmation_sim_2026-09,2026-09-01T09:00:00+00:00
NDNEGCU6HKGDZNDE,89500,erp:price_confirmation_sim_2026-09,2026-09-01T09:00:00+00:00
JWSDWS8XNEG5SYNJ,93000,erp:price_confirmation_sim_2026-09,2026-09-01T09:00:00+00:00
BRAEBBMQQ37GW3CZ,22500,erp:price_confirmation_sim_2026-09,2026-09-01T09:00:00+00:00
VMREGZPQBHRGJBF6,59400,erp:price_confirmation_sim_2026-09,2026-09-01T09:00:00+00:00
JWSEJFMHQEMPZPGK,129900,erp:price_confirmation_sim_2026-09,2026-09-01T09:00:00+00:00
ETHEGES2YRTBVF6Z,37900,erp:price_confirmation_sim_2026-09,2026-09-01T09:00:00+00:00
OTAEJZF5RKHJX6HG,19900,erp:price_confirmation_sim_2026-09,2026-09-01T09:00:00+00:00
STIE78RVZS6NH3SW,649900,erp:price_confirmation_sim_2026-09,2026-09-01T09:00:00+00:00
RNGE87FCDRS5ZFGG,3147100,erp:price_confirmation_sim_2026-09,2026-09-01T09:00:00+00:00
NKCE4VJGCMERZWFB,28900,erp:price_confirmation_sim_2026-09,2026-09-01T09:00:00+00:00
SHTEBZ59QAJGHMHB,49900,erp:price_confirmation_sim_2026-09,2026-09-01T09:00:00+00:00
PYJEJMHJNXJ6NGKC,29900,erp:price_confirmation_sim_2026-09,2026-09-01T09:00:00+00:00
BRAEE6YMVEZJ7HSY,39900,erp:price_confirmation_sim_2026-09,2026-09-01T09:00:00+00:00
ACCE6GFCFEUGCKH9,168500,erp:price_confirmation_sim_2026-09,2026-09-01T09:00:00+00:00
SGLEGBV4XF6GBWZS,59900,erp:price_confirmation_sim_2026-09,2026-09-01T09:00:00+00:00
HDNEDVWYPYCTG8KA,504000,erp:price_confirmation_sim_2026-09,2026-09-01T09:00:00+00:00
TSHEDZH5STQ4FZGH,24500,erp:price_confirmation_sim_2026-09,2026-09-01T09:00:00+00:00
CRTECN2QYU4SJADV,159900,erp:price_confirmation_sim_2026-09,2026-09-01T09:00:00+00:00
TROEGZRVYGVRPKQV,59900,erp:price_confirmation_sim_2026-09,2026-09-01T09:00:00+00:00
VWCEGYQ4FSFHGEXB,19900,erp:price_confirmation_sim_2026-09,2026-09-01T09:00:00+00:00
MUGE92Z4ZTV8UZYN,22500,erp:price_confirmation_sim_2026-09,2026-09-01T09:00:00+00:00
TSHE84EBYJZHRSPD,19900,erp:price_confirmation_sim_2026-09,2026-09-01T09:00:00+00:00
GCVEAHNKHFUJPYF7,22900,erp:price_confirmation_sim_2026-09,2026-09-01T09:00:00+00:00
NKCEAFM7NXAMQUEM,31500,erp:price_confirmation_sim_2026-09,2026-09-01T09:00:00+00:00
NKCEBDYGDGFYNGGY,39900,erp:price_confirmation_sim_2026-09,2026-09-01T09:00:00+00:00
VATEGRBBFYBEUKW7,29000,erp:price_confirmation_sim_2026-09,2026-09-01T09:00:00+00:00
BBAE5SXX7RT8ZKWS,36900,erp:price_confirmation_sim_2026-09,2026-09-01T09:00:00+00:00
CRTECN2RV7NHG8XK,92000,erp:price_confirmation_sim_2026-09,2026-09-01T09:00:00+00:00
TSHE4KACQVSBXCFC,40000,erp:price_confirmation_sim_2026-09,2026-09-01T09:00:00+00:00
BRAEGJFZYEW2BMFJ,48600,erp:price_confirmation_sim_2026-09,2026-09-01T09:00:00+00:00
SHIE9J6P8QHDZWXF,704900,erp:price_confirmation_sim_2026-09,2026-09-01T09:00:00+00:00
STIEYZ5TGZKTGBF9,39900,erp:price_confirmation_sim_2026-09,2026-09-01T09:00:00+00:00
SNDDWSHKNEUHQSZS,89000,erp:price_confirmation_sim_2026-09,2026-09-01T09:00:00+00:00
CBKEJ3AN6GEACKYR,39900,erp:price_confirmation_sim_2026-09,2026-09-01T09:00:00+00:00
TOPEHZRBDNV4JJRW,39800,erp:price_confirmation_sim_2026-09,2026-09-01T09:00:00+00:00
MUGEAGGKYSMHGRMH,19900,erp:price_confirmation_sim_2026-09,2026-09-01T09:00:00+00:00
CPCE2ZMDKPBBNGZT,29900,erp:price_confirmation_sim_2026-09,2026-09-01T09:00:00+00:00
TSHEDHVRVNUY3HPK,229800,erp:price_confirmation_sim_2026-09,2026-09-01T09:00:00+00:00
DREEGU3NMHQZYFWM,104500,erp:price_confirmation_sim_2026-09,2026-09-01T09:00:00+00:00
CRTECN2QXZ9ETCGB,159900,erp:price_confirmation_sim_2026-09,2026-09-01T09:00:00+00:00
SHTE7U6W4DWSWGZ6,199000,erp:price_confirmation_sim_2026-09,2026-09-01T09:00:00+00:00
CTTEH9FX5D9BYFYR,44800,erp:price_confirmation_sim_2026-09,2026-09-01T09:00:00+00:00
TRODSPHZRHJQH6S9,35100,erp:price_confirmation_sim_2026-09,2026-09-01T09:00:00+00:00
LJGE4VAVHAEBKRGV,39700,erp:price_confirmation_sim_2026-09,2026-09-01T09:00:00+00:00
BRAEBXRBXYDKYPKB,19000,erp:price_confirmation_sim_2026-09,2026-09-01T09:00:00+00:00
SHOEHYEXVYZRGMGJ,39900,erp:price_confirmation_sim_2026-09,2026-09-01T09:00:00+00:00
AVCEGCGPZF3ANNUZ,56300,erp:price_confirmation_sim_2026-09,2026-09-01T09:00:00+00:00
RNGE2FAFYTYTZXZX,3920600,erp:price_confirmation_sim_2026-09,2026-09-01T09:00:00+00:00
NKCEAVZ3S7F84G4P,39900,erp:price_confirmation_sim_2026-09,2026-09-01T09:00:00+00:00
STIE88KN9ZDSGZKY,99900,erp:price_confirmation_sim_2026-09,2026-09-01T09:00:00+00:00
SHTEAUZ9YQVZXVHV,34900,erp:price_confirmation_sim_2026-09,2026-09-01T09:00:00+00:00
BBAE4CNHFDPU2KHC,32000,erp:price_confirmation_sim_2026-09,2026-09-01T09:00:00+00:00
PBXE5ZJZZAPAJMKW,24900,erp:price_confirmation_sim_2026-09,2026-09-01T09:00:00+00:00
CRTEB774SG3R4RPP,175000,erp:price_confirmation_sim_2026-09,2026-09-01T09:00:00+00:00
WATEEAFSGWYG2NBH,65100,erp:price_confirmation_sim_2026-09,2026-09-01T09:00:00+00:00
NKCDZHF7J4GGHHSG,33900,erp:price_confirmation_sim_2026-09,2026-09-01T09:00:00+00:00
NKCE8839JAR2FYDP,32500,erp:price_confirmation_sim_2026-09,2026-09-01T09:00:00+00:00
LJGE8GG2TDDATASC,45900,erp:price_confirmation_sim_2026-09,2026-09-01T09:00:00+00:00
SRTEGWKJHSWWTCYG,64900,erp:price_confirmation_sim_2026-09,2026-09-01T09:00:00+00:00
PELEGNSQYKKHT2ZH,499900,erp:price_confirmation_sim_2026-09,2026-09-01T09:00:00+00:00
CAGEBTGEZYMKVZQV,35000,erp:price_confirmation_sim_2026-09,2026-09-01T09:00:00+00:00
SWTEDMVMMFVPR5GR,191600,erp:price_confirmation_sim_2026-09,2026-09-01T09:00:00+00:00
JEAECSSZNZH9DTGP,89900,erp:price_confirmation_sim_2026-09,2026-09-01T09:00:00+00:00
JEAEA26BDKC9YRC8,153900,erp:price_confirmation_sim_2026-09,2026-09-01T09:00:00+00:00
TOPEDYHYEY5JAKCY,82900,erp:price_confirmation_sim_2026-09,2026-09-01T09:00:00+00:00
TSHEB96CXEUHVVT7,125900,erp:price_confirmation_sim_2026-09,2026-09-01T09:00:00+00:00
SHTDVHKQPDCXMJJ5,40400,erp:price_confirmation_sim_2026-09,2026-09-01T09:00:00+00:00
JWSE6AQUKTEDZ9HT,149900,erp:price_confirmation_sim_2026-09,2026-09-01T09:00:00+00:00
CPCEDGGNCV7AV7SX,19900,erp:price_confirmation_sim_2026-09,2026-09-01T09:00:00+00:00
TSHE9CK22DFH4GFA,69900,erp:price_confirmation_sim_2026-09,2026-09-01T09:00:00+00:00
TOPEGVHJECVFBRMF,69900,erp:price_confirmation_sim_2026-09,2026-09-01T09:00:00+00:00
KRTEEAHQXHSP62KZ,49900,erp:price_confirmation_sim_2026-09,2026-09-01T09:00:00+00:00
TSHE4SBYZZG2GKDA,55000,erp:price_confirmation_sim_2026-09,2026-09-01T09:00:00+00:00
NRSEE5UKVAGREFAJ,69500,erp:price_confirmation_sim_2026-09,2026-09-01T09:00:00+00:00
RNGE8TZ6ZN8MGXNG,3047500,erp:price_confirmation_sim_2026-09,2026-09-01T09:00:00+00:00
STIEYZ5SZJAHPWNX,79900,erp:price_confirmation_sim_2026-09,2026-09-01T09:00:00+00:00
BRAE3P8YB385MSKN,14900,erp:price_confirmation_sim_2026-09,2026-09-01T09:00:00+00:00
MUGEBFGY3HVWBKY4,29900,erp:price_confirmation_sim_2026-09,2026-09-01T09:00:00+00:00
SUDEHYGUFAGB4NYH,35800,erp:price_confirmation_sim_2026-09,2026-09-01T09:00:00+00:00
HATEHCHJJZBFFAZG,39900,erp:price_confirmation_sim_2026-09,2026-09-01T09:00:00+00:00
ACCDXQQGRWYGJCKS,89900,erp:price_confirmation_sim_2026-09,2026-09-01T09:00:00+00:00
DREEHF93FUPCCPZP,81600,erp:price_confirmation_sim_2026-09,2026-09-01T09:00:00+00:00
PPME8GJ4GQUJNDDE,12500,erp:price_confirmation_sim_2026-09,2026-09-01T09:00:00+00:00
LACEGF4VSSWHCWTY,32900,erp:price_confirmation_sim_2026-09,2026-09-01T09:00:00+00:00
NKCECQYZ7T7ZBHGW,31500,erp:price_confirmation_sim_2026-09,2026-09-01T09:00:00+00:00
DRPEHYHMKTQZZCR2,49900,erp:price_confirmation_sim_2026-09,2026-09-01T09:00:00+00:00
NKCE49ATTPYAPNWB,34900,erp:price_confirmation_sim_2026-09,2026-09-01T09:00:00+00:00
NKCEFFFPGEJSTBJP,19900,erp:price_confirmation_sim_2026-09,2026-09-01T09:00:00+00:00
CAGE6FYKQHFNZZ4K,27700,erp:price_confirmation_sim_2026-09,2026-09-01T09:00:00+00:00
SHTECG6J69DKZD2K,39900,erp:price_confirmation_sim_2026-09,2026-09-01T09:00:00+00:00
ACCEGH6RPWY9DHAB,45400,erp:price_confirmation_sim_2026-09,2026-09-01T09:00:00+00:00
TSHE9CK2HZBMRAGW,35000,erp:price_confirmation_sim_2026-09,2026-09-01T09:00:00+00:00
USGEE27EHJBEYVVA,19000,erp:price_confirmation_sim_2026-09,2026-09-01T09:00:00+00:00
TSHE9CK2TZBUQGHV,35000,erp:price_confirmation_sim_2026-09,2026-09-01T09:00:00+00:00
BRAEGJFXVYH38FPM,39900,erp:price_confirmation_sim_2026-09,2026-09-01T09:00:00+00:00
KRTEB48YQ2KV6CZE,42500,erp:price_confirmation_sim_2026-09,2026-09-01T09:00:00+00:00
SHOE92GFEZBFEDED,99900,erp:price_confirmation_sim_2026-09,2026-09-01T09:00:00+00:00
RTRDGGQ754BDWH7U,174900,erp:price_confirmation_sim_2026-09,2026-09-01T09:00:00+00:00
NKCE7MMGJSVN3J2W,29900,erp:price_confirmation_sim_2026-09,2026-09-01T09:00:00+00:00
TSHEBSF9NBDWJXZW,79900,erp:price_confirmation_sim_2026-09,2026-09-01T09:00:00+00:00
BRAEDTP7YHBYWYG5,28900,erp:price_confirmation_sim_2026-09,2026-09-01T09:00:00+00:00
SHOEAPT3RUN6RAJ2,39900,erp:price_confirmation_sim_2026-09,2026-09-01T09:00:00+00:00
JCKEDMQ7RTWDZCTB,200000,erp:price_confirmation_sim_2026-09,2026-09-01T09:00:00+00:00
HFCEGNHHRG5UUDJF,29900,erp:price_confirmation_sim_2026-09,2026-09-01T09:00:00+00:00
BBAEE897P2A9PBX6,50000,erp:price_confirmation_sim_2026-09,2026-09-01T09:00:00+00:00
NKCE9AZMRYXZFKP7,19900,erp:price_confirmation_sim_2026-09,2026-09-01T09:00:00+00:00
ACCDQRVC3FT9QWAU,35000,erp:price_confirmation_sim_2026-09,2026-09-01T09:00:00+00:00
TROEGZ65YHBQKG9T,59900,erp:price_confirmation_sim_2026-09,2026-09-01T09:00:00+00:00
SNDEYGA9HSZUGZWK,179000,erp:price_confirmation_sim_2026-09,2026-09-01T09:00:00+00:00
NKCEAUABQHWNS53W,42500,erp:price_confirmation_sim_2026-09,2026-09-01T09:00:00+00:00
TOPE4VR5DXAHVAG8,59100,erp:price_confirmation_sim_2026-09,2026-09-01T09:00:00+00:00
CSPE9BQ5UEGGKQBM,39400,erp:price_confirmation_sim_2026-09,2026-09-01T09:00:00+00:00
NKCECZPZ8WCCFGRV,30000,erp:price_confirmation_sim_2026-09,2026-09-01T09:00:00+00:00
CAGE68FFCRAZPTHC,35000,erp:price_confirmation_sim_2026-09,2026-09-01T09:00:00+00:00
PYJEG25JXPNJBDYW,107500,erp:price_confirmation_sim_2026-09,2026-09-01T09:00:00+00:00
RNGE7GVY35ZPA8QX,3072400,erp:price_confirmation_sim_2026-09,2026-09-01T09:00:00+00:00
SNDE7DZGGD2JVRBN,34900,erp:price_confirmation_sim_2026-09,2026-09-01T09:00:00+00:00
BLAEEJFZ5KA42ZS3,149900,erp:price_confirmation_sim_2026-09,2026-09-01T09:00:00+00:00
SOFEDVYZFMZPJ3V6,3670000,erp:price_confirmation_sim_2026-09,2026-09-01T09:00:00+00:00
BBAE75HAMG45WNGF,19900,erp:price_confirmation_sim_2026-09,2026-09-01T09:00:00+00:00
FABE9TBFVQPF9HNZ,37900,erp:price_confirmation_sim_2026-09,2026-09-01T09:00:00+00:00
ACCEJZQHJA4TMYWT,49900,erp:price_confirmation_sim_2026-09,2026-09-01T09:00:00+00:00
PCSECPMGZFHCDKWJ,124900,erp:price_confirmation_sim_2026-09,2026-09-01T09:00:00+00:00
BCHEGARUNJCHGFRH,49000,erp:price_confirmation_sim_2026-09,2026-09-01T09:00:00+00:00
NKCE7H2EF53YKKUT,35000,erp:price_confirmation_sim_2026-09,2026-09-01T09:00:00+00:00
BBAE92YWHVVAGPFC,64900,erp:price_confirmation_sim_2026-09,2026-09-01T09:00:00+00:00
BKPEHTGBH5GGWENP,149900,erp:price_confirmation_sim_2026-09,2026-09-01T09:00:00+00:00
BCHEF5MAVC8GEXTA,54700,erp:price_confirmation_sim_2026-09,2026-09-01T09:00:00+00:00
VLBEGZ7SBMDMYTXZ,24400,erp:price_confirmation_sim_2026-09,2026-09-01T09:00:00+00:00
SBEEH3QGU7MFYJFY,2264600,erp:price_confirmation_sim_2026-09,2026-09-01T09:00:00+00:00
CRTECN2QTCW9VDKR,159900,erp:price_confirmation_sim_2026-09,2026-09-01T09:00:00+00:00
RNGE9B79AGXBZW2F,47500,erp:price_confirmation_sim_2026-09,2026-09-01T09:00:00+00:00
SHOE8RKJAZ622YCE,39900,erp:price_confirmation_sim_2026-09,2026-09-01T09:00:00+00:00
TSHEAKUGVBKWURFZ,65900,erp:price_confirmation_sim_2026-09,2026-09-01T09:00:00+00:00
JEAE7MP3UGHNPWND,249900,erp:price_confirmation_sim_2026-09,2026-09-01T09:00:00+00:00
SHTEDGMEPN22EPHY,49900,erp:price_confirmation_sim_2026-09,2026-09-01T09:00:00+00:00
BRAEBADVXZ2HFJC8,55000,erp:price_confirmation_sim_2026-09,2026-09-01T09:00:00+00:00
SHOE632JZBF4EF2H,180000,erp:price_confirmation_sim_2026-09,2026-09-01T09:00:00+00:00
CRNEE84J7C2RSDFP,133200,erp:price_confirmation_sim_2026-09,2026-09-01T09:00:00+00:00
NKCE96SXDZKCXRVU,25000,erp:price_confirmation_sim_2026-09,2026-09-01T09:00:00+00:00
NKCE9RCW6ECJXWZW,20000,erp:price_confirmation_sim_2026-09,2026-09-01T09:00:00+00:00
POSEH89G4KTUFHC7,19900,erp:price_confirmation_sim_2026-09,2026-09-01T09:00:00+00:00
SNDEGG8AM4XNVJUG,64900,erp:price_confirmation_sim_2026-09,2026-09-01T09:00:00+00:00
BRAE3TSHYHHD8ZK5,12900,erp:price_confirmation_sim_2026-09,2026-09-01T09:00:00+00:00
BRAEGJFX4ZCMZHH6,26900,erp:price_confirmation_sim_2026-09,2026-09-01T09:00:00+00:00
CLTEHE9FDPYN5TQ3,129900,erp:price_confirmation_sim_2026-09,2026-09-01T09:00:00+00:00
BLAEEJGJHFZPF2Y2,149900,erp:price_confirmation_sim_2026-09,2026-09-01T09:00:00+00:00
BLAEAWAATUTTZFNK,406900,erp:price_confirmation_sim_2026-09,2026-09-01T09:00:00+00:00
TSHDVN8WUH2GDYWG,67800,erp:price_confirmation_sim_2026-09,2026-09-01T09:00:00+00:00
NKCE7MBRTAZB2DB5,32000,erp:price_confirmation_sim_2026-09,2026-09-01T09:00:00+00:00
TSHE7733QEWAFJRU,79900,erp:price_confirmation_sim_2026-09,2026-09-01T09:00:00+00:00
BLAEEJGJ6T2NHJRK,149900,erp:price_confirmation_sim_2026-09,2026-09-01T09:00:00+00:00
TOPE99DTCKGQKZDH,39900,erp:price_confirmation_sim_2026-09,2026-09-01T09:00:00+00:00
NKCE5WSJTFZWUWBV,15000,erp:price_confirmation_sim_2026-09,2026-09-01T09:00:00+00:00
DREEGZ4CUZH5CATV,131900,erp:price_confirmation_sim_2026-09,2026-09-01T09:00:00+00:00
SHTEBFDATZQGEAKG,49900,erp:price_confirmation_sim_2026-09,2026-09-01T09:00:00+00:00
JWSE8GXKATFTFW3S,77500,erp:price_confirmation_sim_2026-09,2026-09-01T09:00:00+00:00
SHTEGQ6KGERZXKHG,89900,erp:price_confirmation_sim_2026-09,2026-09-01T09:00:00+00:00
RCLEYW4PV3EGPEWA,18900,erp:price_confirmation_sim_2026-09,2026-09-01T09:00:00+00:00
PBXEC8ASYZ7YS7EZ,18500,erp:price_confirmation_sim_2026-09,2026-09-01T09:00:00+00:00
CRTECN2QSNACRXJZ,159900,erp:price_confirmation_sim_2026-09,2026-09-01T09:00:00+00:00
NKCE6KGHUMC3DZNK,47900,erp:price_confirmation_sim_2026-09,2026-09-01T09:00:00+00:00
SOFEDVYZPCRAFKEQ,5330000,erp:price_confirmation_sim_2026-09,2026-09-01T09:00:00+00:00
SFFEHW2M3MDMQQGD,24900,erp:price_confirmation_sim_2026-09,2026-09-01T09:00:00+00:00
TSHE44QJ9ZN7V7AT,39900,erp:price_confirmation_sim_2026-09,2026-09-01T09:00:00+00:00
BTWDZHJGZHKPHDSG,68000,erp:price_confirmation_sim_2026-09,2026-09-01T09:00:00+00:00
NKCED6EXXSFZGQP8,39900,erp:price_confirmation_sim_2026-09,2026-09-01T09:00:00+00:00
ETHEG2HDPSCSTPEB,85000,erp:price_confirmation_sim_2026-09,2026-09-01T09:00:00+00:00
IRBEJURJN28BV5UT,158000,erp:price_confirmation_sim_2026-09,2026-09-01T09:00:00+00:00
WATEYG9YBGAFF7BA,79900,erp:price_confirmation_sim_2026-09,2026-09-01T09:00:00+00:00
CRNEDX7NPUEWFFAG,97300,erp:price_confirmation_sim_2026-09,2026-09-01T09:00:00+00:00
SHTEFFFNJMNHJSHN,85000,erp:price_confirmation_sim_2026-09,2026-09-01T09:00:00+00:00
HMBEGFGEFZJYF8JQ,29900,erp:price_confirmation_sim_2026-09,2026-09-01T09:00:00+00:00
ACCDXB99PB5Z6E8H,189500,erp:price_confirmation_sim_2026-09,2026-09-01T09:00:00+00:00
RNGE7GVYVUZTYDQN,1816000,erp:price_confirmation_sim_2026-09,2026-09-01T09:00:00+00:00
SHTE6FWQKBCFYAGX,39900,erp:price_confirmation_sim_2026-09,2026-09-01T09:00:00+00:00
HMBEGHDYHZKJKKYH,20900,erp:price_confirmation_sim_2026-09,2026-09-01T09:00:00+00:00
ACCEJSKZZGRHRGQH,23000,erp:price_confirmation_sim_2026-09,2026-09-01T09:00:00+00:00
NKCDZJB8WUWBH49M,30800,erp:price_confirmation_sim_2026-09,2026-09-01T09:00:00+00:00
WATE6HFX3RF49ZH4,39900,erp:price_confirmation_sim_2026-09,2026-09-01T09:00:00+00:00
BRAECSZGZZUWXVUN,87500,erp:price_confirmation_sim_2026-09,2026-09-01T09:00:00+00:00
ACCEGDYPYDBWH3U8,29900,erp:price_confirmation_sim_2026-09,2026-09-01T09:00:00+00:00
BBAECKXFW889ZMS6,19900,erp:price_confirmation_sim_2026-09,2026-09-01T09:00:00+00:00
STIE7KFKTNEWZQFZ,72000,erp:price_confirmation_sim_2026-09,2026-09-01T09:00:00+00:00
CRTECN2QVJBRMHRN,159900,erp:price_confirmation_sim_2026-09,2026-09-01T09:00:00+00:00
PBXE547H7YBMSFAE,14900,erp:price_confirmation_sim_2026-09,2026-09-01T09:00:00+00:00
USGEE4CAYEJWVAF5,48900,erp:price_confirmation_sim_2026-09,2026-09-01T09:00:00+00:00
SMTEHQYVGJ9QDJSP,106900,erp:price_confirmation_sim_2026-09,2026-09-01T09:00:00+00:00
ACCE9Y6PKB4BHTPY,59900,erp:price_confirmation_sim_2026-09,2026-09-01T09:00:00+00:00
HACEGGERPZDHNCFS,45000,erp:price_confirmation_sim_2026-09,2026-09-01T09:00:00+00:00
KTAEBYZGVEMAPZUB,85900,erp:price_confirmation_sim_2026-09,2026-09-01T09:00:00+00:00
SHTEJJ5GKGNGEWAB,34900,erp:price_confirmation_sim_2026-09,2026-09-01T09:00:00+00:00
SHTECK8AGSFEMA6E,89900,erp:price_confirmation_sim_2026-09,2026-09-01T09:00:00+00:00
GUAEHKC4H4F6UARA,165000,erp:price_confirmation_sim_2026-09,2026-09-01T09:00:00+00:00
KRTEBD5MYUWZ5WF5,43900,erp:price_confirmation_sim_2026-09,2026-09-01T09:00:00+00:00
NKCE5TFVHZDZTAYH,32000,erp:price_confirmation_sim_2026-09,2026-09-01T09:00:00+00:00
CSPE7MZDXTGHMJHR,90300,erp:price_confirmation_sim_2026-09,2026-09-01T09:00:00+00:00
PBXED54BJJPTNNMH,19900,erp:price_confirmation_sim_2026-09,2026-09-01T09:00:00+00:00
BTWE6PXJC3PPBVAW,79900,erp:price_confirmation_sim_2026-09,2026-09-01T09:00:00+00:00
TSHE5EGSHNVFUBFT,34900,erp:price_confirmation_sim_2026-09,2026-09-01T09:00:00+00:00
ACCEBUEKVFFUX2DE,149900,erp:price_confirmation_sim_2026-09,2026-09-01T09:00:00+00:00
PELEGPF7C9YZFKDM,38800,erp:price_confirmation_sim_2026-09,2026-09-01T09:00:00+00:00
TSHE9GATGVKSBGFB,39900,erp:price_confirmation_sim_2026-09,2026-09-01T09:00:00+00:00
SAREJHNQXH2Y7GWV,49900,erp:price_confirmation_sim_2026-09,2026-09-01T09:00:00+00:00
SHTEAJ5ZRY4QEJ6G,49900,erp:price_confirmation_sim_2026-09,2026-09-01T09:00:00+00:00
BRAEDWFWYRESJHMA,25000,erp:price_confirmation_sim_2026-09,2026-09-01T09:00:00+00:00
SHTECV69KMGUCXM7,49900,erp:price_confirmation_sim_2026-09,2026-09-01T09:00:00+00:00
BALDK98MRHJZPHGZ,79900,erp:price_confirmation_sim_2026-09,2026-09-01T09:00:00+00:00
JEAEH2G7HJ2FZEQE,168400,erp:price_confirmation_sim_2026-09,2026-09-01T09:00:00+00:00
JEAECN2QQX3JE2KS,389900,erp:price_confirmation_sim_2026-09,2026-09-01T09:00:00+00:00
PTGEGUPKRM4ARQFJ,2551000,erp:price_confirmation_sim_2026-09,2026-09-01T09:00:00+00:00
ERGEY7SABUMYKSUU,39900,erp:price_confirmation_sim_2026-09,2026-09-01T09:00:00+00:00
NKCEB98T6AZZCH8H,24900,erp:price_confirmation_sim_2026-09,2026-09-01T09:00:00+00:00
JWSDZFFRCYKJHBY3,65000,erp:price_confirmation_sim_2026-09,2026-09-01T09:00:00+00:00
CRTECN2QTBFPEZWQ,135000,erp:price_confirmation_sim_2026-09,2026-09-01T09:00:00+00:00
SHIEHGXHM6VBHTUR,215100,erp:price_confirmation_sim_2026-09,2026-09-01T09:00:00+00:00
ACCE9Y6MMCPATM3H,59900,erp:price_confirmation_sim_2026-09,2026-09-01T09:00:00+00:00
TIEEE2YSK3FAQ5ZF,49900,erp:price_confirmation_sim_2026-09,2026-09-01T09:00:00+00:00
BBAEAHNGV3FHXJVC,34900,erp:price_confirmation_sim_2026-09,2026-09-01T09:00:00+00:00
TOPE8YMASZEUXPRY,89900,erp:price_confirmation_sim_2026-09,2026-09-01T09:00:00+00:00
BBAE7F9CHZYTSS2D,38900,erp:price_confirmation_sim_2026-09,2026-09-01T09:00:00+00:00
BRAED6G6TVPF94CV,41000,erp:price_confirmation_sim_2026-09,2026-09-01T09:00:00+00:00
VLBEHHW6ZWDUZNAJ,29900,erp:price_confirmation_sim_2026-09,2026-09-01T09:00:00+00:00
NKCECC6EY68FVVNF,34900,erp:price_confirmation_sim_2026-09,2026-09-01T09:00:00+00:00
DREEGZ5CVEHJPDT9,111900,erp:price_confirmation_sim_2026-09,2026-09-01T09:00:00+00:00
CRTECN2QUZD9W38N,92000,erp:price_confirmation_sim_2026-09,2026-09-01T09:00:00+00:00
NKCE9ZPVFDNM6HCR,28500,erp:price_confirmation_sim_2026-09,2026-09-01T09:00:00+00:00
WATDJYPXZMUSCBJN,99900,erp:price_confirmation_sim_2026-09,2026-09-01T09:00:00+00:00
BBAE9ZGY3DNEFUQX,39900,erp:price_confirmation_sim_2026-09,2026-09-01T09:00:00+00:00
SHTEBGHFY3HAETFD,39900,erp:price_confirmation_sim_2026-09,2026-09-01T09:00:00+00:00
BRAEDSKCYE7BNKZ4,17600,erp:price_confirmation_sim_2026-09,2026-09-01T09:00:00+00:00
ACBECFGTZE2QDGR5,75600,erp:price_confirmation_sim_2026-09,2026-09-01T09:00:00+00:00
ACCEGYCGPKC3MNY3,22000,erp:price_confirmation_sim_2026-09,2026-09-01T09:00:00+00:00
RNGEFKMJTC8N3GGR,2751800,erp:price_confirmation_sim_2026-09,2026-09-01T09:00:00+00:00
PCSEC86VAFUTHBPX,51500,erp:price_confirmation_sim_2026-09,2026-09-01T09:00:00+00:00
BRAECKHYJ8HGVGHG,30000,erp:price_confirmation_sim_2026-09,2026-09-01T09:00:00+00:00
NKCEBHGAHNETNHPA,29900,erp:price_confirmation_sim_2026-09,2026-09-01T09:00:00+00:00
BRAEDZA3NRVADE2H,24900,erp:price_confirmation_sim_2026-09,2026-09-01T09:00:00+00:00
JEAEHGTNHNZQDPSK,159900,erp:price_confirmation_sim_2026-09,2026-09-01T09:00:00+00:00
BRAEBB6TT8GKVG8A,32000,erp:price_confirmation_sim_2026-09,2026-09-01T09:00:00+00:00
NKCDU4RZUQT8SNWM,49500,erp:price_confirmation_sim_2026-09,2026-09-01T09:00:00+00:00
SHOEBYWSZ4ZRNQPU,44900,erp:price_confirmation_sim_2026-09,2026-09-01T09:00:00+00:00
NKCE6NHRG8RFBZED,31500,erp:price_confirmation_sim_2026-09,2026-09-01T09:00:00+00:00
NKCE6FYZQCDZZMXA,41000,erp:price_confirmation_sim_2026-09,2026-09-01T09:00:00+00:00
PELEYC9ZGYWMYQXQ,225000,erp:price_confirmation_sim_2026-09,2026-09-01T09:00:00+00:00
NKCE4VA4EDK86BCN,29900,erp:price_confirmation_sim_2026-09,2026-09-01T09:00:00+00:00
TIEEEBN6ATMHFU2E,45100,erp:price_confirmation_sim_2026-09,2026-09-01T09:00:00+00:00
BBAEEEZKVPZYTGBW,99900,erp:price_confirmation_sim_2026-09,2026-09-01T09:00:00+00:00
BRAEDH6PP3XMBGB3,42900,erp:price_confirmation_sim_2026-09,2026-09-01T09:00:00+00:00
ACCEYTXCGP4W36VY,17500,erp:price_confirmation_sim_2026-09,2026-09-01T09:00:00+00:00
LJGEHWCZAHHC6GME,79900,erp:price_confirmation_sim_2026-09,2026-09-01T09:00:00+00:00
LJGE9UG5ARF29YE9,69900,erp:price_confirmation_sim_2026-09,2026-09-01T09:00:00+00:00
KRTE89S7ZX7GUEGT,39900,erp:price_confirmation_sim_2026-09,2026-09-01T09:00:00+00:00
SKIECKU3FPTX2M5Z,49900,erp:price_confirmation_sim_2026-09,2026-09-01T09:00:00+00:00
NKCE49ATDNH39ZYR,34900,erp:price_confirmation_sim_2026-09,2026-09-01T09:00:00+00:00
LCHEGYVSEQPSANHT,79900,erp:price_confirmation_sim_2026-09,2026-09-01T09:00:00+00:00
USGEDNR8U6ZAETKA,64900,erp:price_confirmation_sim_2026-09,2026-09-01T09:00:00+00:00
ACCE2SXDBTYNYYQ3,19900,erp:price_confirmation_sim_2026-09,2026-09-01T09:00:00+00:00
CNDECQTUZGSAH2DH,72500,erp:price_confirmation_sim_2026-09,2026-09-01T09:00:00+00:00
SHOE3URGYEVZ55GD,49900,erp:price_confirmation_sim_2026-09,2026-09-01T09:00:00+00:00
BBAEB44W3EZMTFTF,29900,erp:price_confirmation_sim_2026-09,2026-09-01T09:00:00+00:00
MSKEGUQETUG66GYC,34900,erp:price_confirmation_sim_2026-09,2026-09-01T09:00:00+00:00
SFFE7BG5FK8KG25T,24900,erp:price_confirmation_sim_2026-09,2026-09-01T09:00:00+00:00
BRHEDG33DZHYZGZG,49500,erp:price_confirmation_sim_2026-09,2026-09-01T09:00:00+00:00
SNDE6HZFUPMKTCA7,190000,erp:price_confirmation_sim_2026-09,2026-09-01T09:00:00+00:00
BAREGAHW4DESS2FS,196200,erp:price_confirmation_sim_2026-09,2026-09-01T09:00:00+00:00
LBXEH7F6HRBJWXZ8,15000,erp:price_confirmation_sim_2026-09,2026-09-01T09:00:00+00:00
NKCE2F5HKUY2555B,48400,erp:price_confirmation_sim_2026-09,2026-09-01T09:00:00+00:00
CRTECN2QYN3ZN75Z,159900,erp:price_confirmation_sim_2026-09,2026-09-01T09:00:00+00:00
ACCEA4CABYCVWBCZ,59900,erp:price_confirmation_sim_2026-09,2026-09-01T09:00:00+00:00
SHOEF9G8GXBDSEUG,129900,erp:price_confirmation_sim_2026-09,2026-09-01T09:00:00+00:00
RTRDET9AQR7EMM2G,199900,erp:price_confirmation_sim_2026-09,2026-09-01T09:00:00+00:00
RTRDNGVMW9BGYHPH,103000,erp:price_confirmation_sim_2026-09,2026-09-01T09:00:00+00:00
SFFEGGJYFJWAV4HV,24900,erp:price_confirmation_sim_2026-09,2026-09-01T09:00:00+00:00
BBAE8M4X9GA77PAD,50000,erp:price_confirmation_sim_2026-09,2026-09-01T09:00:00+00:00
PBXEDCSE8CHTATYY,24900,erp:price_confirmation_sim_2026-09,2026-09-01T09:00:00+00:00
WATDP5NHXYENPWQW,57500,erp:price_confirmation_sim_2026-09,2026-09-01T09:00:00+00:00
SOFEE2TZENKKKYY7,2249900,erp:price_confirmation_sim_2026-09,2026-09-01T09:00:00+00:00
CAGE6GQC6UYAGC5C,32500,erp:price_confirmation_sim_2026-09,2026-09-01T09:00:00+00:00
MUGE8F5RDEYMH4YH,17500,erp:price_confirmation_sim_2026-09,2026-09-01T09:00:00+00:00
FABE9335WGYU76AQ,29900,erp:price_confirmation_sim_2026-09,2026-09-01T09:00:00+00:00
BRAE6FZPPGFFGCGH,25900,erp:price_confirmation_sim_2026-09,2026-09-01T09:00:00+00:00
WATEHVHJMDH9ME88,44900,erp:price_confirmation_sim_2026-09,2026-09-01T09:00:00+00:00
PTGEGUZHKTTY5BKJ,2178000,erp:price_confirmation_sim_2026-09,2026-09-01T09:00:00+00:00
BBAECBJ7G3YVDDZR,30000,erp:price_confirmation_sim_2026-09,2026-09-01T09:00:00+00:00
JEAEGMZZM2NAYHV6,67000,erp:price_confirmation_sim_2026-09,2026-09-01T09:00:00+00:00
SHIE2FH7YTVDHFGT,59500,erp:price_confirmation_sim_2026-09,2026-09-01T09:00:00+00:00
BRAE3TSHYTS4FCU4,7900,erp:price_confirmation_sim_2026-09,2026-09-01T09:00:00+00:00
CGPEGQYHCJABVGHZ,29900,erp:price_confirmation_sim_2026-09,2026-09-01T09:00:00+00:00
SHIEEF68UNZZDGZV,378000,erp:price_confirmation_sim_2026-09,2026-09-01T09:00:00+00:00
ACCE6BHRE3QKFRJJ,49900,erp:price_confirmation_sim_2026-09,2026-09-01T09:00:00+00:00
NKCE3HVUZFME6PYN,25500,erp:price_confirmation_sim_2026-09,2026-09-01T09:00:00+00:00
CRTEB774ZFD3FGHQ,225000,erp:price_confirmation_sim_2026-09,2026-09-01T09:00:00+00:00
BRAEDQF7KGNJ2EEW,32000,erp:price_confirmation_sim_2026-09,2026-09-01T09:00:00+00:00
HTHEAZB2FUH9FVQE,269000,erp:price_confirmation_sim_2026-09,2026-09-01T09:00:00+00:00
BALE5F2AJQFJ6TTH,52900,erp:price_confirmation_sim_2026-09,2026-09-01T09:00:00+00:00
SNDE4YPTZXYEPENZ,150000,erp:price_confirmation_sim_2026-09,2026-09-01T09:00:00+00:00
BTWE9ZPV7FJQ64KS,20000,erp:price_confirmation_sim_2026-09,2026-09-01T09:00:00+00:00
TSHE5NYHHCVJSR4S,111800,erp:price_confirmation_sim_2026-09,2026-09-01T09:00:00+00:00
SHTEC8A5UBM4RW3D,44900,erp:price_confirmation_sim_2026-09,2026-09-01T09:00:00+00:00
NKCE9AZMGW4GGTHF,19900,erp:price_confirmation_sim_2026-09,2026-09-01T09:00:00+00:00
SUDEGGB5GCHTY53K,19900,erp:price_confirmation_sim_2026-09,2026-09-01T09:00:00+00:00
SHTE8C98PYTHAZ5T,42500,erp:price_confirmation_sim_2026-09,2026-09-01T09:00:00+00:00
BOTEEMN6NM57HSBU,54900,erp:price_confirmation_sim_2026-09,2026-09-01T09:00:00+00:00
SHTE9795D6MYYRJ3,47400,erp:price_confirmation_sim_2026-09,2026-09-01T09:00:00+00:00
FABEH3PHY4AFAZ6U,269900,erp:price_confirmation_sim_2026-09,2026-09-01T09:00:00+00:00
PBXEASZREAZXZXKZ,49000,erp:price_confirmation_sim_2026-09,2026-09-01T09:00:00+00:00
BBAE87CF49NZBEEJ,35000,erp:price_confirmation_sim_2026-09,2026-09-01T09:00:00+00:00
RCLEYW4QYZAMXHJV,53900,erp:price_confirmation_sim_2026-09,2026-09-01T09:00:00+00:00
RNGE9HCYMYXGFCVH,2526300,erp:price_confirmation_sim_2026-09,2026-09-01T09:00:00+00:00
PBXE5YG7PP43XU5S,8900,erp:price_confirmation_sim_2026-09,2026-09-01T09:00:00+00:00
BRAE4DJMYZQ2QGKZ,16000,erp:price_confirmation_sim_2026-09,2026-09-01T09:00:00+00:00
BBAE9ZGYQD7ZVHZG,34900,erp:price_confirmation_sim_2026-09,2026-09-01T09:00:00+00:00
SCFEHFMHWZNYMH9C,12800,erp:price_confirmation_sim_2026-09,2026-09-01T09:00:00+00:00
NKCE6XU6NKSZPBYC,40000,erp:price_confirmation_sim_2026-09,2026-09-01T09:00:00+00:00
NSTEG48PHV8HRKYB,28600,erp:price_confirmation_sim_2026-09,2026-09-01T09:00:00+00:00
SHTE6QDFYHVZ8XCV,38200,erp:price_confirmation_sim_2026-09,2026-09-01T09:00:00+00:00
BLBEAY5YNVAPYQT5,24200,erp:price_confirmation_sim_2026-09,2026-09-01T09:00:00+00:00
SWTDSG8ZN9PMPYWK,330000,erp:price_confirmation_sim_2026-09,2026-09-01T09:00:00+00:00
DECEG7K7Y3URGWXH,28000,erp:price_confirmation_sim_2026-09,2026-09-01T09:00:00+00:00
NSTEHCA9DUDHJHZH,57900,erp:price_confirmation_sim_2026-09,2026-09-01T09:00:00+00:00
TIEEE5ZQVUG3QWPZ,59900,erp:price_confirmation_sim_2026-09,2026-09-01T09:00:00+00:00
ACCDNSFXJXKBZ49F,225000,erp:price_confirmation_sim_2026-09,2026-09-01T09:00:00+00:00
SHTEC87HXMRTFKCU,39900,erp:price_confirmation_sim_2026-09,2026-09-01T09:00:00+00:00
BKAEGFWSYB7AXUJS,84700,erp:price_confirmation_sim_2026-09,2026-09-01T09:00:00+00:00
SHIE7VFYMZMDGAEQ,109900,erp:price_confirmation_sim_2026-09,2026-09-01T09:00:00+00:00
ACCEGYP28HFF9ATP,26900,erp:price_confirmation_sim_2026-09,2026-09-01T09:00:00+00:00
TSHE4SBYNSCU5QHE,30000,erp:price_confirmation_sim_2026-09,2026-09-01T09:00:00+00:00
FABE92PZSEPSGZFK,29900,erp:price_confirmation_sim_2026-09,2026-09-01T09:00:00+00:00
USGEE5ZTJASSVBHV,79900,erp:price_confirmation_sim_2026-09,2026-09-01T09:00:00+00:00
BBAEJMG2PEDSKWXZ,30000,erp:price_confirmation_sim_2026-09,2026-09-01T09:00:00+00:00
BALDK98MYRRTHZHJ,99900,erp:price_confirmation_sim_2026-09,2026-09-01T09:00:00+00:00
SOFEE7ADPUPX9MTW,4504500,erp:price_confirmation_sim_2026-09,2026-09-01T09:00:00+00:00
PCSE4FKC73GEKW7W,44400,erp:price_confirmation_sim_2026-09,2026-09-01T09:00:00+00:00
ACCEAHRFBR6PTFZZ,69900,erp:price_confirmation_sim_2026-09,2026-09-01T09:00:00+00:00
SHTE4ZP4Y3T97MGA,49900,erp:price_confirmation_sim_2026-09,2026-09-01T09:00:00+00:00
CRTECN2QZNJG3SGV,159900,erp:price_confirmation_sim_2026-09,2026-09-01T09:00:00+00:00
WATEYAP3WGHZZ3FA,85500,erp:price_confirmation_sim_2026-09,2026-09-01T09:00:00+00:00
ACBECFGTZNHSQHXF,75600,erp:price_confirmation_sim_2026-09,2026-09-01T09:00:00+00:00
DEOEG9GYD746P2DH,44700,erp:price_confirmation_sim_2026-09,2026-09-01T09:00:00+00:00
BRAEDQDFVRGZBEEY,28900,erp:price_confirmation_sim_2026-09,2026-09-01T09:00:00+00:00
HDREHKYRHEYAJWZD,129900,erp:price_confirmation_sim_2026-09,2026-09-01T09:00:00+00:00
LJGE8MZQSX6QHFZU,29900,erp:price_confirmation_sim_2026-09,2026-09-01T09:00:00+00:00
PBLEGVWGHJAZ3KVW,20000,erp:price_confirmation_sim_2026-09,2026-09-01T09:00:00+00:00
DREE5M4ZTEFMF4W5,69900,erp:price_confirmation_sim_2026-09,2026-09-01T09:00:00+00:00
NKCE996SQR4MGZSC,38000,erp:price_confirmation_sim_2026-09,2026-09-01T09:00:00+00:00
FABEHEKDFBMVKSRG,44900,erp:price_confirmation_sim_2026-09,2026-09-01T09:00:00+00:00
SHTEBH65NWPQJTAD,49400,erp:price_confirmation_sim_2026-09,2026-09-01T09:00:00+00:00
LACEGEZDSQ5JKX2G,32900,erp:price_confirmation_sim_2026-09,2026-09-01T09:00:00+00:00
NKCE9PFFKZWGCJMV,39900,erp:price_confirmation_sim_2026-09,2026-09-01T09:00:00+00:00
PEBEDMZDAUTFWWHV,104900,erp:price_confirmation_sim_2026-09,2026-09-01T09:00:00+00:00
BRAECTFYBT6YHYE3,22500,erp:price_confirmation_sim_2026-09,2026-09-01T09:00:00+00:00
BRAECFAQRUQMTZYG,19900,erp:price_confirmation_sim_2026-09,2026-09-01T09:00:00+00:00
PCSEDYVBHT3EFHDK,49900,erp:price_confirmation_sim_2026-09,2026-09-01T09:00:00+00:00
BRAEAR7W3UGEZESY,27000,erp:price_confirmation_sim_2026-09,2026-09-01T09:00:00+00:00
ACCEYYFYNFKKTZSZ,7900,erp:price_confirmation_sim_2026-09,2026-09-01T09:00:00+00:00
YSPEGGA5JKZFHP97,168700,erp:price_confirmation_sim_2026-09,2026-09-01T09:00:00+00:00
TSHE6KBG9ZKYHEZD,39900,erp:price_confirmation_sim_2026-09,2026-09-01T09:00:00+00:00
USGEE39ZKAU9DDA3,48000,erp:price_confirmation_sim_2026-09,2026-09-01T09:00:00+00:00
ACBECFGTUMPYFR6Z,75600,erp:price_confirmation_sim_2026-09,2026-09-01T09:00:00+00:00
CPCE8HXCNMHVH2FX,102600,erp:price_confirmation_sim_2026-09,2026-09-01T09:00:00+00:00
BLAECYJBSHFYG5VR,109900,erp:price_confirmation_sim_2026-09,2026-09-01T09:00:00+00:00
ACCE7HKR3QHGFYVF,39900,erp:price_confirmation_sim_2026-09,2026-09-01T09:00:00+00:00
DREEAM8QTHGSDYJV,101100,erp:price_confirmation_sim_2026-09,2026-09-01T09:00:00+00:00
STIE9F5TWBGRANFP,114300,erp:price_confirmation_sim_2026-09,2026-09-01T09:00:00+00:00
TOPEDZ8BJCGUJ86T,65000,erp:price_confirmation_sim_2026-09,2026-09-01T09:00:00+00:00
TIEEEYH59522JQ2G,49900,erp:price_confirmation_sim_2026-09,2026-09-01T09:00:00+00:00
PRCE3WRYGKBAZGR8,319000,erp:price_confirmation_sim_2026-09,2026-09-01T09:00:00+00:00
WATE8H95AJHGJWGY,55000,erp:price_confirmation_sim_2026-09,2026-09-01T09:00:00+00:00
SHOECYEZEHPVXYMV,199900,erp:price_confirmation_sim_2026-09,2026-09-01T09:00:00+00:00
NKCEFXYQ3AZGTBWY,49900,erp:price_confirmation_sim_2026-09,2026-09-01T09:00:00+00:00
WCKE56UCYJSEZKKG,74900,erp:price_confirmation_sim_2026-09,2026-09-01T09:00:00+00:00
SNDE6S7NZTD7QQ7M,224100,erp:price_confirmation_sim_2026-09,2026-09-01T09:00:00+00:00
TKPE7DH2GGGYGJAM,34900,erp:price_confirmation_sim_2026-09,2026-09-01T09:00:00+00:00
FABE78FYBHV4JJFJ,16900,erp:price_confirmation_sim_2026-09,2026-09-01T09:00:00+00:00
NKCDU4RZZAMFHSQY,21900,erp:price_confirmation_sim_2026-09,2026-09-01T09:00:00+00:00
TSHE7KBMACNCBZFK,58400,erp:price_confirmation_sim_2026-09,2026-09-01T09:00:00+00:00
BRAECBDFTKQCNMKT,29900,erp:price_confirmation_sim_2026-09,2026-09-01T09:00:00+00:00
ACCDYDY6PBZGPYDT,129900,erp:price_confirmation_sim_2026-09,2026-09-01T09:00:00+00:00
CAGEBTJBAQKZUVQD,32500,erp:price_confirmation_sim_2026-09,2026-09-01T09:00:00+00:00
HMBEGFGECSN8SG3H,29900,erp:price_confirmation_sim_2026-09,2026-09-01T09:00:00+00:00
JWSE7RRYXAJHBYJ7,99000,erp:price_confirmation_sim_2026-09,2026-09-01T09:00:00+00:00
PLWEBNRHHCXBBBMA,29500,erp:price_confirmation_sim_2026-09,2026-09-01T09:00:00+00:00
MNKE5YG7USVVTPCZ,44400,erp:price_confirmation_sim_2026-09,2026-09-01T09:00:00+00:00
PPME8GF3HKMGBNH4,19900,erp:price_confirmation_sim_2026-09,2026-09-01T09:00:00+00:00
PBXE68H4BURDZ6VT,27000,erp:price_confirmation_sim_2026-09,2026-09-01T09:00:00+00:00
SHIE9KPJYFHMQCQN,49900,erp:price_confirmation_sim_2026-09,2026-09-01T09:00:00+00:00
CGCEG28UCFAFNXBH,220000,erp:price_confirmation_sim_2026-09,2026-09-01T09:00:00+00:00
BLAEE3YZ4ZGKEWYS,129900,erp:price_confirmation_sim_2026-09,2026-09-01T09:00:00+00:00
POSEH6RFMHRP9WNZ,24500,erp:price_confirmation_sim_2026-09,2026-09-01T09:00:00+00:00
BRAE8AEYGVPNYWG9,34900,erp:price_confirmation_sim_2026-09,2026-09-01T09:00:00+00:00
RNGEBQZRSFFV545U,2537100,erp:price_confirmation_sim_2026-09,2026-09-01T09:00:00+00:00
PELEFH68C78FS8GS,139900,erp:price_confirmation_sim_2026-09,2026-09-01T09:00:00+00:00
CRTECN2QYYFYJFTV,135000,erp:price_confirmation_sim_2026-09,2026-09-01T09:00:00+00:00
CPCE8VZFRPNUFFGE,91900,erp:price_confirmation_sim_2026-09,2026-09-01T09:00:00+00:00
KRTEH3J5FGQTYMGH,85000,erp:price_confirmation_sim_2026-09,2026-09-01T09:00:00+00:00
ACCDXH5HDZZU8QRH,24900,erp:price_confirmation_sim_2026-09,2026-09-01T09:00:00+00:00
SNDEAN42XPSZS7MN,95600,erp:price_confirmation_sim_2026-09,2026-09-01T09:00:00+00:00
BBAE4S7STYXXGREB,44900,erp:price_confirmation_sim_2026-09,2026-09-01T09:00:00+00:00
ARTEGVFDAZVRGHDD,19900,erp:price_confirmation_sim_2026-09,2026-09-01T09:00:00+00:00
TSHE6UDNZ787GK4X,111800,erp:price_confirmation_sim_2026-09,2026-09-01T09:00:00+00:00
FABEG7D8SFXTJCUD,99900,erp:price_confirmation_sim_2026-09,2026-09-01T09:00:00+00:00
ACCEA4BDBJVK7BGQ,59900,erp:price_confirmation_sim_2026-09,2026-09-01T09:00:00+00:00
SHIE2NM4FBBAYP9U,174900,erp:price_confirmation_sim_2026-09,2026-09-01T09:00:00+00:00
SHTECQYNKGZNNBRP,199900,erp:price_confirmation_sim_2026-09,2026-09-01T09:00:00+00:00
SNDEEFTGGK9DSQSH,79900,erp:price_confirmation_sim_2026-09,2026-09-01T09:00:00+00:00
BTWE5QUGZHGG8YZH,28000,erp:price_confirmation_sim_2026-09,2026-09-01T09:00:00+00:00
SHOEHEP5EWSGZ7XA,949900,erp:price_confirmation_sim_2026-09,2026-09-01T09:00:00+00:00
PEBED5CDP86AVYBZ,139000,erp:price_confirmation_sim_2026-09,2026-09-01T09:00:00+00:00
LJGEBNNZGHGUECCT,79900,erp:price_confirmation_sim_2026-09,2026-09-01T09:00:00+00:00
SHOEJF5G5NAZ4EMG,29800,erp:price_confirmation_sim_2026-09,2026-09-01T09:00:00+00:00
JUMEBYV7G9SYGWAY,77700,erp:price_confirmation_sim_2026-09,2026-09-01T09:00:00+00:00
CNDEGVK2ZMCGSCEQ,131900,erp:price_confirmation_sim_2026-09,2026-09-01T09:00:00+00:00
SHTEFBPX324BEKVG,40000,erp:price_confirmation_sim_2026-09,2026-09-01T09:00:00+00:00
GRTEFNZ6HUYDE3TZ,19900,erp:price_confirmation_sim_2026-09,2026-09-01T09:00:00+00:00
HMBEGDYJHYWEPKAS,139900,erp:price_confirmation_sim_2026-09,2026-09-01T09:00:00+00:00
BCHEGTS9Z3RKZYTM,40000,erp:price_confirmation_sim_2026-09,2026-09-01T09:00:00+00:00
HMBEDCJHGYJA5XFR,39900,erp:price_confirmation_sim_2026-09,2026-09-01T09:00:00+00:00
HKHE62MHFXUB85ZE,19900,erp:price_confirmation_sim_2026-09,2026-09-01T09:00:00+00:00
DEOEGBCHDUBQGQ8B,69900,erp:price_confirmation_sim_2026-09,2026-09-01T09:00:00+00:00
LJGE9YD3WZPRNQ4E,34900,erp:price_confirmation_sim_2026-09,2026-09-01T09:00:00+00:00
TSHEBCKMEMWZZAAP,30000,erp:price_confirmation_sim_2026-09,2026-09-01T09:00:00+00:00
POSEJUACYNRRFWFH,69900,erp:price_confirmation_sim_2026-09,2026-09-01T09:00:00+00:00
KTAEHE9KPZU5JK2P,44900,erp:price_confirmation_sim_2026-09,2026-09-01T09:00:00+00:00
MAKEJAK6JWM3GWME,28000,erp:price_confirmation_sim_2026-09,2026-09-01T09:00:00+00:00
RNGEDAPSYZYZXZEZ,2566900,erp:price_confirmation_sim_2026-09,2026-09-01T09:00:00+00:00
TOPE8S7QVYHDFTZX,79900,erp:price_confirmation_sim_2026-09,2026-09-01T09:00:00+00:00
TOPE9T8FXVBGHGQS,39900,erp:price_confirmation_sim_2026-09,2026-09-01T09:00:00+00:00
RTRECRF7ND5CVZZX,199900,erp:price_confirmation_sim_2026-09,2026-09-01T09:00:00+00:00
NKCEAFM7PNFKNZSH,42000,erp:price_confirmation_sim_2026-09,2026-09-01T09:00:00+00:00
TSHED242DRARXGBJ,48500,erp:price_confirmation_sim_2026-09,2026-09-01T09:00:00+00:00
ACCEGR4ZHHMWSMFM,16900,erp:price_confirmation_sim_2026-09,2026-09-01T09:00:00+00:00
TOPEDZ8BFNBWQYGT,120000,erp:price_confirmation_sim_2026-09,2026-09-01T09:00:00+00:00
CRNECTCZ4ZQZRBR7,224900,erp:price_confirmation_sim_2026-09,2026-09-01T09:00:00+00:00
WCKEGGGDUYZHCHJY,75000,erp:price_confirmation_sim_2026-09,2026-09-01T09:00:00+00:00
SFFEG3FZXBBHJHZG,49900,erp:price_confirmation_sim_2026-09,2026-09-01T09:00:00+00:00
SNDEBYHEHKFQASJT,77900,erp:price_confirmation_sim_2026-09,2026-09-01T09:00:00+00:00
TSHEDHVRAZGUCGNJ,189800,erp:price_confirmation_sim_2026-09,2026-09-01T09:00:00+00:00
LJGE8VHAQSUQDC6M,49900,erp:price_confirmation_sim_2026-09,2026-09-01T09:00:00+00:00
DRPEHYHG9YYHD2HH,49900,erp:price_confirmation_sim_2026-09,2026-09-01T09:00:00+00:00
VMREGZPQGV6ENXFG,64400,erp:price_confirmation_sim_2026-09,2026-09-01T09:00:00+00:00
CRTECN2QW9H2NWF2,159900,erp:price_confirmation_sim_2026-09,2026-09-01T09:00:00+00:00
CAGE38D7F5XQSYNC,35400,erp:price_confirmation_sim_2026-09,2026-09-01T09:00:00+00:00
STIE9F5UZZHYBAWY,149700,erp:price_confirmation_sim_2026-09,2026-09-01T09:00:00+00:00
SNDEJZ2JZ7GN4FCD,110000,erp:price_confirmation_sim_2026-09,2026-09-01T09:00:00+00:00
SHIE39QJZY3BNW3A,149000,erp:price_confirmation_sim_2026-09,2026-09-01T09:00:00+00:00
CAGE8PKGGGHUXMEN,16500,erp:price_confirmation_sim_2026-09,2026-09-01T09:00:00+00:00
JCKEC8AVHUPEFF5X,101900,erp:price_confirmation_sim_2026-09,2026-09-01T09:00:00+00:00
TSHEDCVYG8XP47ZE,69900,erp:price_confirmation_sim_2026-09,2026-09-01T09:00:00+00:00
ACCE8XZMDYUKF8SG,59900,erp:price_confirmation_sim_2026-09,2026-09-01T09:00:00+00:00
BXRE7YHJVCUKHKF7,54900,erp:price_confirmation_sim_2026-09,2026-09-01T09:00:00+00:00
CPCEKY4TKBYFE7PH,48900,erp:price_confirmation_sim_2026-09,2026-09-01T09:00:00+00:00
USGEBZ7UHGHM4F7T,69900,erp:price_confirmation_sim_2026-09,2026-09-01T09:00:00+00:00
TOPEC89ZP7VSJGZK,88000,erp:price_confirmation_sim_2026-09,2026-09-01T09:00:00+00:00
NKCE6NHRGQJHWFDK,28800,erp:price_confirmation_sim_2026-09,2026-09-01T09:00:00+00:00
TSHE7S4HYXCHZZ4N,59900,erp:price_confirmation_sim_2026-09,2026-09-01T09:00:00+00:00
KRTECQSZ85P8QKZU,60600,erp:price_confirmation_sim_2026-09,2026-09-01T09:00:00+00:00
SHIEYZF6UHDUDHN5,179900,erp:price_confirmation_sim_2026-09,2026-09-01T09:00:00+00:00
DIAE5DGHNXFXRCFB,25000,erp:price_confirmation_sim_2026-09,2026-09-01T09:00:00+00:00
SUDEHYGUMVVYKJCW,35800,erp:price_confirmation_sim_2026-09,2026-09-01T09:00:00+00:00
NKCE2YCPMYGTHDKD,17700,erp:price_confirmation_sim_2026-09,2026-09-01T09:00:00+00:00
DREEBZB5XEMEEF3Z,69000,erp:price_confirmation_sim_2026-09,2026-09-01T09:00:00+00:00
ACCE93GXBKVUSHVD,94900,erp:price_confirmation_sim_2026-09,2026-09-01T09:00:00+00:00
CAGDUDG8FHXXUYJS,29900,erp:price_confirmation_sim_2026-09,2026-09-01T09:00:00+00:00
KTAEJMAGQYBUW7QG,47400,erp:price_confirmation_sim_2026-09,2026-09-01T09:00:00+00:00
BBAE9VRNJXQDTTRM,69900,erp:price_confirmation_sim_2026-09,2026-09-01T09:00:00+00:00
PPSE2QSAMAWW94WA,73500,erp:price_confirmation_sim_2026-09,2026-09-01T09:00:00+00:00
SUDEGGAVHRHX2GZV,19900,erp:price_confirmation_sim_2026-09,2026-09-01T09:00:00+00:00
BBAEB9KV5GQZZZYK,29800,erp:price_confirmation_sim_2026-09,2026-09-01T09:00:00+00:00
SHTE6G4TGVVDGGQH,199900,erp:price_confirmation_sim_2026-09,2026-09-01T09:00:00+00:00
ACCE9DJHVGYY8BD5,168500,erp:price_confirmation_sim_2026-09,2026-09-01T09:00:00+00:00
SNDEJMNRH4EBTTA6,119900,erp:price_confirmation_sim_2026-09,2026-09-01T09:00:00+00:00
USGEDST69PGHVYH8,64900,erp:price_confirmation_sim_2026-09,2026-09-01T09:00:00+00:00
SUDEHYGURKV9EVVS,35800,erp:price_confirmation_sim_2026-09,2026-09-01T09:00:00+00:00
SHTE8W9QTNENVHJ5,44900,erp:price_confirmation_sim_2026-09,2026-09-01T09:00:00+00:00
SHIEAXGYUTQSUBUQ,235200,erp:price_confirmation_sim_2026-09,2026-09-01T09:00:00+00:00
KLSEGVEFE3GGWHKB,29900,erp:price_confirmation_sim_2026-09,2026-09-01T09:00:00+00:00
RTRDNGVMKKUNBA5B,174900,erp:price_confirmation_sim_2026-09,2026-09-01T09:00:00+00:00
BBAEE8975GVQKFAU,50000,erp:price_confirmation_sim_2026-09,2026-09-01T09:00:00+00:00
ACCEFH5C3W5VFM84,16400,erp:price_confirmation_sim_2026-09,2026-09-01T09:00:00+00:00
LJGEG6UPBW8GKPRD,47400,erp:price_confirmation_sim_2026-09,2026-09-01T09:00:00+00:00
DREE2J3FEARC9QUN,89900,erp:price_confirmation_sim_2026-09,2026-09-01T09:00:00+00:00
BRAEBHDVYFH5AWYH,49900,erp:price_confirmation_sim_2026-09,2026-09-01T09:00:00+00:00
SHOE2FQCKJDCP9ZW,63900,erp:price_confirmation_sim_2026-09,2026-09-01T09:00:00+00:00
MUGEAGGKVNSUCWUG,19900,erp:price_confirmation_sim_2026-09,2026-09-01T09:00:00+00:00
PCSEA7HBHMUNHZRP,525000,erp:price_confirmation_sim_2026-09,2026-09-01T09:00:00+00:00
ETHEGCR3PYGB3MA4,159900,erp:price_confirmation_sim_2026-09,2026-09-01T09:00:00+00:00
TOPEHZSZVJZMQZJU,55600,erp:price_confirmation_sim_2026-09,2026-09-01T09:00:00+00:00
BLAE8YHUYQG5JBBF,84000,erp:price_confirmation_sim_2026-09,2026-09-01T09:00:00+00:00
ACCEGUYANPHVDGNK,44900,erp:price_confirmation_sim_2026-09,2026-09-01T09:00:00+00:00
RNGEDAPFZWSSMHYW,1820000,erp:price_confirmation_sim_2026-09,2026-09-01T09:00:00+00:00
SNDEDGBMM8UGED7W,32500,erp:price_confirmation_sim_2026-09,2026-09-01T09:00:00+00:00
JCKDXPJGFGS7UGHZ,149900,erp:price_confirmation_sim_2026-09,2026-09-01T09:00:00+00:00
ACCDXFPYHYPFXGCY,129900,erp:price_confirmation_sim_2026-09,2026-09-01T09:00:00+00:00
ACCEGCAVVG6GQ8P5,16900,erp:price_confirmation_sim_2026-09,2026-09-01T09:00:00+00:00
BBAEEEGYJK5SWZH9,66900,erp:price_confirmation_sim_2026-09,2026-09-01T09:00:00+00:00
TOPE7BZAZKKJJXB6,119900,erp:price_confirmation_sim_2026-09,2026-09-01T09:00:00+00:00
CRTECN2QXU2DFRMM,159900,erp:price_confirmation_sim_2026-09,2026-09-01T09:00:00+00:00
ACCE9Z4HZHMZNSGK,59900,erp:price_confirmation_sim_2026-09,2026-09-01T09:00:00+00:00
DREECCMNTG6KXD77,89900,erp:price_confirmation_sim_2026-09,2026-09-01T09:00:00+00:00
SHOECQQFYNSCRFBR,99900,erp:price_confirmation_sim_2026-09,2026-09-01T09:00:00+00:00
ACCE9DJUASGKAZRK,168500,erp:price_confirmation_sim_2026-09,2026-09-01T09:00:00+00:00
ACCEGUY72CYWXAEW,44900,erp:price_confirmation_sim_2026-09,2026-09-01T09:00:00+00:00
WATE7NSTSTUUH7WM,99500,erp:price_confirmation_sim_2026-09,2026-09-01T09:00:00+00:00
RNGEBKGHZYZMEREZ,2390200,erp:price_confirmation_sim_2026-09,2026-09-01T09:00:00+00:00
USGEDZEKBZKVYEZC,24900,erp:price_confirmation_sim_2026-09,2026-09-01T09:00:00+00:00
SNDEGFJHB7XH9YPW,49900,erp:price_confirmation_sim_2026-09,2026-09-01T09:00:00+00:00
SHTE94XFZA3R8EMU,40000,erp:price_confirmation_sim_2026-09,2026-09-01T09:00:00+00:00
RNGE82XPT3HRHBA2,3479900,erp:price_confirmation_sim_2026-09,2026-09-01T09:00:00+00:00
ACCEDTNRCATDEC54,40000,erp:price_confirmation_sim_2026-09,2026-09-01T09:00:00+00:00
SHOEARZJRN6RGQR6,174900,erp:price_confirmation_sim_2026-09,2026-09-01T09:00:00+00:00
KTAEBYMZZXMTKRGG,81500,erp:price_confirmation_sim_2026-09,2026-09-01T09:00:00+00:00
ACCE9Y6RPMZFHQQF,59900,erp:price_confirmation_sim_2026-09,2026-09-01T09:00:00+00:00
FDUE6ZHHR9AAKU2B,15400,erp:price_confirmation_sim_2026-09,2026-09-01T09:00:00+00:00
BBAE5GMYUBCDMFSF,34600,erp:price_confirmation_sim_2026-09,2026-09-01T09:00:00+00:00
SHTEY3BTCJMHHVCN,39900,erp:price_confirmation_sim_2026-09,2026-09-01T09:00:00+00:00
PCSE4V8HRKQH5A5V,179900,erp:price_confirmation_sim_2026-09,2026-09-01T09:00:00+00:00
CRTECN2QYBHA7QCU,138000,erp:price_confirmation_sim_2026-09,2026-09-01T09:00:00+00:00
NKCEFAG9Y7ZHS6M7,31500,erp:price_confirmation_sim_2026-09,2026-09-01T09:00:00+00:00
SHOE53GTNBHWXQ3M,179000,erp:price_confirmation_sim_2026-09,2026-09-01T09:00:00+00:00
CRTECN2QVB3PB5HX,138000,erp:price_confirmation_sim_2026-09,2026-09-01T09:00:00+00:00
RNGEDAK9ZHDQPFAZ,3392000,erp:price_confirmation_sim_2026-09,2026-09-01T09:00:00+00:00
PWBEH239K4WVXXMM,49900,erp:price_confirmation_sim_2026-09,2026-09-01T09:00:00+00:00
TSHE75PXSMNAZZVS,97900,erp:price_confirmation_sim_2026-09,2026-09-01T09:00:00+00:00
HAREGHFYTVPNXEG6,29700,erp:price_confirmation_sim_2026-09,2026-09-01T09:00:00+00:00
SHTE34TJTDDGP8TH,90900,erp:price_confirmation_sim_2026-09,2026-09-01T09:00:00+00:00
NKCECQYZNVJKFMJV,47500,erp:price_confirmation_sim_2026-09,2026-09-01T09:00:00+00:00
SNDEA5EG9KPNG38S,34900,erp:price_confirmation_sim_2026-09,2026-09-01T09:00:00+00:00
DREEABATS5YMYF5A,69000,erp:price_confirmation_sim_2026-09,2026-09-01T09:00:00+00:00
ACCE4YAHHTZNGUCB,89900,erp:price_confirmation_sim_2026-09,2026-09-01T09:00:00+00:00
CRNEEABUH9AJ4FEP,59900,erp:price_confirmation_sim_2026-09,2026-09-01T09:00:00+00:00
BEMEEZ6CFDVZTGWW,1616600,erp:price_confirmation_sim_2026-09,2026-09-01T09:00:00+00:00
SHTE8CX8Q3SMVXSB,49700,erp:price_confirmation_sim_2026-09,2026-09-01T09:00:00+00:00
STIEYZ5T6WKUJERC,39900,erp:price_confirmation_sim_2026-09,2026-09-01T09:00:00+00:00
SNDEYGKYHFGMBHJS,99000,erp:price_confirmation_sim_2026-09,2026-09-01T09:00:00+00:00
CAGDWGCSDGYNDH3Y,29500,erp:price_confirmation_sim_2026-09,2026-09-01T09:00:00+00:00
TSHEF3Z28VB2TEZU,44800,erp:price_confirmation_sim_2026-09,2026-09-01T09:00:00+00:00
BRAEDUXKWTYRBXZH,29900,erp:price_confirmation_sim_2026-09,2026-09-01T09:00:00+00:00
ACBEA4498TDPW6JP,65900,erp:price_confirmation_sim_2026-09,2026-09-01T09:00:00+00:00
USGEEF3QJJ7D7B2B,22900,erp:price_confirmation_sim_2026-09,2026-09-01T09:00:00+00:00
PENDTRFZAXHCGKF3,96000,erp:price_confirmation_sim_2026-09,2026-09-01T09:00:00+00:00
HACEGKHCGRWZURKD,18900,erp:price_confirmation_sim_2026-09,2026-09-01T09:00:00+00:00
TRODYXVC8MXEWWQR,64900,erp:price_confirmation_sim_2026-09,2026-09-01T09:00:00+00:00
BLAE8B5G4GWTBEEH,31000,erp:price_confirmation_sim_2026-09,2026-09-01T09:00:00+00:00
ACCDVHJPZYZVJYJG,149900,erp:price_confirmation_sim_2026-09,2026-09-01T09:00:00+00:00
STIEHQ8J4KSKG5PS,19900,erp:price_confirmation_sim_2026-09,2026-09-01T09:00:00+00:00
VESEHC6PHMF6H4RK,59400,erp:price_confirmation_sim_2026-09,2026-09-01T09:00:00+00:00
TSHE3H9TYXGMS6GV,29900,erp:price_confirmation_sim_2026-09,2026-09-01T09:00:00+00:00
SHTECS55HGTR8YDG,77900,erp:price_confirmation_sim_2026-09,2026-09-01T09:00:00+00:00
FABE92NVKXGFYBWC,29900,erp:price_confirmation_sim_2026-09,2026-09-01T09:00:00+00:00
BCHEG3HHQGGTEAWG,37300,erp:price_confirmation_sim_2026-09,2026-09-01T09:00:00+00:00
NKCE8BG8TK3KZ7NA,29900,erp:price_confirmation_sim_2026-09,2026-09-01T09:00:00+00:00
TKPEGM7QPGUZMQMD,44900,erp:price_confirmation_sim_2026-09,2026-09-01T09:00:00+00:00
SWIE5GN6EQ4HKHVD,69900,erp:price_confirmation_sim_2026-09,2026-09-01T09:00:00+00:00
RNGDTBQUQZZEZYPZ,212500,erp:price_confirmation_sim_2026-09,2026-09-01T09:00:00+00:00
SHOE3774HGBXWZZG,189900,erp:price_confirmation_sim_2026-09,2026-09-01T09:00:00+00:00
USGEDSGQPYKN9YKU,9800,erp:price_confirmation_sim_2026-09,2026-09-01T09:00:00+00:00
ACCE9Y6PUYZSQP7W,59900,erp:price_confirmation_sim_2026-09,2026-09-01T09:00:00+00:00
CAGE6FZQH7KMNAKA,35000,erp:price_confirmation_sim_2026-09,2026-09-01T09:00:00+00:00
RNGEJ39US9ENJXYF,250000,erp:price_confirmation_sim_2026-09,2026-09-01T09:00:00+00:00
PBXE6ZHNEGF3VGZW,29900,erp:price_confirmation_sim_2026-09,2026-09-01T09:00:00+00:00
BRAEE3RMMRRFQ9AD,18000,erp:price_confirmation_sim_2026-09,2026-09-01T09:00:00+00:00
SHOE7NJSGVYAUEGN,49900,erp:price_confirmation_sim_2026-09,2026-09-01T09:00:00+00:00
CPCE8GHXZMCZWHZB,59900,erp:price_confirmation_sim_2026-09,2026-09-01T09:00:00+00:00
SNDEB5BWRYHFMKHD,39900,erp:price_confirmation_sim_2026-09,2026-09-01T09:00:00+00:00
BLAEAWAAHNSCV8FR,419900,erp:price_confirmation_sim_2026-09,2026-09-01T09:00:00+00:00
TSHEHHHEXWHTRDFJ,51900,erp:price_confirmation_sim_2026-09,2026-09-01T09:00:00+00:00
NKCE9PFFNHUK8AZD,39900,erp:price_confirmation_sim_2026-09,2026-09-01T09:00:00+00:00
TSHEGACTV6KHYKNR,119900,erp:price_confirmation_sim_2026-09,2026-09-01T09:00:00+00:00
CRTECN2QV33YCZYX,135000,erp:price_confirmation_sim_2026-09,2026-09-01T09:00:00+00:00
SHODZU52YFHY6ZV5,219900,erp:price_confirmation_sim_2026-09,2026-09-01T09:00:00+00:00
CPCE7YZXRZKYNPKR,69900,erp:price_confirmation_sim_2026-09,2026-09-01T09:00:00+00:00
SNRE6DNNHRCCZ6VK,10500,erp:price_confirmation_sim_2026-09,2026-09-01T09:00:00+00:00
ACCED9RVHZNWFMB4,33000,erp:price_confirmation_sim_2026-09,2026-09-01T09:00:00+00:00
ACCDVHJPEVANMBVC,149900,erp:price_confirmation_sim_2026-09,2026-09-01T09:00:00+00:00
TKTEE8A2GASMXG5H,49900,erp:price_confirmation_sim_2026-09,2026-09-01T09:00:00+00:00
WATE3NWH5FZWAMDA,72500,erp:price_confirmation_sim_2026-09,2026-09-01T09:00:00+00:00
NKCEBGPNXQFXGSKS,59900,erp:price_confirmation_sim_2026-09,2026-09-01T09:00:00+00:00
CRTECN2QZ6S5X2QN,159900,erp:price_confirmation_sim_2026-09,2026-09-01T09:00:00+00:00
BBAEDFFKG2F4MZSA,499900,erp:price_confirmation_sim_2026-09,2026-09-01T09:00:00+00:00
PBXE5SUCMQSQA7G8,7100,erp:price_confirmation_sim_2026-09,2026-09-01T09:00:00+00:00
NKCEGMUZBRDAPCJK,169000,erp:price_confirmation_sim_2026-09,2026-09-01T09:00:00+00:00
ACCE9DJXJKYTP7UF,168500,erp:price_confirmation_sim_2026-09,2026-09-01T09:00:00+00:00
RNGEDAPTVZVHEWHZ,3076400,erp:price_confirmation_sim_2026-09,2026-09-01T09:00:00+00:00
BLAEB3XACYHKJGTZ,599900,erp:price_confirmation_sim_2026-09,2026-09-01T09:00:00+00:00
TOPE5F53GUYFP5DD,77200,erp:price_confirmation_sim_2026-09,2026-09-01T09:00:00+00:00
BLAEBZRJ3PFRVMRE,117000,erp:price_confirmation_sim_2026-09,2026-09-01T09:00:00+00:00
NKCE7S69FPFG9S5C,25000,erp:price_confirmation_sim_2026-09,2026-09-01T09:00:00+00:00
PCSEDT7S9UVVR68Y,278000,erp:price_confirmation_sim_2026-09,2026-09-01T09:00:00+00:00
ACCEGH6QZH3EDXK5,45400,erp:price_confirmation_sim_2026-09,2026-09-01T09:00:00+00:00
ETHEGBVP9VHFZD7R,337200,erp:price_confirmation_sim_2026-09,2026-09-01T09:00:00+00:00
BEOEGXRWE4NDBJNV,389900,erp:price_confirmation_sim_2026-09,2026-09-01T09:00:00+00:00
JWSDZMA44VZZWZAX,69900,erp:price_confirmation_sim_2026-09,2026-09-01T09:00:00+00:00
BRAE5VAWXNJUNHHH,27000,erp:price_confirmation_sim_2026-09,2026-09-01T09:00:00+00:00
BLAEAWAA2ZEZWKYU,499900,erp:price_confirmation_sim_2026-09,2026-09-01T09:00:00+00:00
TMLEERDZWGG2QYC5,74900,erp:price_confirmation_sim_2026-09,2026-09-01T09:00:00+00:00
CRNEBQCZHNX8SRWZ,319600,erp:price_confirmation_sim_2026-09,2026-09-01T09:00:00+00:00
FABE8VTWXSASGFDH,54900,erp:price_confirmation_sim_2026-09,2026-09-01T09:00:00+00:00
PLLEHQUGEB6D5FCX,139900,erp:price_confirmation_sim_2026-09,2026-09-01T09:00:00+00:00
PBXE9YWGS6S6HCQF,23000,erp:price_confirmation_sim_2026-09,2026-09-01T09:00:00+00:00
DREEAXE3RZMHYH94,69700,erp:price_confirmation_sim_2026-09,2026-09-01T09:00:00+00:00
ACCE8XZMDHKTDDTY,59900,erp:price_confirmation_sim_2026-09,2026-09-01T09:00:00+00:00
STIEYZ5TJ8FBPSBV,39900,erp:price_confirmation_sim_2026-09,2026-09-01T09:00:00+00:00
BRAEAR7WHGZHMF4B,27000,erp:price_confirmation_sim_2026-09,2026-09-01T09:00:00+00:00
BRAE8WPSH2EVXGBM,49900,erp:price_confirmation_sim_2026-09,2026-09-01T09:00:00+00:00
USGEDQPJS7KAZRXF,21900,erp:price_confirmation_sim_2026-09,2026-09-01T09:00:00+00:00
PTPE4HEYXCVJ9MEB,130700,erp:price_confirmation_sim_2026-09,2026-09-01T09:00:00+00:00
PCSDY5AFFB4EXAX6,35000,erp:price_confirmation_sim_2026-09,2026-09-01T09:00:00+00:00
DEOEG73YYY6XKA5H,15400,erp:price_confirmation_sim_2026-09,2026-09-01T09:00:00+00:00
CRTECN2QY8X3MMJ5,159900,erp:price_confirmation_sim_2026-09,2026-09-01T09:00:00+00:00
VAREJGRFHDKSGZT9,99900,erp:price_confirmation_sim_2026-09,2026-09-01T09:00:00+00:00
NKCEF9GTEWAJD6NH,49900,erp:price_confirmation_sim_2026-09,2026-09-01T09:00:00+00:00
NKCE5H4XKUYRKGAG,29900,erp:price_confirmation_sim_2026-09,2026-09-01T09:00:00+00:00
PEBEBG4ZFM5DH66F,129900,erp:price_confirmation_sim_2026-09,2026-09-01T09:00:00+00:00
NKCE8RB5PMVBAG7W,38300,erp:price_confirmation_sim_2026-09,2026-09-01T09:00:00+00:00
AFGEFM638GHE2MGD,244100,erp:price_confirmation_sim_2026-09,2026-09-01T09:00:00+00:00
POSEH49H6VAUSEUZ,99900,erp:price_confirmation_sim_2026-09,2026-09-01T09:00:00+00:00
GOGEHZ5PKPZJG38Y,45000,erp:price_confirmation_sim_2026-09,2026-09-01T09:00:00+00:00
MUGEBFGFYPNW7GQ8,29900,erp:price_confirmation_sim_2026-09,2026-09-01T09:00:00+00:00
NKCDXEGW7APJ97YS,42000,erp:price_confirmation_sim_2026-09,2026-09-01T09:00:00+00:00
TSHEAFE4ZWZZSNHH,63000,erp:price_confirmation_sim_2026-09,2026-09-01T09:00:00+00:00
NKCE9ABEXSYBVBVB,29900,erp:price_confirmation_sim_2026-09,2026-09-01T09:00:00+00:00
GLSEHB7RQJFVT6GS,54900,erp:price_confirmation_sim_2026-09,2026-09-01T09:00:00+00:00
TOPEGGEFVZAZHTZN,44900,erp:price_confirmation_sim_2026-09,2026-09-01T09:00:00+00:00
DIAE4Q5MP7TFVZ8T,89000,erp:price_confirmation_sim_2026-09,2026-09-01T09:00:00+00:00
GLSEHFJZ2N9C3WYK,178000,erp:price_confirmation_sim_2026-09,2026-09-01T09:00:00+00:00
ERGE4DSXWKPRMJPY,188000,erp:price_confirmation_sim_2026-09,2026-09-01T09:00:00+00:00
WATEBMY8HWCHMZZ5,52500,erp:price_confirmation_sim_2026-09,2026-09-01T09:00:00+00:00
SHIEBTT2Y5CEXB4V,99900,erp:price_confirmation_sim_2026-09,2026-09-01T09:00:00+00:00
BBAE2FG9DVHKEKV4,29900,erp:price_confirmation_sim_2026-09,2026-09-01T09:00:00+00:00
ACCEGFBYZCVUMFF5,29900,erp:price_confirmation_sim_2026-09,2026-09-01T09:00:00+00:00
CAGE8YBK9KPUMPBY,40000,erp:price_confirmation_sim_2026-09,2026-09-01T09:00:00+00:00
NKCEBTQZEGG6CDX3,35000,erp:price_confirmation_sim_2026-09,2026-09-01T09:00:00+00:00
PAEE8EZHZFKKYMVK,10000,erp:price_confirmation_sim_2026-09,2026-09-01T09:00:00+00:00
VILEGEXCQVBQRAP8,108700,erp:price_confirmation_sim_2026-09,2026-09-01T09:00:00+00:00
CSPE4YM5PRMTEKHN,18900,erp:price_confirmation_sim_2026-09,2026-09-01T09:00:00+00:00
SLBEG67VYSJW2YXC,89900,erp:price_confirmation_sim_2026-09,2026-09-01T09:00:00+00:00
ACCEDTNRADHZ35UD,40000,erp:price_confirmation_sim_2026-09,2026-09-01T09:00:00+00:00
CRTECN2QZNXTGGXG,135000,erp:price_confirmation_sim_2026-09,2026-09-01T09:00:00+00:00
BRAEA5MZMPW2UACQ,29900,erp:price_confirmation_sim_2026-09,2026-09-01T09:00:00+00:00
SWTEEAKVZZQRHUPE,79900,erp:price_confirmation_sim_2026-09,2026-09-01T09:00:00+00:00
BRAE5F3KK3YG52UR,14900,erp:price_confirmation_sim_2026-09,2026-09-01T09:00:00+00:00
BRAEE6YMYDZCTFHT,34900,erp:price_confirmation_sim_2026-09,2026-09-01T09:00:00+00:00
CRNEEABUSVCAMHGW,59900,erp:price_confirmation_sim_2026-09,2026-09-01T09:00:00+00:00
DREE8MF7XE97CPW7,161900,erp:price_confirmation_sim_2026-09,2026-09-01T09:00:00+00:00
BBAEE992S4E7FHPZ,49500,erp:price_confirmation_sim_2026-09,2026-09-01T09:00:00+00:00
CRTECN2QXMXFUYRD,159900,erp:price_confirmation_sim_2026-09,2026-09-01T09:00:00+00:00
LSKE9RHNFSDTF7D2,16900,erp:price_confirmation_sim_2026-09,2026-09-01T09:00:00+00:00
SWTEBYZGPBJESZ7R,110000,erp:price_confirmation_sim_2026-09,2026-09-01T09:00:00+00:00
RNGE8UGWZ7QGTSBT,2700000,erp:price_confirmation_sim_2026-09,2026-09-01T09:00:00+00:00
SNDE56UUTHBTQMQ2,99900,erp:price_confirmation_sim_2026-09,2026-09-01T09:00:00+00:00
ACCE9DJRVEDEGX94,168500,erp:price_confirmation_sim_2026-09,2026-09-01T09:00:00+00:00
ACCEDTNRVGAGRCWF,40000,erp:price_confirmation_sim_2026-09,2026-09-01T09:00:00+00:00
STIE7KFHAEKZHF6T,55000,erp:price_confirmation_sim_2026-09,2026-09-01T09:00:00+00:00
SUDEGVG4VNMYZWXT,89900,erp:price_confirmation_sim_2026-09,2026-09-01T09:00:00+00:00
CRTECN2QZ7DHY6GV,92000,erp:price_confirmation_sim_2026-09,2026-09-01T09:00:00+00:00
BRAEBCY3YXNXGCZX,38900,erp:price_confirmation_sim_2026-09,2026-09-01T09:00:00+00:00
SHIEC9AFED2B2EZX,79900,erp:price_confirmation_sim_2026-09,2026-09-01T09:00:00+00:00
NKCDXZGUZKNYVXG9,29900,erp:price_confirmation_sim_2026-09,2026-09-01T09:00:00+00:00
BRAE4DHZEAPXQVRG,11900,erp:price_confirmation_sim_2026-09,2026-09-01T09:00:00+00:00
BRAEE5HR7UM4CZ7D,24900,erp:price_confirmation_sim_2026-09,2026-09-01T09:00:00+00:00
NKCE8Z6B7TYMEZVZ,40000,erp:price_confirmation_sim_2026-09,2026-09-01T09:00:00+00:00
SHTE6WFRGZJASZVJ,39700,erp:price_confirmation_sim_2026-09,2026-09-01T09:00:00+00:00
NKCE6XU6DA4HYYGN,35000,erp:price_confirmation_sim_2026-09,2026-09-01T09:00:00+00:00
TSHEGEFHBFVF5QZH,29500,erp:price_confirmation_sim_2026-09,2026-09-01T09:00:00+00:00
CBREJCGU2F9PZCFH,24900,erp:price_confirmation_sim_2026-09,2026-09-01T09:00:00+00:00
SHOEHDMYWZNYA7HH,99900,erp:price_confirmation_sim_2026-09,2026-09-01T09:00:00+00:00
SGLEGBV6FW3VWD2H,39900,erp:price_confirmation_sim_2026-09,2026-09-01T09:00:00+00:00
CAGEBFPEQSVMZGZZ,23900,erp:price_confirmation_sim_2026-09,2026-09-01T09:00:00+00:00
BLAE2HWCGMSQV2F5,110400,erp:price_confirmation_sim_2026-09,2026-09-01T09:00:00+00:00
SNDEB9AYJW69XZHB,69900,erp:price_confirmation_sim_2026-09,2026-09-01T09:00:00+00:00
CAGDUGFYPRZUAJCM,34900,erp:price_confirmation_sim_2026-09,2026-09-01T09:00:00+00:00
HMBEJ9Q389KGGV9M,29900,erp:price_confirmation_sim_2026-09,2026-09-01T09:00:00+00:00
CRTECN2QZFRKZPZU,159900,erp:price_confirmation_sim_2026-09,2026-09-01T09:00:00+00:00
BLAEE6KTJRCUYPFG,74900,erp:price_confirmation_sim_2026-09,2026-09-01T09:00:00+00:00
CRTECN2QWJJWY8FU,92000,erp:price_confirmation_sim_2026-09,2026-09-01T09:00:00+00:00
STIEYZ5T5FF3RUKQ,39900,erp:price_confirmation_sim_2026-09,2026-09-01T09:00:00+00:00
SARE86DZPAVZZ8S5,59900,erp:price_confirmation_sim_2026-09,2026-09-01T09:00:00+00:00
CTTEH9FXG97MNGFZ,44800,erp:price_confirmation_sim_2026-09,2026-09-01T09:00:00+00:00
SHIEHYHHNPVZEXVZ,124900,erp:price_confirmation_sim_2026-09,2026-09-01T09:00:00+00:00
BRAE73KF3DUPGFG7,89900,erp:price_confirmation_sim_2026-09,2026-09-01T09:00:00+00:00
ACCE4WJKQGGVYGT4,8500,erp:price_confirmation_sim_2026-09,2026-09-01T09:00:00+00:00
TSHE6UDNFQRS44FP,71800,erp:price_confirmation_sim_2026-09,2026-09-01T09:00:00+00:00
NKCDXEGWFZXNVNAD,41400,erp:price_confirmation_sim_2026-09,2026-09-01T09:00:00+00:00
SHOEF9G8EWYMM2AM,89900,erp:price_confirmation_sim_2026-09,2026-09-01T09:00:00+00:00
WATDG9F7SDHKQNRJ,89900,erp:price_confirmation_sim_2026-09,2026-09-01T09:00:00+00:00
SHTDXPSX8XZNNCZH,44900,erp:price_confirmation_sim_2026-09,2026-09-01T09:00:00+00:00
BCHEG687RAGARBKG,30000,erp:price_confirmation_sim_2026-09,2026-09-01T09:00:00+00:00
SOFEDVYZ7SAGYGHC,6590000,erp:price_confirmation_sim_2026-09,2026-09-01T09:00:00+00:00
LJGE8WRYRQDNQMAY,34900,erp:price_confirmation_sim_2026-09,2026-09-01T09:00:00+00:00
BBAEAN9S4XKMAHZB,19900,erp:price_confirmation_sim_2026-09,2026-09-01T09:00:00+00:00
NDNEGCSHMXV2NY4Q,89500,erp:price_confirmation_sim_2026-09,2026-09-01T09:00:00+00:00
MUGEAGGKJM5GUWQH,34900,erp:price_confirmation_sim_2026-09,2026-09-01T09:00:00+00:00
KLSEGT5ZUGR9FQXE,22500,erp:price_confirmation_sim_2026-09,2026-09-01T09:00:00+00:00
LJGEDPJBNXGVSUDF,39900,erp:price_confirmation_sim_2026-09,2026-09-01T09:00:00+00:00
BBAE8VY5BQEAZGZK,32900,erp:price_confirmation_sim_2026-09,2026-09-01T09:00:00+00:00
SHOEBG6ZS2YREWHD,255900,erp:price_confirmation_sim_2026-09,2026-09-01T09:00:00+00:00
ACCEGH6QGCGAZBFZ,45400,erp:price_confirmation_sim_2026-09,2026-09-01T09:00:00+00:00
RNGE7M925WYRGQBB,2597000,erp:price_confirmation_sim_2026-09,2026-09-01T09:00:00+00:00
BBAE7Z93RYAJP662,50000,erp:price_confirmation_sim_2026-09,2026-09-01T09:00:00+00:00
SPBE3RJXPR9DZTPT,209900,erp:price_confirmation_sim_2026-09,2026-09-01T09:00:00+00:00
DREEHFD5BE5DGMSG,84500,erp:price_confirmation_sim_2026-09,2026-09-01T09:00:00+00:00
JEAEGFMZ7SGJWBR5,58800,erp:price_confirmation_sim_2026-09,2026-09-01T09:00:00+00:00
BLAEEB88PCH2DKHD,89900,erp:price_confirmation_sim_2026-09,2026-09-01T09:00:00+00:00
BBAEYGTKHFFTDHRN,39000,erp:price_confirmation_sim_2026-09,2026-09-01T09:00:00+00:00
TSHE993ZGYZH2H8G,59900,erp:price_confirmation_sim_2026-09,2026-09-01T09:00:00+00:00
STFE9EQ8NNHPV9TC,103900,erp:price_confirmation_sim_2026-09,2026-09-01T09:00:00+00:00
BRAEDACGYPAN2S54,41400,erp:price_confirmation_sim_2026-09,2026-09-01T09:00:00+00:00
SHTE8SMD3X9N6RHV,39900,erp:price_confirmation_sim_2026-09,2026-09-01T09:00:00+00:00
RTRD8FPJQUFYZAPJ,129900,erp:price_confirmation_sim_2026-09,2026-09-01T09:00:00+00:00
ACCECV2HXZ6YF25G,44400,erp:price_confirmation_sim_2026-09,2026-09-01T09:00:00+00:00
WATDZ5HGWG5B5ZWM,57500,erp:price_confirmation_sim_2026-09,2026-09-01T09:00:00+00:00
BRAE6ZCHHPFNBYNU,17900,erp:price_confirmation_sim_2026-09,2026-09-01T09:00:00+00:00
NKCE8SESAZ4K8HZC,44900,erp:price_confirmation_sim_2026-09,2026-09-01T09:00:00+00:00
MUGE6S9YZ25CHZRN,17500,erp:price_confirmation_sim_2026-09,2026-09-01T09:00:00+00:00
SHOEFMRZQXHJREHH,89900,erp:price_confirmation_sim_2026-09,2026-09-01T09:00:00+00:00
NKCE9HUUEEVGDGRT,18000,erp:price_confirmation_sim_2026-09,2026-09-01T09:00:00+00:00
VHREBBHBKGWZHYF7,34900,erp:price_confirmation_sim_2026-09,2026-09-01T09:00:00+00:00
CRTECN2QUFY2YTJK,159900,erp:price_confirmation_sim_2026-09,2026-09-01T09:00:00+00:00
DSTEJJ8UFYUTSZ3F,97900,erp:price_confirmation_sim_2026-09,2026-09-01T09:00:00+00:00
RNGEH3EVGJ9YGYHX,40000,erp:price_confirmation_sim_2026-09,2026-09-01T09:00:00+00:00
BBAECF98BEW95BFS,40000,erp:price_confirmation_sim_2026-09,2026-09-01T09:00:00+00:00
NKCDZFJMRP2XBBTK,38100,erp:price_confirmation_sim_2026-09,2026-09-01T09:00:00+00:00
TOPECBAAP9HW5VMH,49900,erp:price_confirmation_sim_2026-09,2026-09-01T09:00:00+00:00
PBXE9ZVGPURJ795H,40000,erp:price_confirmation_sim_2026-09,2026-09-01T09:00:00+00:00
USGECXHFRRHFGRG2,299900,erp:price_confirmation_sim_2026-09,2026-09-01T09:00:00+00:00
BRFEGGQG344GRQQJ,83900,erp:price_confirmation_sim_2026-09,2026-09-01T09:00:00+00:00
SUDEGGATMGZYFZXH,19900,erp:price_confirmation_sim_2026-09,2026-09-01T09:00:00+00:00
BLAE2EEAXYVGRQMR,71500,erp:price_confirmation_sim_2026-09,2026-09-01T09:00:00+00:00
PACE43HF8JWNA2GY,64900,erp:price_confirmation_sim_2026-09,2026-09-01T09:00:00+00:00
NKCE38HEJPZSGBDZ,49900,erp:price_confirmation_sim_2026-09,2026-09-01T09:00:00+00:00
HMBE4ZYTAPY42WKG,109900,erp:price_confirmation_sim_2026-09,2026-09-01T09:00:00+00:00
RNGE7M925Z3VHYYC,2436800,erp:price_confirmation_sim_2026-09,2026-09-01T09:00:00+00:00
STIE9F5UVA3QQRMZ,121600,erp:price_confirmation_sim_2026-09,2026-09-01T09:00:00+00:00
SNDEJMK8J2ZEZJKX,29500,erp:price_confirmation_sim_2026-09,2026-09-01T09:00:00+00:00
SAREGSFVGA9ZCPT2,150000,erp:price_confirmation_sim_2026-09,2026-09-01T09:00:00+00:00
WATE93RZKGEQEY7D,26900,erp:price_confirmation_sim_2026-09,2026-09-01T09:00:00+00:00
CRNEGE2TRGCGCD6J,49900,erp:price_confirmation_sim_2026-09,2026-09-01T09:00:00+00:00
BBAEA8FD33BZXTEZ,38500,erp:price_confirmation_sim_2026-09,2026-09-01T09:00:00+00:00
SHODZYPRHHQWFTF9,169900,erp:price_confirmation_sim_2026-09,2026-09-01T09:00:00+00:00
BRAEGJFXESES6E8F,27900,erp:price_confirmation_sim_2026-09,2026-09-01T09:00:00+00:00
BBAEDPZZ9JV7XY5Z,38500,erp:price_confirmation_sim_2026-09,2026-09-01T09:00:00+00:00
BRAEGGER94GAZ3XD,34900,erp:price_confirmation_sim_2026-09,2026-09-01T09:00:00+00:00
NKCE99G6ZZBWNA2D,34000,erp:price_confirmation_sim_2026-09,2026-09-01T09:00:00+00:00
CAGEBTGHEHZHZGK3,35000,erp:price_confirmation_sim_2026-09,2026-09-01T09:00:00+00:00
WATDZ2ZQ8JPDHCTJ,102900,erp:price_confirmation_sim_2026-09,2026-09-01T09:00:00+00:00
SHOECT3MGNKFEDEK,74900,erp:price_confirmation_sim_2026-09,2026-09-01T09:00:00+00:00
RNGEDAKEZXMAXYKB,1958800,erp:price_confirmation_sim_2026-09,2026-09-01T09:00:00+00:00
GLSEHB7RPDSRAHRA,54900,erp:price_confirmation_sim_2026-09,2026-09-01T09:00:00+00:00
ACCE9Y6QSQRMZ8R7,59900,erp:price_confirmation_sim_2026-09,2026-09-01T09:00:00+00:00
CRTECN2QYFYRSXTH,159900,erp:price_confirmation_sim_2026-09,2026-09-01T09:00:00+00:00
ERGEACF2BQZ8CMGC,44000,erp:price_confirmation_sim_2026-09,2026-09-01T09:00:00+00:00
RTRE43RGQSPGXPYF,185000,erp:price_confirmation_sim_2026-09,2026-09-01T09:00:00+00:00
RCTEE9GGHDFFWEF9,329900,erp:price_confirmation_sim_2026-09,2026-09-01T09:00:00+00:00
CPCEGHM7XYH8URNF,38900,erp:price_confirmation_sim_2026-09,2026-09-01T09:00:00+00:00
VMREGG7NZEFYE7A9,72300,erp:price_confirmation_sim_2026-09,2026-09-01T09:00:00+00:00
ACCEHY86UG6B63AZ,57500,erp:price_confirmation_sim_2026-09,2026-09-01T09:00:00+00:00
BBAEA8VKYEPMBYAR,42500,erp:price_confirmation_sim_2026-09,2026-09-01T09:00:00+00:00
USGEDJH2SZAZAYC2,16900,erp:price_confirmation_sim_2026-09,2026-09-01T09:00:00+00:00
SHTEAVBVDRBN5ATQ,49900,erp:price_confirmation_sim_2026-09,2026-09-01T09:00:00+00:00
SCHE4YSTCUUSJWCK,29200,erp:price_confirmation_sim_2026-09,2026-09-01T09:00:00+00:00
SHODZF8SZYQZCJHN,124900,erp:price_confirmation_sim_2026-09,2026-09-01T09:00:00+00:00
ARPEG54NHHJDT9FZ,49900,erp:price_confirmation_sim_2026-09,2026-09-01T09:00:00+00:00
WATDA5ZAGNMGD5EJ,78000,erp:price_confirmation_sim_2026-09,2026-09-01T09:00:00+00:00
CRTECN2QWRACCVZW,138000,erp:price_confirmation_sim_2026-09,2026-09-01T09:00:00+00:00
BBAE8BXADJFFMQKC,59900,erp:price_confirmation_sim_2026-09,2026-09-01T09:00:00+00:00
CRTECN2QZGUQPR93,159900,erp:price_confirmation_sim_2026-09,2026-09-01T09:00:00+00:00
TSHEGGDKSQHW3TB3,29900,erp:price_confirmation_sim_2026-09,2026-09-01T09:00:00+00:00
TSHEGJBQHHKQ5NUF,79500,erp:price_confirmation_sim_2026-09,2026-09-01T09:00:00+00:00
FAFEG28UFPZKPGUZ,39900,erp:price_confirmation_sim_2026-09,2026-09-01T09:00:00+00:00
MUGEBJ7XJHMCGNV9,17500,erp:price_confirmation_sim_2026-09,2026-09-01T09:00:00+00:00
SHIE7DFN2AGNFUUS,41900,erp:price_confirmation_sim_2026-09,2026-09-01T09:00:00+00:00
JEAEBXFPPEKSVGFD,84500,erp:price_confirmation_sim_2026-09,2026-09-01T09:00:00+00:00
BRAE3P8YJEQSSANK,14900,erp:price_confirmation_sim_2026-09,2026-09-01T09:00:00+00:00
NKCE9PFFKPY6UWGG,39900,erp:price_confirmation_sim_2026-09,2026-09-01T09:00:00+00:00
CRTECN2QYRY2KWZF,159900,erp:price_confirmation_sim_2026-09,2026-09-01T09:00:00+00:00
SHTE6YVVZAUUCUKP,39900,erp:price_confirmation_sim_2026-09,2026-09-01T09:00:00+00:00
CRNEE84JYUBZJGNN,133200,erp:price_confirmation_sim_2026-09,2026-09-01T09:00:00+00:00
ACCEA4DZH6M5SFVH,59900,erp:price_confirmation_sim_2026-09,2026-09-01T09:00:00+00:00
LJGEDDZJQCSHX4TT,18000,erp:price_confirmation_sim_2026-09,2026-09-01T09:00:00+00:00
PBXE9YFBMZ7EZZPR,23000,erp:price_confirmation_sim_2026-09,2026-09-01T09:00:00+00:00
SHTEANHWKH5AJVFG,49000,erp:price_confirmation_sim_2026-09,2026-09-01T09:00:00+00:00
NKCECJAHAMVG7Q8M,19900,erp:price_confirmation_sim_2026-09,2026-09-01T09:00:00+00:00
SHIEARR34RCY5ZPH,29900,erp:price_confirmation_sim_2026-09,2026-09-01T09:00:00+00:00
STIE7KFGVMMCQZTH,53000,erp:price_confirmation_sim_2026-09,2026-09-01T09:00:00+00:00
NKCDU4RZDXGZHGGA,44000,erp:price_confirmation_sim_2026-09,2026-09-01T09:00:00+00:00
NKCECZFZAFEHW73X,39900,erp:price_confirmation_sim_2026-09,2026-09-01T09:00:00+00:00
LJGE2FH7WC9W4AT2,21900,erp:price_confirmation_sim_2026-09,2026-09-01T09:00:00+00:00
MUGECEVFMCXPZFS4,22500,erp:price_confirmation_sim_2026-09,2026-09-01T09:00:00+00:00
PRMEJ4UVUWPH9WXJ,581400,erp:price_confirmation_sim_2026-09,2026-09-01T09:00:00+00:00
SHOE9YD5XF7KK39U,153000,erp:price_confirmation_sim_2026-09,2026-09-01T09:00:00+00:00
SHTE6Y46TFPRETXY,39900,erp:price_confirmation_sim_2026-09,2026-09-01T09:00:00+00:00
SHTEGQCHMHPU9XFX,110100,erp:price_confirmation_sim_2026-09,2026-09-01T09:00:00+00:00
TSHE9KFZHUFGPHJE,29900,erp:price_confirmation_sim_2026-09,2026-09-01T09:00:00+00:00
RTRE2TYN2XUPCEVH,250000,erp:price_confirmation_sim_2026-09,2026-09-01T09:00:00+00:00
SOFE8HPYASTGDEBF,2730000,erp:price_confirmation_sim_2026-09,2026-09-01T09:00:00+00:00
PBXEAZTCCAUM8TMT,12800,erp:price_confirmation_sim_2026-09,2026-09-01T09:00:00+00:00
MUGEAGGKDCJHRYBY,19900,erp:price_confirmation_sim_2026-09,2026-09-01T09:00:00+00:00
RNGE7M92MNUHRFFY,2718000,erp:price_confirmation_sim_2026-09,2026-09-01T09:00:00+00:00
RTREFWYNH9RGDCQK,163500,erp:price_confirmation_sim_2026-09,2026-09-01T09:00:00+00:00
PBXEACGGYT8WXUUC,19000,erp:price_confirmation_sim_2026-09,2026-09-01T09:00:00+00:00
TOPEYY5YK3WEGGXX,40800,erp:price_confirmation_sim_2026-09,2026-09-01T09:00:00+00:00
BRFEGHPN5FEQQGUJ,26900,erp:price_confirmation_sim_2026-09,2026-09-01T09:00:00+00:00
CAGEAJVFHAGWYAZH,39800,erp:price_confirmation_sim_2026-09,2026-09-01T09:00:00+00:00
MNKDZSMXADGFZD3C,51000,erp:price_confirmation_sim_2026-09,2026-09-01T09:00:00+00:00
BRAE8TFHUMHZHXBA,38900,erp:price_confirmation_sim_2026-09,2026-09-01T09:00:00+00:00
NKCE7MMGF9C62JPD,23500,erp:price_confirmation_sim_2026-09,2026-09-01T09:00:00+00:00
BRAECKHZRU4RZKQH,22500,erp:price_confirmation_sim_2026-09,2026-09-01T09:00:00+00:00
JWSEBCY4TPG6GJN3,60000,erp:price_confirmation_sim_2026-09,2026-09-01T09:00:00+00:00
TROEGRPC3SKZDGHT,74900,erp:price_confirmation_sim_2026-09,2026-09-01T09:00:00+00:00
PBXEASGQ7FE23D8P,20500,erp:price_confirmation_sim_2026-09,2026-09-01T09:00:00+00:00
VMREGZPQRRHHGHTF,59400,erp:price_confirmation_sim_2026-09,2026-09-01T09:00:00+00:00
WATDA5ZABPHZZV3Q,99900,erp:price_confirmation_sim_2026-09,2026-09-01T09:00:00+00:00
MAKEJAP85CGFDYNE,12600,erp:price_confirmation_sim_2026-09,2026-09-01T09:00:00+00:00
WCKE25RAHZRQP7YR,74900,erp:price_confirmation_sim_2026-09,2026-09-01T09:00:00+00:00
SNDEYVXWYMSUHCF4,98500,erp:price_confirmation_sim_2026-09,2026-09-01T09:00:00+00:00
TSHEDHZWTCXSFSVS,269800,erp:price_confirmation_sim_2026-09,2026-09-01T09:00:00+00:00
BRAE4DHZEBCG6YAN,13900,erp:price_confirmation_sim_2026-09,2026-09-01T09:00:00+00:00
TSHE993QVMSS8QGY,59900,erp:price_confirmation_sim_2026-09,2026-09-01T09:00:00+00:00
WATDZ2ZQYNBVMVGD,77000,erp:price_confirmation_sim_2026-09,2026-09-01T09:00:00+00:00
TSHE8HQPGP4GQ3ZV,69900,erp:price_confirmation_sim_2026-09,2026-09-01T09:00:00+00:00
PTPEB88UTZRHHVXD,39900,erp:price_confirmation_sim_2026-09,2026-09-01T09:00:00+00:00
DREE7AZZQNEE9ZVG,95900,erp:price_confirmation_sim_2026-09,2026-09-01T09:00:00+00:00
DEOEGCYJVH7BGHTY,62900,erp:price_confirmation_sim_2026-09,2026-09-01T09:00:00+00:00
CRTECYY4VY3MU5HR,339900,erp:price_confirmation_sim_2026-09,2026-09-01T09:00:00+00:00
BRADX3A8RGKXQNE4,44900,erp:price_confirmation_sim_2026-09,2026-09-01T09:00:00+00:00
SHTE8YUNXTKZUWAV,49900,erp:price_confirmation_sim_2026-09,2026-09-01T09:00:00+00:00
MUGEACY8VZZANNTE,29900,erp:price_confirmation_sim_2026-09,2026-09-01T09:00:00+00:00
NKCDYQ3RHXH4Z3ZY,39000,erp:price_confirmation_sim_2026-09,2026-09-01T09:00:00+00:00
SHOEBGHQ2NUKZBWB,84900,erp:price_confirmation_sim_2026-09,2026-09-01T09:00:00+00:00
SNRE53FVWSRGRGS7,26500,erp:price_confirmation_sim_2026-09,2026-09-01T09:00:00+00:00
BRAECKHY8AG2JFGJ,22500,erp:price_confirmation_sim_2026-09,2026-09-01T09:00:00+00:00
SHTECJPBXNATSCCH,199900,erp:price_confirmation_sim_2026-09,2026-09-01T09:00:00+00:00
STIE9F5UMVHFJKCG,84000,erp:price_confirmation_sim_2026-09,2026-09-01T09:00:00+00:00
SHTEYPEAG7JNSVNN,39900,erp:price_confirmation_sim_2026-09,2026-09-01T09:00:00+00:00
DREE5ZCFSBQ3HPQM,99900,erp:price_confirmation_sim_2026-09,2026-09-01T09:00:00+00:00
RNGEYQZDCMC4YUKK,2749700,erp:price_confirmation_sim_2026-09,2026-09-01T09:00:00+00:00
NKCE82XZGTTQTBGN,53900,erp:price_confirmation_sim_2026-09,2026-09-01T09:00:00+00:00
SLOEBHYNHETSRBXN,1700000,erp:price_confirmation_sim_2026-09,2026-09-01T09:00:00+00:00
JWSDX6UBDXUHRCAZ,91500,erp:price_confirmation_sim_2026-09,2026-09-01T09:00:00+00:00
CAGEBTJB8UABHDRH,35000,erp:price_confirmation_sim_2026-09,2026-09-01T09:00:00+00:00
LJGE8MZRNYJCG7AH,29900,erp:price_confirmation_sim_2026-09,2026-09-01T09:00:00+00:00
RNGEB2PGDCAQPBVJ,941400,erp:price_confirmation_sim_2026-09,2026-09-01T09:00:00+00:00
CRNEEABUGPKZNYMH,59900,erp:price_confirmation_sim_2026-09,2026-09-01T09:00:00+00:00
RNGEDAKFHRCFWQN2,1501800,erp:price_confirmation_sim_2026-09,2026-09-01T09:00:00+00:00
BRAEBQGSZFRHGT8Y,39900,erp:price_confirmation_sim_2026-09,2026-09-01T09:00:00+00:00
FABE7C3TH3C8BXED,18000,erp:price_confirmation_sim_2026-09,2026-09-01T09:00:00+00:00
CLDE34YVWAJ8ZN6R,49500,erp:price_confirmation_sim_2026-09,2026-09-01T09:00:00+00:00
TOPEBH65ZYGEZ65C,49400,erp:price_confirmation_sim_2026-09,2026-09-01T09:00:00+00:00
CAGE4BQXZ3BGVT6P,33000,erp:price_confirmation_sim_2026-09,2026-09-01T09:00:00+00:00
RNGEDF5HHWM7UERM,3104900,erp:price_confirmation_sim_2026-09,2026-09-01T09:00:00+00:00
DKOEEY6F7TGXSD4X,25000,erp:price_confirmation_sim_2026-09,2026-09-01T09:00:00+00:00
WCKEGGGD2TXHHTJC,75000,erp:price_confirmation_sim_2026-09,2026-09-01T09:00:00+00:00
PBXE6677RB7H377Y,20900,erp:price_confirmation_sim_2026-09,2026-09-01T09:00:00+00:00
DREE26VHUFEGXXNM,64000,erp:price_confirmation_sim_2026-09,2026-09-01T09:00:00+00:00
ACCE6SJGW5HSKZGK,54900,erp:price_confirmation_sim_2026-09,2026-09-01T09:00:00+00:00
BBAE66EFAAZJPF7M,29900,erp:price_confirmation_sim_2026-09,2026-09-01T09:00:00+00:00
ETYEFZ5YHWHZ8XAK,334500,erp:price_confirmation_sim_2026-09,2026-09-01T09:00:00+00:00
DKOE4CHENGYZ5PEH,18900,erp:price_confirmation_sim_2026-09,2026-09-01T09:00:00+00:00
TOPEHZMKZ67ZYXYX,120000,erp:price_confirmation_sim_2026-09,2026-09-01T09:00:00+00:00
KTAEHE9KFCMVVSBN,44900,erp:price_confirmation_sim_2026-09,2026-09-01T09:00:00+00:00
SHTEDSV76NNTFZ4E,47500,erp:price_confirmation_sim_2026-09,2026-09-01T09:00:00+00:00
BKPEYN9AGHRCKEQY,149800,erp:price_confirmation_sim_2026-09,2026-09-01T09:00:00+00:00
TSHECEGKUR2G94FV,99000,erp:price_confirmation_sim_2026-09,2026-09-01T09:00:00+00:00
MUGEAGGKHFAM4YZG,19900,erp:price_confirmation_sim_2026-09,2026-09-01T09:00:00+00:00
ACCEAMGZHGXYJSHR,64900,erp:price_confirmation_sim_2026-09,2026-09-01T09:00:00+00:00
WATDKB7JW7USDVZ6,74900,erp:price_confirmation_sim_2026-09,2026-09-01T09:00:00+00:00
ACCE6GFCDHGGMHN5,168500,erp:price_confirmation_sim_2026-09,2026-09-01T09:00:00+00:00
NKCE6NHRGBEHGZHB,35900,erp:price_confirmation_sim_2026-09,2026-09-01T09:00:00+00:00
ACCDVHJPHS9KUH2A,169900,erp:price_confirmation_sim_2026-09,2026-09-01T09:00:00+00:00
DEOEGCXBKZMKQC3Z,69900,erp:price_confirmation_sim_2026-09,2026-09-01T09:00:00+00:00
VAAEGPSGGKYB7UAH,39900,erp:price_confirmation_sim_2026-09,2026-09-01T09:00:00+00:00
NKCE9PFFQHU7GTU7,39900,erp:price_confirmation_sim_2026-09,2026-09-01T09:00:00+00:00
TOPE954FWJHG3WDZ,69900,erp:price_confirmation_sim_2026-09,2026-09-01T09:00:00+00:00
SHIEE5NRDCFPEGBB,64900,erp:price_confirmation_sim_2026-09,2026-09-01T09:00:00+00:00
JEAEHYZRRZDZZNWT,59900,erp:price_confirmation_sim_2026-09,2026-09-01T09:00:00+00:00
NKCE5QSZPBG9THXZ,19900,erp:price_confirmation_sim_2026-09,2026-09-01T09:00:00+00:00
TKPDS6ZEWAR6GTAF,49900,erp:price_confirmation_sim_2026-09,2026-09-01T09:00:00+00:00
AIREBA9VGER68DFH,59900,erp:price_confirmation_sim_2026-09,2026-09-01T09:00:00+00:00
SOCEHDGFUMY5M4D3,29900,erp:price_confirmation_sim_2026-09,2026-09-01T09:00:00+00:00
TMLEEVFEU66VGFGC,89900,erp:price_confirmation_sim_2026-09,2026-09-01T09:00:00+00:00
TSHE9QSCV9QZMMZH,59900,erp:price_confirmation_sim_2026-09,2026-09-01T09:00:00+00:00
SHTEYPEAZVRNZBKX,44900,erp:price_confirmation_sim_2026-09,2026-09-01T09:00:00+00:00
SHOE6QGATWATFY5J,109900,erp:price_confirmation_sim_2026-09,2026-09-01T09:00:00+00:00
HMBEGER3YJWZ3A22,44900,erp:price_confirmation_sim_2026-09,2026-09-01T09:00:00+00:00
TOPEJRDFKFGPZEGZ,99900,erp:price_confirmation_sim_2026-09,2026-09-01T09:00:00+00:00
BRAECGQ4MPF8GPWY,39900,erp:price_confirmation_sim_2026-09,2026-09-01T09:00:00+00:00
TSHDVZHRWGGHMPZQ,103800,erp:price_confirmation_sim_2026-09,2026-09-01T09:00:00+00:00
MUGEACY82SGHCHYY,19900,erp:price_confirmation_sim_2026-09,2026-09-01T09:00:00+00:00
MUGECEVF5ZYJRXMM,22500,erp:price_confirmation_sim_2026-09,2026-09-01T09:00:00+00:00
ACCDSY8EAED5TGZY,499900,erp:price_confirmation_sim_2026-09,2026-09-01T09:00:00+00:00
RNGEDF5HNRSK8VF2,1965900,erp:price_confirmation_sim_2026-09,2026-09-01T09:00:00+00:00
BLBEDPZZK4DJYNUM,25900,erp:price_confirmation_sim_2026-09,2026-09-01T09:00:00+00:00
SKIEBBWHXJEQFVR7,49900,erp:price_confirmation_sim_2026-09,2026-09-01T09:00:00+00:00
WATEHXGUDDHGN6ZZ,35900,erp:price_confirmation_sim_2026-09,2026-09-01T09:00:00+00:00
BXREDW5M9CYFK4FF,49800,erp:price_confirmation_sim_2026-09,2026-09-01T09:00:00+00:00
PBXE5YGWHPQGBWG3,17900,erp:price_confirmation_sim_2026-09,2026-09-01T09:00:00+00:00
RNGE87FCBXPY8UU9,1400100,erp:price_confirmation_sim_2026-09,2026-09-01T09:00:00+00:00
STIE9F5UAZDTVFG5,212100,erp:price_confirmation_sim_2026-09,2026-09-01T09:00:00+00:00
TOPEFYB6HRPPCD8R,44900,erp:price_confirmation_sim_2026-09,2026-09-01T09:00:00+00:00
TSHE5NYHZ2ZJSX2H,71800,erp:price_confirmation_sim_2026-09,2026-09-01T09:00:00+00:00
BRAEDAGAVCAR68GM,37900,erp:price_confirmation_sim_2026-09,2026-09-01T09:00:00+00:00
VESEGWK5FUJ2YDSG,26900,erp:price_confirmation_sim_2026-09,2026-09-01T09:00:00+00:00
BBAECYHFCMMYSNY8,62900,erp:price_confirmation_sim_2026-09,2026-09-01T09:00:00+00:00
NKCDZHF7YEHJM6JZ,27900,erp:price_confirmation_sim_2026-09,2026-09-01T09:00:00+00:00
WATE8E8PCEJNWYCX,99900,erp:price_confirmation_sim_2026-09,2026-09-01T09:00:00+00:00
SNDE78YZVGXGUZWS,179000,erp:price_confirmation_sim_2026-09,2026-09-01T09:00:00+00:00
KECEGTXHHGPKYUVZ,6500,erp:price_confirmation_sim_2026-09,2026-09-01T09:00:00+00:00
SNDEJTZYMNA2YHYY,38900,erp:price_confirmation_sim_2026-09,2026-09-01T09:00:00+00:00
CRNEE5ZSUJZ82AZE,129900,erp:price_confirmation_sim_2026-09,2026-09-01T09:00:00+00:00
NKCE8RB5WMWAWNHJ,44900,erp:price_confirmation_sim_2026-09,2026-09-01T09:00:00+00:00
CAGE4B8YHZK3KTUX,39800,erp:price_confirmation_sim_2026-09,2026-09-01T09:00:00+00:00
SAREGSFW6RDSHGNU,150000,erp:price_confirmation_sim_2026-09,2026-09-01T09:00:00+00:00
SHTEY3BTTRDEXAGT,39900,erp:price_confirmation_sim_2026-09,2026-09-01T09:00:00+00:00
ACCE6S2GA922QHYH,219900,erp:price_confirmation_sim_2026-09,2026-09-01T09:00:00+00:00
BOTEANCHQYNUFZKW,39900,erp:price_confirmation_sim_2026-09,2026-09-01T09:00:00+00:00
DREEBG9BTM4R4WUJ,69600,erp:price_confirmation_sim_2026-09,2026-09-01T09:00:00+00:00
NKCE6GKJTFMH5P4N,87100,erp:price_confirmation_sim_2026-09,2026-09-01T09:00:00+00:00
CRTECN2QXRHY9NAY,92000,erp:price_confirmation_sim_2026-09,2026-09-01T09:00:00+00:00
NDNEGCU36N5GTM3Y,89500,erp:price_confirmation_sim_2026-09,2026-09-01T09:00:00+00:00
PTPEYPK3HFACCKAM,74800,erp:price_confirmation_sim_2026-09,2026-09-01T09:00:00+00:00
USGE9ZHVSVH9FVHP,28900,erp:price_confirmation_sim_2026-09,2026-09-01T09:00:00+00:00
ACCDVHJZA9FQWEZT,149900,erp:price_confirmation_sim_2026-09,2026-09-01T09:00:00+00:00
SNDECHZFERU9ENEW,84700,erp:price_confirmation_sim_2026-09,2026-09-01T09:00:00+00:00
DREEGNWHYNHKGHJ9,39900,erp:price_confirmation_sim_2026-09,2026-09-01T09:00:00+00:00
BBAE4HBESXXHACEM,44900,erp:price_confirmation_sim_2026-09,2026-09-01T09:00:00+00:00
SHTE75NFZEQHJGVY,79900,erp:price_confirmation_sim_2026-09,2026-09-01T09:00:00+00:00
RNGE7M92FRVBBDJH,2766200,erp:price_confirmation_sim_2026-09,2026-09-01T09:00:00+00:00
PCSE9V6C5NJPG2NN,99900,erp:price_confirmation_sim_2026-09,2026-09-01T09:00:00+00:00
LJGEJQ4MHZZTHGPQ,99900,erp:price_confirmation_sim_2026-09,2026-09-01T09:00:00+00:00
SHTDV8NCYV6GNH8E,44900,erp:price_confirmation_sim_2026-09,2026-09-01T09:00:00+00:00
CRNEE6R7CQHVZHDP,29900,erp:price_confirmation_sim_2026-09,2026-09-01T09:00:00+00:00
PBXEAFTPFDK6BRHK,24900,erp:price_confirmation_sim_2026-09,2026-09-01T09:00:00+00:00
WATDZ5HGGUGHEZMH,92500,erp:price_confirmation_sim_2026-09,2026-09-01T09:00:00+00:00
BRAECBVGHCB2FN49,32000,erp:price_confirmation_sim_2026-09,2026-09-01T09:00:00+00:00
CDBECTRVD5HFXNPZ,76800,erp:price_confirmation_sim_2026-09,2026-09-01T09:00:00+00:00
MUGEAGGKGSPGYPHT,19900,erp:price_confirmation_sim_2026-09,2026-09-01T09:00:00+00:00
PANEHDF3XR2M6VU7,47900,erp:price_confirmation_sim_2026-09,2026-09-01T09:00:00+00:00
BBAE92YW6CR5FNDP,86900,erp:price_confirmation_sim_2026-09,2026-09-01T09:00:00+00:00
SRTEEYRERRHA543N,11500,erp:price_confirmation_sim_2026-09,2026-09-01T09:00:00+00:00
SNDEE34XM8XB6ZEX,49900,erp:price_confirmation_sim_2026-09,2026-09-01T09:00:00+00:00
TSHEDCVYDZTWUD5H,39900,erp:price_confirmation_sim_2026-09,2026-09-01T09:00:00+00:00
SHTE5YHGZVA9HB2Y,49900,erp:price_confirmation_sim_2026-09,2026-09-01T09:00:00+00:00
SHIE3QDH6Z4KU5TY,275000,erp:price_confirmation_sim_2026-09,2026-09-01T09:00:00+00:00
VAREJUNCKFCZG9CH,99900,erp:price_confirmation_sim_2026-09,2026-09-01T09:00:00+00:00
ACCDZMAPDQKERE8P,149900,erp:price_confirmation_sim_2026-09,2026-09-01T09:00:00+00:00
BBAE5GG4DYDAG4XG,20000,erp:price_confirmation_sim_2026-09,2026-09-01T09:00:00+00:00
TOPE9PSGHRKUCXKM,138000,erp:price_confirmation_sim_2026-09,2026-09-01T09:00:00+00:00
CBKEBVA8V8KQCCX4,29500,erp:price_confirmation_sim_2026-09,2026-09-01T09:00:00+00:00
TWCEAXCC3XYD6GPP,19900,erp:price_confirmation_sim_2026-09,2026-09-01T09:00:00+00:00
CAGE5H7JF9ZDCWXG,31000,erp:price_confirmation_sim_2026-09,2026-09-01T09:00:00+00:00
NKCE38HCA94B8Y8Z,19900,erp:price_confirmation_sim_2026-09,2026-09-01T09:00:00+00:00
SNDEJPZMFGSVRAXD,179000,erp:price_confirmation_sim_2026-09,2026-09-01T09:00:00+00:00
ACCDXB99QHDWGPCP,149900,erp:price_confirmation_sim_2026-09,2026-09-01T09:00:00+00:00
KRTECB9GQYNDQ2XE,49900,erp:price_confirmation_sim_2026-09,2026-09-01T09:00:00+00:00
ACBECFGT5ZWMXAVZ,75600,erp:price_confirmation_sim_2026-09,2026-09-01T09:00:00+00:00
VLBEGFFENZPXGYPG,28700,erp:price_confirmation_sim_2026-09,2026-09-01T09:00:00+00:00
VESEGHG7CEUHDZVZ,49900,erp:price_confirmation_sim_2026-09,2026-09-01T09:00:00+00:00
WATEAYAHJ8CUCAYM,2440000,erp:price_confirmation_sim_2026-09,2026-09-01T09:00:00+00:00
LJGECNPE8BUVGNRK,35000,erp:price_confirmation_sim_2026-09,2026-09-01T09:00:00+00:00
CDBECKGD48GHQNQK,109900,erp:price_confirmation_sim_2026-09,2026-09-01T09:00:00+00:00
NKCDYARBBBGJ3WGG,29900,erp:price_confirmation_sim_2026-09,2026-09-01T09:00:00+00:00
BBAEEDQYKWXZDFHR,51700,erp:price_confirmation_sim_2026-09,2026-09-01T09:00:00+00:00
ACCEG7AG8EUZRRZY,35100,erp:price_confirmation_sim_2026-09,2026-09-01T09:00:00+00:00
SHOEDGFRHZD6HDBD,169500,erp:price_confirmation_sim_2026-09,2026-09-01T09:00:00+00:00
DREECR3HFXYFPHD4,76900,erp:price_confirmation_sim_2026-09,2026-09-01T09:00:00+00:00
LJGEA3HFG2YDEWDC,37900,erp:price_confirmation_sim_2026-09,2026-09-01T09:00:00+00:00
CRNEFQF6ZECWSYN4,69900,erp:price_confirmation_sim_2026-09,2026-09-01T09:00:00+00:00
MUGEAGGKNHYU6HGM,19900,erp:price_confirmation_sim_2026-09,2026-09-01T09:00:00+00:00
BRAEAZEFZYER5JHJ,55700,erp:price_confirmation_sim_2026-09,2026-09-01T09:00:00+00:00
WATDW8E5PGWQUFWY,79900,erp:price_confirmation_sim_2026-09,2026-09-01T09:00:00+00:00
RTRE4ZQB3BTTWZKT,179900,erp:price_confirmation_sim_2026-09,2026-09-01T09:00:00+00:00
PEBEBG4ZTGMHGSJM,169900,erp:price_confirmation_sim_2026-09,2026-09-01T09:00:00+00:00
TSHEAKUGFMCHKEGQ,49900,erp:price_confirmation_sim_2026-09,2026-09-01T09:00:00+00:00
CAGDYPBWA7RBUBYT,9900,erp:price_confirmation_sim_2026-09,2026-09-01T09:00:00+00:00
HMBEAU8PYRH23TFK,34900,erp:price_confirmation_sim_2026-09,2026-09-01T09:00:00+00:00
DREE8SXG3JHPGKZA,69900,erp:price_confirmation_sim_2026-09,2026-09-01T09:00:00+00:00
DREEADCWZ6XFZCGJ,139500,erp:price_confirmation_sim_2026-09,2026-09-01T09:00:00+00:00
LINE92U9KGZG25AY,69900,erp:price_confirmation_sim_2026-09,2026-09-01T09:00:00+00:00
NKCE5UY9WFY7EAYC,39900,erp:price_confirmation_sim_2026-09,2026-09-01T09:00:00+00:00
RNGEH9Z2H9EDXZ9Y,64900,erp:price_confirmation_sim_2026-09,2026-09-01T09:00:00+00:00
NKCE8HVPRWTY5JET,29900,erp:price_confirmation_sim_2026-09,2026-09-01T09:00:00+00:00
CBKEBVA8DAKZKSGD,28500,erp:price_confirmation_sim_2026-09,2026-09-01T09:00:00+00:00
SHIE6ZHNFS9S8FTX,139900,erp:price_confirmation_sim_2026-09,2026-09-01T09:00:00+00:00
BZREHH7YANYWR3HZ,599900,erp:price_confirmation_sim_2026-09,2026-09-01T09:00:00+00:00
CAGE4BQXK3FSTRRS,37000,erp:price_confirmation_sim_2026-09,2026-09-01T09:00:00+00:00
VMREGZPQACGUQQCA,59400,erp:price_confirmation_sim_2026-09,2026-09-01T09:00:00+00:00
WATEHYW2RTHHJSFC,54900,erp:price_confirmation_sim_2026-09,2026-09-01T09:00:00+00:00
DREE5M4ZXSC7GRCB,89900,erp:price_confirmation_sim_2026-09,2026-09-01T09:00:00+00:00
PTPE34YJXKXZVTWK,62500,erp:price_confirmation_sim_2026-09,2026-09-01T09:00:00+00:00
TUNEFKJFT6H4JTHG,47700,erp:price_confirmation_sim_2026-09,2026-09-01T09:00:00+00:00
NKCECATQF8ZXGXJS,19900,erp:price_confirmation_sim_2026-09,2026-09-01T09:00:00+00:00
STIE7KFHGZ5FPWFB,60000,erp:price_confirmation_sim_2026-09,2026-09-01T09:00:00+00:00
TOPEYQHGTHDHSJNM,44900,erp:price_confirmation_sim_2026-09,2026-09-01T09:00:00+00:00
CRTECN2QUHEXQ5BG,159900,erp:price_confirmation_sim_2026-09,2026-09-01T09:00:00+00:00
ACCEGZ66ATHMFPJV,53900,erp:price_confirmation_sim_2026-09,2026-09-01T09:00:00+00:00
WATDNA7SWQ4ECPVS,99500,erp:price_confirmation_sim_2026-09,2026-09-01T09:00:00+00:00
NKCE2YCPAPGYFVZP,17100,erp:price_confirmation_sim_2026-09,2026-09-01T09:00:00+00:00
RNGEH3ESGH2PTCHE,75000,erp:price_confirmation_sim_2026-09,2026-09-01T09:00:00+00:00
ACCEY6JYDGGESWXC,30000,erp:price_confirmation_sim_2026-09,2026-09-01T09:00:00+00:00
CBKEAHJXUTDPXNFP,47000,erp:price_confirmation_sim_2026-09,2026-09-01T09:00:00+00:00
SKIEG6R7Y6N66FS5,59900,erp:price_confirmation_sim_2026-09,2026-09-01T09:00:00+00:00
WATEAY8W9HGKFUUQ,32900,erp:price_confirmation_sim_2026-09,2026-09-01T09:00:00+00:00
SCSEGE9JZNUZHJ7M,119900,erp:price_confirmation_sim_2026-09,2026-09-01T09:00:00+00:00
CRTECN2QU6HG98UZ,138000,erp:price_confirmation_sim_2026-09,2026-09-01T09:00:00+00:00
TSHDZ5ZJZGF75KGA,169900,erp:price_confirmation_sim_2026-09,2026-09-01T09:00:00+00:00
TSHE3UZUHJEU7W5S,27400,erp:price_confirmation_sim_2026-09,2026-09-01T09:00:00+00:00
NKCE4VA4WZWGGXUT,35000,erp:price_confirmation_sim_2026-09,2026-09-01T09:00:00+00:00
JCKEH9EMRAAEPJBD,99900,erp:price_confirmation_sim_2026-09,2026-09-01T09:00:00+00:00
NKCEAGXHRYTNTMG7,24900,erp:price_confirmation_sim_2026-09,2026-09-01T09:00:00+00:00
SHODUMFYWTPDYNX6,374600,erp:price_confirmation_sim_2026-09,2026-09-01T09:00:00+00:00
KRTEDZ9EYGADAEC7,32000,erp:price_confirmation_sim_2026-09,2026-09-01T09:00:00+00:00
HMBEJJ5GZDSPV69C,49900,erp:price_confirmation_sim_2026-09,2026-09-01T09:00:00+00:00
BTWEBRD3Z9PTDBDF,54900,erp:price_confirmation_sim_2026-09,2026-09-01T09:00:00+00:00
RNGE7M92AVG5TAZ2,2529300,erp:price_confirmation_sim_2026-09,2026-09-01T09:00:00+00:00
DIAEJUCEZNKKK4FK,22500,erp:price_confirmation_sim_2026-09,2026-09-01T09:00:00+00:00
DREEDTNSGFUFPYBQ,270000,erp:price_confirmation_sim_2026-09,2026-09-01T09:00:00+00:00
NKCEAUABQR7WXDYP,47500,erp:price_confirmation_sim_2026-09,2026-09-01T09:00:00+00:00
CTTEH9FUH3GKT3TF,44800,erp:price_confirmation_sim_2026-09,2026-09-01T09:00:00+00:00
TSHE993PJPXPVFKR,44900,erp:price_confirmation_sim_2026-09,2026-09-01T09:00:00+00:00
SNDEHWJCAYMKQGRT,47000,erp:price_confirmation_sim_2026-09,2026-09-01T09:00:00+00:00
DREEBMB4XAWWEYCT,74900,erp:price_confirmation_sim_2026-09,2026-09-01T09:00:00+00:00
WATEHZZXEGZEZZBQ,19900,erp:price_confirmation_sim_2026-09,2026-09-01T09:00:00+00:00
SWSEH7ZZ6EYGH7T2,40700,erp:price_confirmation_sim_2026-09,2026-09-01T09:00:00+00:00
MUGE8TQEZKAD9WVN,25000,erp:price_confirmation_sim_2026-09,2026-09-01T09:00:00+00:00
SRTEGKWYRMVXC7GE,189700,erp:price_confirmation_sim_2026-09,2026-09-01T09:00:00+00:00
ACCE6P3BBZD72UJ6,64900,erp:price_confirmation_sim_2026-09,2026-09-01T09:00:00+00:00
TSHEYUPBJYPZXKTX,79800,erp:price_confirmation_sim_2026-09,2026-09-01T09:00:00+00:00
PCSEAH5WEFMRTDEX,55000,erp:price_confirmation_sim_2026-09,2026-09-01T09:00:00+00:00
ACCEFH5CNYDGAUHZ,16400,erp:price_confirmation_sim_2026-09,2026-09-01T09:00:00+00:00
TSHE993PM4ZSYGWE,59900,erp:price_confirmation_sim_2026-09,2026-09-01T09:00:00+00:00
PPME8GGFTYH9V2HG,12500,erp:price_confirmation_sim_2026-09,2026-09-01T09:00:00+00:00
ACCEA4BDK3QYWRHS,59900,erp:price_confirmation_sim_2026-09,2026-09-01T09:00:00+00:00
WCKE23K4EUMSGH4F,69900,erp:price_confirmation_sim_2026-09,2026-09-01T09:00:00+00:00
SWSECZHKFEYWVYXN,90900,erp:price_confirmation_sim_2026-09,2026-09-01T09:00:00+00:00
PEBEBQCZT8FR6EKK,139900,erp:price_confirmation_sim_2026-09,2026-09-01T09:00:00+00:00
TRODV7EYWAFXKFUW,20400,erp:price_confirmation_sim_2026-09,2026-09-01T09:00:00+00:00
CRNEFQF6GZF9ZCZQ,59900,erp:price_confirmation_sim_2026-09,2026-09-01T09:00:00+00:00
FABE8VYTQZZPBJEH,49900,erp:price_confirmation_sim_2026-09,2026-09-01T09:00:00+00:00
SHOEGHE932WJZYYY,49500,erp:price_confirmation_sim_2026-09,2026-09-01T09:00:00+00:00
ACCE6YRAHZCTEFXH,149900,erp:price_confirmation_sim_2026-09,2026-09-01T09:00:00+00:00
STIE8YSVEPPCZ42Y,119900,erp:price_confirmation_sim_2026-09,2026-09-01T09:00:00+00:00
BBAECH63WYDG6TE2,122200,erp:price_confirmation_sim_2026-09,2026-09-01T09:00:00+00:00
CRTECN2QYNFWAQHM,92000,erp:price_confirmation_sim_2026-09,2026-09-01T09:00:00+00:00
HDNEDVWYZKSHSUXF,1141000,erp:price_confirmation_sim_2026-09,2026-09-01T09:00:00+00:00
RNGE96Y4TQHKBXXK,1261600,erp:price_confirmation_sim_2026-09,2026-09-01T09:00:00+00:00
FSEEJVNPNZHCXNNK,524200,erp:price_confirmation_sim_2026-09,2026-09-01T09:00:00+00:00
DSTEJJEXFWXKBDYM,97900,erp:price_confirmation_sim_2026-09,2026-09-01T09:00:00+00:00
STIEYZ5TBYZ9VUFJ,39900,erp:price_confirmation_sim_2026-09,2026-09-01T09:00:00+00:00
SHOE3S9B2TDHEQDU,251900,erp:price_confirmation_sim_2026-09,2026-09-01T09:00:00+00:00
DREE25GGZVGHXHYG,77900,erp:price_confirmation_sim_2026-09,2026-09-01T09:00:00+00:00
TSHEBGGKNBC7H57G,54900,erp:price_confirmation_sim_2026-09,2026-09-01T09:00:00+00:00
STIE9F5UH6UFQBDY,142400,erp:price_confirmation_sim_2026-09,2026-09-01T09:00:00+00:00
BBADXW8X6GXZHHG2,183000,erp:price_confirmation_sim_2026-09,2026-09-01T09:00:00+00:00
RNGEFP2XSXGXBTPX,188000,erp:price_confirmation_sim_2026-09,2026-09-01T09:00:00+00:00
LJGEB2KMCMMHHFC7,30900,erp:price_confirmation_sim_2026-09,2026-09-01T09:00:00+00:00
SHTE7ZPZZY64JF72,65000,erp:price_confirmation_sim_2026-09,2026-09-01T09:00:00+00:00
BBAEBZKUYSPW4XBE,24900,erp:price_confirmation_sim_2026-09,2026-09-01T09:00:00+00:00
BRAEDQEDVZT2TZ8A,28900,erp:price_confirmation_sim_2026-09,2026-09-01T09:00:00+00:00
ACCE9DJQRGFJ3BUM,168500,erp:price_confirmation_sim_2026-09,2026-09-01T09:00:00+00:00
WATECKRCSC8WGWG5,99900,erp:price_confirmation_sim_2026-09,2026-09-01T09:00:00+00:00
TROEGZUQDD7VPHKP,59900,erp:price_confirmation_sim_2026-09,2026-09-01T09:00:00+00:00
BLOEGYWFQRFHPXGE,94900,erp:price_confirmation_sim_2026-09,2026-09-01T09:00:00+00:00
SHOEJP2GGGP2GGPB,49900,erp:price_confirmation_sim_2026-09,2026-09-01T09:00:00+00:00
RNGDWKZM5ETTQGGU,1743300,erp:price_confirmation_sim_2026-09,2026-09-01T09:00:00+00:00
DGBDZFBTFEF4H2VJ,14400,erp:price_confirmation_sim_2026-09,2026-09-01T09:00:00+00:00
VCLEHVYZ6XBJHHMG,180000,erp:price_confirmation_sim_2026-09,2026-09-01T09:00:00+00:00
DREEGWVHWR36YPBY,275000,erp:price_confirmation_sim_2026-09,2026-09-01T09:00:00+00:00
NKCE6SR4FAJTR6ZF,46700,erp:price_confirmation_sim_2026-09,2026-09-01T09:00:00+00:00
DREEG7PNZ3WGSFWR,27900,erp:price_confirmation_sim_2026-09,2026-09-01T09:00:00+00:00
CBKEAHJXV4ZEJ5MS,46700,erp:price_confirmation_sim_2026-09,2026-09-01T09:00:00+00:00
NKCEBVP6FKYVH7PY,34900,erp:price_confirmation_sim_2026-09,2026-09-01T09:00:00+00:00
BAREGJ8B2Y3TPUWH,49900,erp:price_confirmation_sim_2026-09,2026-09-01T09:00:00+00:00
SHIE4THTCWNHTZXM,73000,erp:price_confirmation_sim_2026-09,2026-09-01T09:00:00+00:00
SNDEGGUTDYJCK7KZ,47900,erp:price_confirmation_sim_2026-09,2026-09-01T09:00:00+00:00
ACCEA4CAN5YDCS6V,59900,erp:price_confirmation_sim_2026-09,2026-09-01T09:00:00+00:00
ACCEFABMRTNCSHJ8,49900,erp:price_confirmation_sim_2026-09,2026-09-01T09:00:00+00:00
RNGE88FRGZCXNKUG,4366300,erp:price_confirmation_sim_2026-09,2026-09-01T09:00:00+00:00
DREE92AZVUY9RHZG,89900,erp:price_confirmation_sim_2026-09,2026-09-01T09:00:00+00:00
SAREG44SGVXFFJZJ,105000,erp:price_confirmation_sim_2026-09,2026-09-01T09:00:00+00:00
BCHEFGV9KXJXPGMZ,28800,erp:price_confirmation_sim_2026-09,2026-09-01T09:00:00+00:00
NKCE9G2B7GUUJ8HR,28900,erp:price_confirmation_sim_2026-09,2026-09-01T09:00:00+00:00
RNGEDAKCZHXRBG9G,1822000,erp:price_confirmation_sim_2026-09,2026-09-01T09:00:00+00:00
TOPE6HZUKGTFPUFP,47900,erp:price_confirmation_sim_2026-09,2026-09-01T09:00:00+00:00
NKCE38HBGUZ6W6G8,19900,erp:price_confirmation_sim_2026-09,2026-09-01T09:00:00+00:00
DIAE4Q5MBSTEGHRW,95000,erp:price_confirmation_sim_2026-09,2026-09-01T09:00:00+00:00
PBXE5YG7JZP48WAF,8900,erp:price_confirmation_sim_2026-09,2026-09-01T09:00:00+00:00
SCHE4YSTYDQBDYQF,15000,erp:price_confirmation_sim_2026-09,2026-09-01T09:00:00+00:00
CRNEEABUEUGZBSMT,59900,erp:price_confirmation_sim_2026-09,2026-09-01T09:00:00+00:00
SGLE8YSWHJAGP3WJ,29900,erp:price_confirmation_sim_2026-09,2026-09-01T09:00:00+00:00
CRNEE84JNGJT9VQ3,133200,erp:price_confirmation_sim_2026-09,2026-09-01T09:00:00+00:00
PACEAYZANXQFKGZ3,47000,erp:price_confirmation_sim_2026-09,2026-09-01T09:00:00+00:00
SNDECMAYWVGGDCUF,149900,erp:price_confirmation_sim_2026-09,2026-09-01T09:00:00+00:00
TSHE75PWNHSC53VW,90900,erp:price_confirmation_sim_2026-09,2026-09-01T09:00:00+00:00
BLBEDZARQ6FVQGGH,27500,erp:price_confirmation_sim_2026-09,2026-09-01T09:00:00+00:00
SKIEA3GZPBMGZCTQ,39900,erp:price_confirmation_sim_2026-09,2026-09-01T09:00:00+00:00
RTREBUH2XQHZ5GCS,149000,erp:price_confirmation_sim_2026-09,2026-09-01T09:00:00+00:00
NKCE9RCW8ABDHNQM,35000,erp:price_confirmation_sim_2026-09,2026-09-01T09:00:00+00:00
BRAEDSGAGF5TUZZA,37900,erp:price_confirmation_sim_2026-09,2026-09-01T09:00:00+00:00
TSHE66CGVGRRYFTF,29900,erp:price_confirmation_sim_2026-09,2026-09-01T09:00:00+00:00
NKCEBUPHUZM4BRWF,25000,erp:price_confirmation_sim_2026-09,2026-09-01T09:00:00+00:00
CRTECN2QSDTHGBEH,159900,erp:price_confirmation_sim_2026-09,2026-09-01T09:00:00+00:00
ACCEGG9VJJHGYPN4,15900,erp:price_confirmation_sim_2026-09,2026-09-01T09:00:00+00:00
SHTEEFQYRXG98PFA,49900,erp:price_confirmation_sim_2026-09,2026-09-01T09:00:00+00:00
ACCE9Y6MFD79NVTZ,59900,erp:price_confirmation_sim_2026-09,2026-09-01T09:00:00+00:00
NKCDWBPZSXKPM7HU,38000,erp:price_confirmation_sim_2026-09,2026-09-01T09:00:00+00:00
DIAEAHWGMRAZM99C,73900,erp:price_confirmation_sim_2026-09,2026-09-01T09:00:00+00:00
TSHE6KWDZJCPGGEZ,29900,erp:price_confirmation_sim_2026-09,2026-09-01T09:00:00+00:00
TSHE5YQ4CDHJX4ZA,29900,erp:price_confirmation_sim_2026-09,2026-09-01T09:00:00+00:00
BRAEDSKCGHHJTHB3,22500,erp:price_confirmation_sim_2026-09,2026-09-01T09:00:00+00:00
CRNEDHZGTZCDDAFQ,139900,erp:price_confirmation_sim_2026-09,2026-09-01T09:00:00+00:00
ACCEBGTKH26DZGMD,29500,erp:price_confirmation_sim_2026-09,2026-09-01T09:00:00+00:00
KRTEFG6MGMW4FQXF,55900,erp:price_confirmation_sim_2026-09,2026-09-01T09:00:00+00:00
DREE8FWRAYKKFBQQ,87600,erp:price_confirmation_sim_2026-09,2026-09-01T09:00:00+00:00
SHOE2MCJC5DUUBTY,159000,erp:price_confirmation_sim_2026-09,2026-09-01T09:00:00+00:00
SHTEBUEGUX7QFFEN,49900,erp:price_confirmation_sim_2026-09,2026-09-01T09:00:00+00:00
SWSEBHCPHKWEUAAG,74900,erp:price_confirmation_sim_2026-09,2026-09-01T09:00:00+00:00
STIEEHYKHDNH7GFF,49900,erp:price_confirmation_sim_2026-09,2026-09-01T09:00:00+00:00
CCVEFX3XNKFEF843,99800,erp:price_confirmation_sim_2026-09,2026-09-01T09:00:00+00:00
WATECQHN32HEEQGY,59900,erp:price_confirmation_sim_2026-09,2026-09-01T09:00:00+00:00
PPJEAJTT86WKA5G9,348000,erp:price_confirmation_sim_2026-09,2026-09-01T09:00:00+00:00
NKCE96SXZUY5TZPS,25000,erp:price_confirmation_sim_2026-09,2026-09-01T09:00:00+00:00
TSHE62Q8XFQS7QU4,75800,erp:price_confirmation_sim_2026-09,2026-09-01T09:00:00+00:00
TSHE93RYD5FX5MPW,39900,erp:price_confirmation_sim_2026-09,2026-09-01T09:00:00+00:00
PBXEAKUHBKVYNGEG,19900,erp:price_confirmation_sim_2026-09,2026-09-01T09:00:00+00:00
CRTECN2QZZF7VZMM,159900,erp:price_confirmation_sim_2026-09,2026-09-01T09:00:00+00:00
AFGEFM63JABYTPYJ,273600,erp:price_confirmation_sim_2026-09,2026-09-01T09:00:00+00:00
BBAE3JRHMQRQNGAZ,135000,erp:price_confirmation_sim_2026-09,2026-09-01T09:00:00+00:00
ACCE9DK5ZQPQGVDV,168500,erp:price_confirmation_sim_2026-09,2026-09-01T09:00:00+00:00
WATDN8YFDYTSWDFF,82500,erp:price_confirmation_sim_2026-09,2026-09-01T09:00:00+00:00
BBAEDZHYCJZWPV7D,95000,erp:price_confirmation_sim_2026-09,2026-09-01T09:00:00+00:00
KTAEHE9KEZBBQHYA,104900,erp:price_confirmation_sim_2026-09,2026-09-01T09:00:00+00:00
WCKE56UCFX5EG9ZK,74900,erp:price_confirmation_sim_2026-09,2026-09-01T09:00:00+00:00
CPCE8GHXPGAXBZVG,59900,erp:price_confirmation_sim_2026-09,2026-09-01T09:00:00+00:00
PTLEH3ECEWH2STEX,59900,erp:price_confirmation_sim_2026-09,2026-09-01T09:00:00+00:00
STIE2FRBKYZQFHSE,59900,erp:price_confirmation_sim_2026-09,2026-09-01T09:00:00+00:00
WATDZ5HGUUHWPYHC,95000,erp:price_confirmation_sim_2026-09,2026-09-01T09:00:00+00:00
BRAEGJFXYTH2MG98,47900,erp:price_confirmation_sim_2026-09,2026-09-01T09:00:00+00:00
RCTDHPZTWCHTKKSW,499500,erp:price_confirmation_sim_2026-09,2026-09-01T09:00:00+00:00
PEBEDMZDJRMHM6QP,154900,erp:price_confirmation_sim_2026-09,2026-09-01T09:00:00+00:00
NKCEFZ28RPFNBRAH,30000,erp:price_confirmation_sim_2026-09,2026-09-01T09:00:00+00:00
NKCEA5FHMHZ3HZR6,39900,erp:price_confirmation_sim_2026-09,2026-09-01T09:00:00+00:00
TSHEGJY6YDEWBYBA,59900,erp:price_confirmation_sim_2026-09,2026-09-01T09:00:00+00:00
GLSEHEHRX2AEPMY4,67700,erp:price_confirmation_sim_2026-09,2026-09-01T09:00:00+00:00
PCSED7G5QSRGNGTW,15000,erp:price_confirmation_sim_2026-09,2026-09-01T09:00:00+00:00
NKCEFKBYDZMHUYZK,29900,erp:price_confirmation_sim_2026-09,2026-09-01T09:00:00+00:00
JCKEDWXXATC4FTXC,89900,erp:price_confirmation_sim_2026-09,2026-09-01T09:00:00+00:00
SHOEC89YJYEHBW2C,129500,erp:price_confirmation_sim_2026-09,2026-09-01T09:00:00+00:00
BRAE8YJHPPWMYBPZ,33500,erp:price_confirmation_sim_2026-09,2026-09-01T09:00:00+00:00
BBADVZCAVZYNEFEG,48900,erp:price_confirmation_sim_2026-09,2026-09-01T09:00:00+00:00
SNDE2HP6K7YXNUWX,98500,erp:price_confirmation_sim_2026-09,2026-09-01T09:00:00+00:00
KRTE9JEY2HZZN9YW,39900,erp:price_confirmation_sim_2026-09,2026-09-01T09:00:00+00:00
NKCEGMUCMFXZ3FZZ,99000,erp:price_confirmation_sim_2026-09,2026-09-01T09:00:00+00:00
MUGEAGGKNHCZKE2Q,19900,erp:price_confirmation_sim_2026-09,2026-09-01T09:00:00+00:00
JWSECG6Z6HEAHDC4,66900,erp:price_confirmation_sim_2026-09,2026-09-01T09:00:00+00:00
PBXEDDEFV2FSNH4S,45000,erp:price_confirmation_sim_2026-09,2026-09-01T09:00:00+00:00
ACCDQDYBKTC6G9GH,169900,erp:price_confirmation_sim_2026-09,2026-09-01T09:00:00+00:00
SWTE8ZHJKG6YVQPE,139900,erp:price_confirmation_sim_2026-09,2026-09-01T09:00:00+00:00
RNGDWKZNGUHGKETQ,778100,erp:price_confirmation_sim_2026-09,2026-09-01T09:00:00+00:00
PBXEA7NX6KNDHYH3,34900,erp:price_confirmation_sim_2026-09,2026-09-01T09:00:00+00:00
TIEEEFKZHZZF72JK,37400,erp:price_confirmation_sim_2026-09,2026-09-01T09:00:00+00:00
BLAEDZF2CD3HA8P9,119900,erp:price_confirmation_sim_2026-09,2026-09-01T09:00:00+00:00
SWTEAFYHGPFNGHUS,95900,erp:price_confirmation_sim_2026-09,2026-09-01T09:00:00+00:00
SHOEBZ65KFSBZKBT,189900,erp:price_confirmation_sim_2026-09,2026-09-01T09:00:00+00:00
STIE7KFGCXTRW8YK,64000,erp:price_confirmation_sim_2026-09,2026-09-01T09:00:00+00:00
SNDE7RMR597YAKXB,119900,erp:price_confirmation_sim_2026-09,2026-09-01T09:00:00+00:00
SNDEFS7QNHMY8NG7,99900,erp:price_confirmation_sim_2026-09,2026-09-01T09:00:00+00:00
CRTECN2R8G7QFUZP,159900,erp:price_confirmation_sim_2026-09,2026-09-01T09:00:00+00:00
NKCE48ZU6EAYFSCM,49500,erp:price_confirmation_sim_2026-09,2026-09-01T09:00:00+00:00
WATE6GAQSZYB3FKY,15000,erp:price_confirmation_sim_2026-09,2026-09-01T09:00:00+00:00
MUGEGZUHRUHN684R,25900,erp:price_confirmation_sim_2026-09,2026-09-01T09:00:00+00:00
CRNEE84JWP32C7YK,133200,erp:price_confirmation_sim_2026-09,2026-09-01T09:00:00+00:00
PCSE7B6U2VYJZWSQ,51000,erp:price_confirmation_sim_2026-09,2026-09-01T09:00:00+00:00
SHOE6ZEBTRHQ4DDG,179500,erp:price_confirmation_sim_2026-09,2026-09-01T09:00:00+00:00
JWSEAXHZUDNH3ASY,37000,erp:price_confirmation_sim_2026-09,2026-09-01T09:00:00+00:00
TSHE6UDNUXGJ9QWC,111800,erp:price_confirmation_sim_2026-09,2026-09-01T09:00:00+00:00
ACCEGGAYF5HTP4RG,15900,erp:price_confirmation_sim_2026-09,2026-09-01T09:00:00+00:00
NKCEA5FHH53NDT9H,24900,erp:price_confirmation_sim_2026-09,2026-09-01T09:00:00+00:00
TOPE6ZCJXKZYHHZC,90000,erp:price_confirmation_sim_2026-09,2026-09-01T09:00:00+00:00
WBTEDVH6WXGPER53,34900,erp:price_confirmation_sim_2026-09,2026-09-01T09:00:00+00:00
SNDEJZ2JX5NNPREZ,110000,erp:price_confirmation_sim_2026-09,2026-09-01T09:00:00+00:00
PBXEBQGM9YPSQDMH,45900,erp:price_confirmation_sim_2026-09,2026-09-01T09:00:00+00:00
NKCE9ZYADVZJF4RM,39900,erp:price_confirmation_sim_2026-09,2026-09-01T09:00:00+00:00
NKCEBP8AQZGMMWT9,40000,erp:price_confirmation_sim_2026-09,2026-09-01T09:00:00+00:00
TSHED656GZFVSYHM,35000,erp:price_confirmation_sim_2026-09,2026-09-01T09:00:00+00:00
RCTEDZ26MNFN2K2T,49900,erp:price_confirmation_sim_2026-09,2026-09-01T09:00:00+00:00
BRAE89F4YRG7QDZ3,44900,erp:price_confirmation_sim_2026-09,2026-09-01T09:00:00+00:00
TUNEB42Q7WY4HRFN,71900,erp:price_confirmation_sim_2026-09,2026-09-01T09:00:00+00:00
SHTDZEKGZFZDVCKJ,39900,erp:price_confirmation_sim_2026-09,2026-09-01T09:00:00+00:00
SHTE62WFHSE7YFHS,84900,erp:price_confirmation_sim_2026-09,2026-09-01T09:00:00+00:00
BTWE3SMGZCGQMAZX,23900,erp:price_confirmation_sim_2026-09,2026-09-01T09:00:00+00:00
NKCDTAXF2EYZ7MP8,29600,erp:price_confirmation_sim_2026-09,2026-09-01T09:00:00+00:00
SHIEBGHDHBWNZBJB,406000,erp:price_confirmation_sim_2026-09,2026-09-01T09:00:00+00:00
NKCE88AHDPXRSJPE,49900,erp:price_confirmation_sim_2026-09,2026-09-01T09:00:00+00:00
PBXECYF3YHWYG4UN,34900,erp:price_confirmation_sim_2026-09,2026-09-01T09:00:00+00:00
SHTE94E9WWH5ENFK,49500,erp:price_confirmation_sim_2026-09,2026-09-01T09:00:00+00:00
ACCEAC4R9FT7PDSK,168500,erp:price_confirmation_sim_2026-09,2026-09-01T09:00:00+00:00
CRTECUWZ8GPZMZYY,149900,erp:price_confirmation_sim_2026-09,2026-09-01T09:00:00+00:00
SHIEARR3DXE2SXRF,29900,erp:price_confirmation_sim_2026-09,2026-09-01T09:00:00+00:00
SHTEF3VTKZT2FUSG,102500,erp:price_confirmation_sim_2026-09,2026-09-01T09:00:00+00:00
BRAECBUGKYS92MSZ,32000,erp:price_confirmation_sim_2026-09,2026-09-01T09:00:00+00:00
USGEE4P5BUGKHE2M,84900,erp:price_confirmation_sim_2026-09,2026-09-01T09:00:00+00:00
BRAE3P8YHGJF5WUZ,14900,erp:price_confirmation_sim_2026-09,2026-09-01T09:00:00+00:00
BCHEGAZ8PJG7ZQRR,69900,erp:price_confirmation_sim_2026-09,2026-09-01T09:00:00+00:00
DREDWYJ9NYYYTKZD,79500,erp:price_confirmation_sim_2026-09,2026-09-01T09:00:00+00:00
PTPEY6JZN3K8Z5GA,126700,erp:price_confirmation_sim_2026-09,2026-09-01T09:00:00+00:00
PCSE4V8H8WJHEKHH,179900,erp:price_confirmation_sim_2026-09,2026-09-01T09:00:00+00:00
DREECACWBGY4WYZR,74900,erp:price_confirmation_sim_2026-09,2026-09-01T09:00:00+00:00
WATEHYW22MBMYNJG,54900,erp:price_confirmation_sim_2026-09,2026-09-01T09:00:00+00:00
NKCDZK5DNMVQHGWH,45000,erp:price_confirmation_sim_2026-09,2026-09-01T09:00:00+00:00
BDSEGZCEKFVE5WXY,53900,erp:price_confirmation_sim_2026-09,2026-09-01T09:00:00+00:00
CTTEH9FTTMQQHD9V,44800,erp:price_confirmation_sim_2026-09,2026-09-01T09:00:00+00:00
BRAEGG4P8HYHRAC9,62400,erp:price_confirmation_sim_2026-09,2026-09-01T09:00:00+00:00
SHIEJWDQATXMFH5C,881900,erp:price_confirmation_sim_2026-09,2026-09-01T09:00:00+00:00
TSHDX6XEUHTSBCZG,42500,erp:price_confirmation_sim_2026-09,2026-09-01T09:00:00+00:00
SPWEGCNKUCZFESYG,55000,erp:price_confirmation_sim_2026-09,2026-09-01T09:00:00+00:00
TOPECMKVGDAFAUCV,89900,erp:price_confirmation_sim_2026-09,2026-09-01T09:00:00+00:00
JEAEHWBYQCUYQABJ,189900,erp:price_confirmation_sim_2026-09,2026-09-01T09:00:00+00:00
BRAEDUXKWHZFVQN7,22900,erp:price_confirmation_sim_2026-09,2026-09-01T09:00:00+00:00
VASEJQQNGXXSK9HM,40000,erp:price_confirmation_sim_2026-09,2026-09-01T09:00:00+00:00
RNGE8TQ9J4ZGYGFA,2100000,erp:price_confirmation_sim_2026-09,2026-09-01T09:00:00+00:00
SHIEFFFPDETWTWZR,29900,erp:price_confirmation_sim_2026-09,2026-09-01T09:00:00+00:00
ERGEY6NKQZGN5XHY,39900,erp:price_confirmation_sim_2026-09,2026-09-01T09:00:00+00:00
BALEYMGAEZYXDPCH,329900,erp:price_confirmation_sim_2026-09,2026-09-01T09:00:00+00:00
TOPEHZP9DTWGBRTT,49900,erp:price_confirmation_sim_2026-09,2026-09-01T09:00:00+00:00
NKCE9HF3HDDZJ5G4,15500,erp:price_confirmation_sim_2026-09,2026-09-01T09:00:00+00:00
BBAEJZSPWSYRUGRJ,18900,erp:price_confirmation_sim_2026-09,2026-09-01T09:00:00+00:00
SHIEJUZGB9FP9YW9,249900,erp:price_confirmation_sim_2026-09,2026-09-01T09:00:00+00:00
STIE9F5TBSHYS7QF,84000,erp:price_confirmation_sim_2026-09,2026-09-01T09:00:00+00:00
TSHE75PWHVTUYRHM,62900,erp:price_confirmation_sim_2026-09,2026-09-01T09:00:00+00:00
BRAEJPHB6KF8NGBK,49900,erp:price_confirmation_sim_2026-09,2026-09-01T09:00:00+00:00
ACCEJMAZVTQYQMQJ,39900,erp:price_confirmation_sim_2026-09,2026-09-01T09:00:00+00:00
CRTECN2QYGAGSCUU,159900,erp:price_confirmation_sim_2026-09,2026-09-01T09:00:00+00:00
ACCDRSJR2EEPBYUG,119900,erp:price_confirmation_sim_2026-09,2026-09-01T09:00:00+00:00
STIEBU65ZEWJE2Q7,214900,erp:price_confirmation_sim_2026-09,2026-09-01T09:00:00+00:00
RNGEDAPSZFBHAGJY,1955900,erp:price_confirmation_sim_2026-09,2026-09-01T09:00:00+00:00
CPCEJMM73MRDHKCY,39900,erp:price_confirmation_sim_2026-09,2026-09-01T09:00:00+00:00
NKCE8M88W94MUBBZ,44500,erp:price_confirmation_sim_2026-09,2026-09-01T09:00:00+00:00
SHTEB4MHWGHHYZMV,47500,erp:price_confirmation_sim_2026-09,2026-09-01T09:00:00+00:00
PCSE5N9BAHDXCSVB,39900,erp:price_confirmation_sim_2026-09,2026-09-01T09:00:00+00:00
BOLEGZXAXYHAJMZY,49900,erp:price_confirmation_sim_2026-09,2026-09-01T09:00:00+00:00
MATEHFNNMZUFNXP3,38400,erp:price_confirmation_sim_2026-09,2026-09-01T09:00:00+00:00
CRTEB774BTFUHHVA,265000,erp:price_confirmation_sim_2026-09,2026-09-01T09:00:00+00:00
BRAEE6YMKGHQ4C4K,39900,erp:price_confirmation_sim_2026-09,2026-09-01T09:00:00+00:00
WATE5HFYHPFHRCHY,89900,erp:price_confirmation_sim_2026-09,2026-09-01T09:00:00+00:00
NKCE7NFFJUFHDAQZ,35000,erp:price_confirmation_sim_2026-09,2026-09-01T09:00:00+00:00
RNGEDAK9YXUNG2YF,2627500,erp:price_confirmation_sim_2026-09,2026-09-01T09:00:00+00:00
USGEDUWYVYRWQJPT,29900,erp:price_confirmation_sim_2026-09,2026-09-01T09:00:00+00:00
ACCDUV7ZEHYTPNHY,169900,erp:price_confirmation_sim_2026-09,2026-09-01T09:00:00+00:00
CPCECU6SNRFYK7AK,39900,erp:price_confirmation_sim_2026-09,2026-09-01T09:00:00+00:00
BALEDD5MCGM2RGDN,29900,erp:price_confirmation_sim_2026-09,2026-09-01T09:00:00+00:00
TSHEA9Y2CFFFBTZC,41900,erp:price_confirmation_sim_2026-09,2026-09-01T09:00:00+00:00
SHTECYFAT7H4SBGZ,64900,erp:price_confirmation_sim_2026-09,2026-09-01T09:00:00+00:00
CAGE53FSAFWZRHFF,32900,erp:price_confirmation_sim_2026-09,2026-09-01T09:00:00+00:00
SHIEBYDE53FWHHGZ,179000,erp:price_confirmation_sim_2026-09,2026-09-01T09:00:00+00:00
TOPEYY5YQGGRWGGZ,68100,erp:price_confirmation_sim_2026-09,2026-09-01T09:00:00+00:00
CRNEDGD2AF33BHNZ,51800,erp:price_confirmation_sim_2026-09,2026-09-01T09:00:00+00:00
PAEEHFQQHJQXNDDE,82000,erp:price_confirmation_sim_2026-09,2026-09-01T09:00:00+00:00
PTPEGG3XD3GAPBNB,46000,erp:price_confirmation_sim_2026-09,2026-09-01T09:00:00+00:00
PTLEH3DFPH3CST4J,59900,erp:price_confirmation_sim_2026-09,2026-09-01T09:00:00+00:00
TSHE9CRHYA5SGXE5,44900,erp:price_confirmation_sim_2026-09,2026-09-01T09:00:00+00:00
BBAEASSY7HMUYMHT,24900,erp:price_confirmation_sim_2026-09,2026-09-01T09:00:00+00:00
NKCE49ATNPFHH5N4,34900,erp:price_confirmation_sim_2026-09,2026-09-01T09:00:00+00:00
MUGEACY7ZZFGP7BM,19900,erp:price_confirmation_sim_2026-09,2026-09-01T09:00:00+00:00
BPLEJTYFWFVFPH43,179900,erp:price_confirmation_sim_2026-09,2026-09-01T09:00:00+00:00
BRAEBUHTGYAWKXZZ,44900,erp:price_confirmation_sim_2026-09,2026-09-01T09:00:00+00:00
SHOEGDT7PZMGHKQF,19100,erp:price_confirmation_sim_2026-09,2026-09-01T09:00:00+00:00
NKCE5YA94NVQ6TQ2,15000,erp:price_confirmation_sim_2026-09,2026-09-01T09:00:00+00:00
CBKEBFJWGCTVNSVJ,51000,erp:price_confirmation_sim_2026-09,2026-09-01T09:00:00+00:00
SHTE8N2482YTBCFH,39900,erp:price_confirmation_sim_2026-09,2026-09-01T09:00:00+00:00
NKCE5XDEWDYXBG5G,32900,erp:price_confirmation_sim_2026-09,2026-09-01T09:00:00+00:00
ACCEEGQT5VMA4GGE,389900,erp:price_confirmation_sim_2026-09,2026-09-01T09:00:00+00:00
CRTECN2QTQQD8BEH,159900,erp:price_confirmation_sim_2026-09,2026-09-01T09:00:00+00:00
FFLEGEXHXGFXZAXY,79900,erp:price_confirmation_sim_2026-09,2026-09-01T09:00:00+00:00
RNGEFP2XZSFFAGGV,157000,erp:price_confirmation_sim_2026-09,2026-09-01T09:00:00+00:00
HMBE62H8NGZHYMQR,82400,erp:price_confirmation_sim_2026-09,2026-09-01T09:00:00+00:00
RTRDHYYVXHYG93NF,279000,erp:price_confirmation_sim_2026-09,2026-09-01T09:00:00+00:00
MUGEBFGFHNSEBGMC,29900,erp:price_confirmation_sim_2026-09,2026-09-01T09:00:00+00:00
ACCE9DJWDCSGHUXC,168500,erp:price_confirmation_sim_2026-09,2026-09-01T09:00:00+00:00
CTPEGGFREGQYG8VT,32900,erp:price_confirmation_sim_2026-09,2026-09-01T09:00:00+00:00
BEOEH25NTUDGG5TT,28000,erp:price_confirmation_sim_2026-09,2026-09-01T09:00:00+00:00
RCLECC9YFXCTZE8M,86000,erp:price_confirmation_sim_2026-09,2026-09-01T09:00:00+00:00
LEAEAZDSZYFTQNSD,24900,erp:price_confirmation_sim_2026-09,2026-09-01T09:00:00+00:00
SWSEHK8ZMMYXGEFZ,139500,erp:price_confirmation_sim_2026-09,2026-09-01T09:00:00+00:00
TPMEE72YPGSUVPGH,359900,erp:price_confirmation_sim_2026-09,2026-09-01T09:00:00+00:00
PYJEGYHUETSHGVMW,80100,erp:price_confirmation_sim_2026-09,2026-09-01T09:00:00+00:00
NKCE9YFBD4MBHHWZ,23900,erp:price_confirmation_sim_2026-09,2026-09-01T09:00:00+00:00
CCVEFV4XN2TQDQJZ,335600,erp:price_confirmation_sim_2026-09,2026-09-01T09:00:00+00:00
BTWEFBNYDWYWGJWD,53900,erp:price_confirmation_sim_2026-09,2026-09-01T09:00:00+00:00
TSHEHHHDSKPYGUW2,51900,erp:price_confirmation_sim_2026-09,2026-09-01T09:00:00+00:00
CAPECT5UT8476PFD,95900,erp:price_confirmation_sim_2026-09,2026-09-01T09:00:00+00:00
BRAEE6YMKFPSHPY3,32900,erp:price_confirmation_sim_2026-09,2026-09-01T09:00:00+00:00
PBXEBQGM4J4AWAWF,45900,erp:price_confirmation_sim_2026-09,2026-09-01T09:00:00+00:00
DREDZ7F5H5WNGXWS,79900,erp:price_confirmation_sim_2026-09,2026-09-01T09:00:00+00:00
NKCEC87S2ZAZBYAR,48600,erp:price_confirmation_sim_2026-09,2026-09-01T09:00:00+00:00
SWTEA3CAQKSEGPKB,99900,erp:price_confirmation_sim_2026-09,2026-09-01T09:00:00+00:00
BBAEDVQFYXRHVUVC,24900,erp:price_confirmation_sim_2026-09,2026-09-01T09:00:00+00:00
BBAEAG4DN8TYH7EH,34900,erp:price_confirmation_sim_2026-09,2026-09-01T09:00:00+00:00
BCHEF5ZYFHDCSVRN,156000,erp:price_confirmation_sim_2026-09,2026-09-01T09:00:00+00:00
RUGEHHZCGYK3YZ6J,79900,erp:price_confirmation_sim_2026-09,2026-09-01T09:00:00+00:00
NKCEYTXEXPFNTD5Q,27500,erp:price_confirmation_sim_2026-09,2026-09-01T09:00:00+00:00
SHTE95RBF9JZMYSE,40400,erp:price_confirmation_sim_2026-09,2026-09-01T09:00:00+00:00
TSHEFC4BSHJSJHAK,23900,erp:price_confirmation_sim_2026-09,2026-09-01T09:00:00+00:00
SHTEGYG6ZTPZHBTH,65500,erp:price_confirmation_sim_2026-09,2026-09-01T09:00:00+00:00
KTADZCUTW8FFAD39,94100,erp:price_confirmation_sim_2026-09,2026-09-01T09:00:00+00:00
TOPECUYTF7XTXND3,35900,erp:price_confirmation_sim_2026-09,2026-09-01T09:00:00+00:00
BBAE86J6ZYXTPZCZ,33000,erp:price_confirmation_sim_2026-09,2026-09-01T09:00:00+00:00
RTREF5VHK9ZUQE7V,95000,erp:price_confirmation_sim_2026-09,2026-09-01T09:00:00+00:00
CAGE5PHYRHNGU7D9,32000,erp:price_confirmation_sim_2026-09,2026-09-01T09:00:00+00:00
ACCE6SJGZFP5ZY4J,54900,erp:price_confirmation_sim_2026-09,2026-09-01T09:00:00+00:00
SHTE4BPAHFHDQP9R,44900,erp:price_confirmation_sim_2026-09,2026-09-01T09:00:00+00:00
SNDEGSM3QGRYFPCD,99900,erp:price_confirmation_sim_2026-09,2026-09-01T09:00:00+00:00
BLAEE7VSZ9YV7HG9,110000,erp:price_confirmation_sim_2026-09,2026-09-01T09:00:00+00:00
TSHEA48ZB4SSNUNT,20000,erp:price_confirmation_sim_2026-09,2026-09-01T09:00:00+00:00
NKCE5GJ3YZQ8UFUR,15900,erp:price_confirmation_sim_2026-09,2026-09-01T09:00:00+00:00
PLWE6S4AWUC7YVED,288000,erp:price_confirmation_sim_2026-09,2026-09-01T09:00:00+00:00
SHOE77HW4DJZSTJG,39500,erp:price_confirmation_sim_2026-09,2026-09-01T09:00:00+00:00
NKCEAVZ3FCDEUZHG,39900,erp:price_confirmation_sim_2026-09,2026-09-01T09:00:00+00:00
PPME7JN33MV2ARAY,12500,erp:price_confirmation_sim_2026-09,2026-09-01T09:00:00+00:00
JWSE9FZHVHMC7GEB,85000,erp:price_confirmation_sim_2026-09,2026-09-01T09:00:00+00:00
PCSE2FMZFNZ4GBWB,1250000,erp:price_confirmation_sim_2026-09,2026-09-01T09:00:00+00:00
NKCEDCT94E2RHF3W,39900,erp:price_confirmation_sim_2026-09,2026-09-01T09:00:00+00:00
SWTEAFYHVZTBZKHC,101900,erp:price_confirmation_sim_2026-09,2026-09-01T09:00:00+00:00
BRAEGZY9JWRP7SZT,24900,erp:price_confirmation_sim_2026-09,2026-09-01T09:00:00+00:00
CRNEE84JFPHW6GJQ,133200,erp:price_confirmation_sim_2026-09,2026-09-01T09:00:00+00:00
SHIE3QDGUEGVZJZ8,1500000,erp:price_confirmation_sim_2026-09,2026-09-01T09:00:00+00:00
TOPEGZAJGX493RKR,54900,erp:price_confirmation_sim_2026-09,2026-09-01T09:00:00+00:00
RNGEDAK8ZWZKA3HB,2557400,erp:price_confirmation_sim_2026-09,2026-09-01T09:00:00+00:00
BRAE3TSHUMQCTK6G,10900,erp:price_confirmation_sim_2026-09,2026-09-01T09:00:00+00:00
BTWEDQ9TZX5FRHCC,94900,erp:price_confirmation_sim_2026-09,2026-09-01T09:00:00+00:00
BRAE2NF6S2ZYBQWQ,13000,erp:price_confirmation_sim_2026-09,2026-09-01T09:00:00+00:00
SHODZDFBUZVTNZUH,44900,erp:price_confirmation_sim_2026-09,2026-09-01T09:00:00+00:00
SNDE9K8GDKUZHGZY,59900,erp:price_confirmation_sim_2026-09,2026-09-01T09:00:00+00:00
MGVEFZH2JQCT4CPD,39900,erp:price_confirmation_sim_2026-09,2026-09-01T09:00:00+00:00
JCKEF26QXMHTQGVU,84900,erp:price_confirmation_sim_2026-09,2026-09-01T09:00:00+00:00
CPCEJCCPYGHSTWTF,10000,erp:price_confirmation_sim_2026-09,2026-09-01T09:00:00+00:00
ERGE4JGZH2DZS9WU,790000,erp:price_confirmation_sim_2026-09,2026-09-01T09:00:00+00:00
KRTE67ZQ5XYDYZNH,73500,erp:price_confirmation_sim_2026-09,2026-09-01T09:00:00+00:00
RNGDQ5GGZXAQWXWW,2835800,erp:price_confirmation_sim_2026-09,2026-09-01T09:00:00+00:00
FAFEG28UTMGZHPFK,39900,erp:price_confirmation_sim_2026-09,2026-09-01T09:00:00+00:00
PYJEG32FFYTGKSKA,109900,erp:price_confirmation_sim_2026-09,2026-09-01T09:00:00+00:00
SNDECCHARYUEZVVD,49900,erp:price_confirmation_sim_2026-09,2026-09-01T09:00:00+00:00
WATE9MXPJRBNAM8T,26500,erp:price_confirmation_sim_2026-09,2026-09-01T09:00:00+00:00
PELE43Z2Z3XG55WB,219900,erp:price_confirmation_sim_2026-09,2026-09-01T09:00:00+00:00
RTRDETBCPG9XNHUY,439900,erp:price_confirmation_sim_2026-09,2026-09-01T09:00:00+00:00
PBXED695ZMGYHZST,9000,erp:price_confirmation_sim_2026-09,2026-09-01T09:00:00+00:00
CRTECN2QUQKHZHYA,159900,erp:price_confirmation_sim_2026-09,2026-09-01T09:00:00+00:00
TSHECQN9GTNGTBD4,39900,erp:price_confirmation_sim_2026-09,2026-09-01T09:00:00+00:00
CSPEGWNFZA6MGKVU,32500,erp:price_confirmation_sim_2026-09,2026-09-01T09:00:00+00:00
VESEGRBBR2ZGYCQW,29900,erp:price_confirmation_sim_2026-09,2026-09-01T09:00:00+00:00
USGEDDUFPJG7A5GG,24900,erp:price_confirmation_sim_2026-09,2026-09-01T09:00:00+00:00
NKCE6NHRZA6ZXMTZ,31500,erp:price_confirmation_sim_2026-09,2026-09-01T09:00:00+00:00
SHTEA9PKJJRHPRUU,39900,erp:price_confirmation_sim_2026-09,2026-09-01T09:00:00+00:00
ACCE9Y6WGGTJWWZY,59900,erp:price_confirmation_sim_2026-09,2026-09-01T09:00:00+00:00
BLUEJQRHM9VA48GF,199900,erp:price_confirmation_sim_2026-09,2026-09-01T09:00:00+00:00
BTWECS3E4KQ3E9UZ,55400,erp:price_confirmation_sim_2026-09,2026-09-01T09:00:00+00:00
SHTEGXNRHDGHUSUY,79900,erp:price_confirmation_sim_2026-09,2026-09-01T09:00:00+00:00
NKCEFH7VQHFM5GSY,47500,erp:price_confirmation_sim_2026-09,2026-09-01T09:00:00+00:00
DEPEECKGGQEPNCJU,104900,erp:price_confirmation_sim_2026-09,2026-09-01T09:00:00+00:00
CAGE8X8XZCGGXQ7Z,40000,erp:price_confirmation_sim_2026-09,2026-09-01T09:00:00+00:00
MUGE8DAUYGPWG9AE,17500,erp:price_confirmation_sim_2026-09,2026-09-01T09:00:00+00:00
BRAE8RSAZYGGHF4E,39900,erp:price_confirmation_sim_2026-09,2026-09-01T09:00:00+00:00
ACCE9WVGVJ4GKTKJ,59900,erp:price_confirmation_sim_2026-09,2026-09-01T09:00:00+00:00
BRAEDSHQ6X5YYX6N,13000,erp:price_confirmation_sim_2026-09,2026-09-01T09:00:00+00:00
HMBEGFGEJPKMXZ3W,29900,erp:price_confirmation_sim_2026-09,2026-09-01T09:00:00+00:00
WRSE4EY9FEFZVHD8,24300,erp:price_confirmation_sim_2026-09,2026-09-01T09:00:00+00:00
ACCE6QH4PRZFAVHW,32900,erp:price_confirmation_sim_2026-09,2026-09-01T09:00:00+00:00
RNGE7GVYE9PZHGUZ,2885100,erp:price_confirmation_sim_2026-09,2026-09-01T09:00:00+00:00
CRTECN2QYUWCFPSX,92000,erp:price_confirmation_sim_2026-09,2026-09-01T09:00:00+00:00
NCCEHZTVHHY8BNDD,19900,erp:price_confirmation_sim_2026-09,2026-09-01T09:00:00+00:00
BRAEAW9JYHEGPXHJ,42900,erp:price_confirmation_sim_2026-09,2026-09-01T09:00:00+00:00
SNDE9X9A94PP36NZ,169000,erp:price_confirmation_sim_2026-09,2026-09-01T09:00:00+00:00
RNGE7M92FWMWGPHD,3084200,erp:price_confirmation_sim_2026-09,2026-09-01T09:00:00+00:00
TSHEAQMCE5APABEH,45500,erp:price_confirmation_sim_2026-09,2026-09-01T09:00:00+00:00
CAPEYGFGAGKXDWGY,299900,erp:price_confirmation_sim_2026-09,2026-09-01T09:00:00+00:00
TSHEHHHDTJW6EUCH,51900,erp:price_confirmation_sim_2026-09,2026-09-01T09:00:00+00:00
SHOECSWQFHZEFZNZ,64900,erp:price_confirmation_sim_2026-09,2026-09-01T09:00:00+00:00
ACCE6GFGHEZSBFYC,168500,erp:price_confirmation_sim_2026-09,2026-09-01T09:00:00+00:00
JWSDZCHGUTXYUGZD,79900,erp:price_confirmation_sim_2026-09,2026-09-01T09:00:00+00:00
CRTECN2QZZHZH8H3,159900,erp:price_confirmation_sim_2026-09,2026-09-01T09:00:00+00:00
NKCE5T3GPPUBSWWW,35000,erp:price_confirmation_sim_2026-09,2026-09-01T09:00:00+00:00
WATDXFGTP3FEMGEH,99900,erp:price_confirmation_sim_2026-09,2026-09-01T09:00:00+00:00
CBKEAP6GUGQCPJRE,31600,erp:price_confirmation_sim_2026-09,2026-09-01T09:00:00+00:00
SAREGSFVBWGSZACA,150000,erp:price_confirmation_sim_2026-09,2026-09-01T09:00:00+00:00
HCPEFNFMYAUM6CNN,26900,erp:price_confirmation_sim_2026-09,2026-09-01T09:00:00+00:00
SNREYGHCFWFGFA26,14000,erp:price_confirmation_sim_2026-09,2026-09-01T09:00:00+00:00
NKCEJRANJCNVFZHM,59900,erp:price_confirmation_sim_2026-09,2026-09-01T09:00:00+00:00
BTWEBRD4PJUZZ7P6,54900,erp:price_confirmation_sim_2026-09,2026-09-01T09:00:00+00:00
SHTED3YQX3DPJSFZ,43000,erp:price_confirmation_sim_2026-09,2026-09-01T09:00:00+00:00
BLAE3GHGTZ94HJSU,269900,erp:price_confirmation_sim_2026-09,2026-09-01T09:00:00+00:00
SHTEBJKTHTYT7NER,34900,erp:price_confirmation_sim_2026-09,2026-09-01T09:00:00+00:00
WCKE56UCWM5HHZHE,84900,erp:price_confirmation_sim_2026-09,2026-09-01T09:00:00+00:00
SHTE8GVYNAJKT5HY,49900,erp:price_confirmation_sim_2026-09,2026-09-01T09:00:00+00:00
CAGED6GKXJKPSN8Z,30000,erp:price_confirmation_sim_2026-09,2026-09-01T09:00:00+00:00
AFGEFM633J32DSZG,341800,erp:price_confirmation_sim_2026-09,2026-09-01T09:00:00+00:00
CRNEEABUF6FKE8H8,59900,erp:price_confirmation_sim_2026-09,2026-09-01T09:00:00+00:00
RTRDMTEPMWHHPSUS,69500,erp:price_confirmation_sim_2026-09,2026-09-01T09:00:00+00:00
PCSECV3FEADN7SYF,59900,erp:price_confirmation_sim_2026-09,2026-09-01T09:00:00+00:00
MUGE9P6DGMCWBWJH,22500,erp:price_confirmation_sim_2026-09,2026-09-01T09:00:00+00:00
BRAE3TSHVMCW7NDZ,6900,erp:price_confirmation_sim_2026-09,2026-09-01T09:00:00+00:00
BLBEDH9XMZBXAYAH,32000,erp:price_confirmation_sim_2026-09,2026-09-01T09:00:00+00:00
RNGEDAKEXFZHV4GU,1519400,erp:price_confirmation_sim_2026-09,2026-09-01T09:00:00+00:00
NKCE7VKYTANNFZ32,31900,erp:price_confirmation_sim_2026-09,2026-09-01T09:00:00+00:00
NKCE38HB3Y5YH3UF,24900,erp:price_confirmation_sim_2026-09,2026-09-01T09:00:00+00:00
VANEDHSCE7UYEGHZ,107500,erp:price_confirmation_sim_2026-09,2026-09-01T09:00:00+00:00
SHTE8BFQRV6SDRP6,29700,erp:price_confirmation_sim_2026-09,2026-09-01T09:00:00+00:00
PEBEDMZDGGWGZPGN,124900,erp:price_confirmation_sim_2026-09,2026-09-01T09:00:00+00:00
RCLEYW4Q2MXFSCSM,26900,erp:price_confirmation_sim_2026-09,2026-09-01T09:00:00+00:00
BTWEBUHYYNMZ77FN,59900,erp:price_confirmation_sim_2026-09,2026-09-01T09:00:00+00:00
SHODYZ7NXW9FEJ49,179400,erp:price_confirmation_sim_2026-09,2026-09-01T09:00:00+00:00
FLUEGKG2YGDSHGV6,211400,erp:price_confirmation_sim_2026-09,2026-09-01T09:00:00+00:00
NKCEAY3RMGDD9DCS,37900,erp:price_confirmation_sim_2026-09,2026-09-01T09:00:00+00:00
PCSECYY4ZSXXVKFD,65500,erp:price_confirmation_sim_2026-09,2026-09-01T09:00:00+00:00
CAGDYPBWZ6JSHECV,19500,erp:price_confirmation_sim_2026-09,2026-09-01T09:00:00+00:00
DREE63YVCVSYZAGZ,88500,erp:price_confirmation_sim_2026-09,2026-09-01T09:00:00+00:00
PCSEAH5WTV9MSPJU,79900,erp:price_confirmation_sim_2026-09,2026-09-01T09:00:00+00:00
EROEJ5QX56VNVPKG,125900,erp:price_confirmation_sim_2026-09,2026-09-01T09:00:00+00:00
WATEBGPF2YN8ZRHN,49900,erp:price_confirmation_sim_2026-09,2026-09-01T09:00:00+00:00
LJGEB3XBZHF4CNUF,34900,erp:price_confirmation_sim_2026-09,2026-09-01T09:00:00+00:00
JEAEB969SDQ5ZXUQ,389700,erp:price_confirmation_sim_2026-09,2026-09-01T09:00:00+00:00
CAEE9Y64FBPZJUUH,15000,erp:price_confirmation_sim_2026-09,2026-09-01T09:00:00+00:00
DTHEHTAZPGKDZXWH,85000,erp:price_confirmation_sim_2026-09,2026-09-01T09:00:00+00:00
TSHE993QUHYUFTHX,59900,erp:price_confirmation_sim_2026-09,2026-09-01T09:00:00+00:00
HJREGAHGVXJXZFHB,60000,erp:price_confirmation_sim_2026-09,2026-09-01T09:00:00+00:00
TOPE6Y9NZYXUSA3R,144400,erp:price_confirmation_sim_2026-09,2026-09-01T09:00:00+00:00
BBAE7DPRYDNBTNEB,24000,erp:price_confirmation_sim_2026-09,2026-09-01T09:00:00+00:00
RNGEDAKFZNNJHKDX,2765000,erp:price_confirmation_sim_2026-09,2026-09-01T09:00:00+00:00
BRAE2M4Q4QTNHTWF,24900,erp:price_confirmation_sim_2026-09,2026-09-01T09:00:00+00:00
SHOEBG9ZMJGJYKYG,99900,erp:price_confirmation_sim_2026-09,2026-09-01T09:00:00+00:00
CNDEHGXHDHMKJXUS,249000,erp:price_confirmation_sim_2026-09,2026-09-01T09:00:00+00:00
ACCE59YXYNSCHX6J,18000,erp:price_confirmation_sim_2026-09,2026-09-01T09:00:00+00:00
NKCEAX7HJGPZ84KZ,39900,erp:price_confirmation_sim_2026-09,2026-09-01T09:00:00+00:00
SHOE4K54VP44KTZK,88000,erp:price_confirmation_sim_2026-09,2026-09-01T09:00:00+00:00
NKCE96SXZGNBFP3J,25000,erp:price_confirmation_sim_2026-09,2026-09-01T09:00:00+00:00
BBAECD6FD6MHYUXR,44500,erp:price_confirmation_sim_2026-09,2026-09-01T09:00:00+00:00
STIE9F5TWSGM7JMQ,84000,erp:price_confirmation_sim_2026-09,2026-09-01T09:00:00+00:00
ACCE5ZCYYWU7ZX5P,174900,erp:price_confirmation_sim_2026-09,2026-09-01T09:00:00+00:00
TSHEB96CEMMDV9BJ,85400,erp:price_confirmation_sim_2026-09,2026-09-01T09:00:00+00:00
DREE8AHXBEQN43BA,99700,erp:price_confirmation_sim_2026-09,2026-09-01T09:00:00+00:00
NLPEGUMZWFSEZSHZ,19900,erp:price_confirmation_sim_2026-09,2026-09-01T09:00:00+00:00
STIEBU65ZHZESDWV,156900,erp:price_confirmation_sim_2026-09,2026-09-01T09:00:00+00:00
SHOEAJHWVZFDFTFZ,24900,erp:price_confirmation_sim_2026-09,2026-09-01T09:00:00+00:00
KITEDNZ4WSP8YQFZ,189900,erp:price_confirmation_sim_2026-09,2026-09-01T09:00:00+00:00
SWCEBFUBFYZ9QHKG,25000,erp:price_confirmation_sim_2026-09,2026-09-01T09:00:00+00:00
SHTECDG8TKJY38KU,59900,erp:price_confirmation_sim_2026-09,2026-09-01T09:00:00+00:00
BRAE9Y5V963WTTNW,44900,erp:price_confirmation_sim_2026-09,2026-09-01T09:00:00+00:00
JCKEG4AKNM3HP3MG,637400,erp:price_confirmation_sim_2026-09,2026-09-01T09:00:00+00:00
CAGE7NK9ZCBCV55Z,39900,erp:price_confirmation_sim_2026-09,2026-09-01T09:00:00+00:00
CPCEDGGNU7PT864G,19900,erp:price_confirmation_sim_2026-09,2026-09-01T09:00:00+00:00
BBAE76FZRY4DUGSJ,24900,erp:price_confirmation_sim_2026-09,2026-09-01T09:00:00+00:00
CBKEBVA8FSYCT7NJ,28500,erp:price_confirmation_sim_2026-09,2026-09-01T09:00:00+00:00
BHGEGTAVWRZQTU6T,30400,erp:price_confirmation_sim_2026-09,2026-09-01T09:00:00+00:00
WLPEGHDFJ4UKCRMY,43000,erp:price_confirmation_sim_2026-09,2026-09-01T09:00:00+00:00
ACCECNDZZGZHBUYC,129900,erp:price_confirmation_sim_2026-09,2026-09-01T09:00:00+00:00
ACCDXH5JWYYPBBGC,24900,erp:price_confirmation_sim_2026-09,2026-09-01T09:00:00+00:00
FABE76TMDUNUVNUD,16900,erp:price_confirmation_sim_2026-09,2026-09-01T09:00:00+00:00
CRTECN2QZGHCJHW8,92000,erp:price_confirmation_sim_2026-09,2026-09-01T09:00:00+00:00
NKCEF9GTZR2DAYHA,49900,erp:price_confirmation_sim_2026-09,2026-09-01T09:00:00+00:00
NKCE9GY5QUJUJPGH,49900,erp:price_confirmation_sim_2026-09,2026-09-01T09:00:00+00:00
PBXEBHJDWFN2KHCJ,49900,erp:price_confirmation_sim_2026-09,2026-09-01T09:00:00+00:00
TOPE7H2EUPM9UHNB,69900,erp:price_confirmation_sim_2026-09,2026-09-01T09:00:00+00:00
JEAECSU3AYH5PAEY,89900,erp:price_confirmation_sim_2026-09,2026-09-01T09:00:00+00:00
SHMECRS4DDGBWMDZ,18000,erp:price_confirmation_sim_2026-09,2026-09-01T09:00:00+00:00
TKPEC89TSZG47HHQ,22000,erp:price_confirmation_sim_2026-09,2026-09-01T09:00:00+00:00
SHOE2GUGZGFYZHEY,109900,erp:price_confirmation_sim_2026-09,2026-09-01T09:00:00+00:00
NKCEANMPATURDMHV,23900,erp:price_confirmation_sim_2026-09,2026-09-01T09:00:00+00:00
BRAE7YF6ARDAG6QZ,28400,erp:price_confirmation_sim_2026-09,2026-09-01T09:00:00+00:00
SHTEE4V8N7YGCJQM,49900,erp:price_confirmation_sim_2026-09,2026-09-01T09:00:00+00:00
SNDEJGYFP2AT3FMH,39900,erp:price_confirmation_sim_2026-09,2026-09-01T09:00:00+00:00
NKCEAPCWHHHAJHMT,33900,erp:price_confirmation_sim_2026-09,2026-09-01T09:00:00+00:00
PTGEGUPZQDZ4NDBY,872000,erp:price_confirmation_sim_2026-09,2026-09-01T09:00:00+00:00
CRNECU3ACNR85WVC,224900,erp:price_confirmation_sim_2026-09,2026-09-01T09:00:00+00:00
TSHE6UDNKTGYGZDG,103800,erp:price_confirmation_sim_2026-09,2026-09-01T09:00:00+00:00
ECOEFYFBTDEB4ZFU,49900,erp:price_confirmation_sim_2026-09,2026-09-01T09:00:00+00:00
HFCEGNHHSGSQ5HHW,89900,erp:price_confirmation_sim_2026-09,2026-09-01T09:00:00+00:00
BCHEG9KDJD3HUQGG,44900,erp:price_confirmation_sim_2026-09,2026-09-01T09:00:00+00:00
SHTEBJKTWGDQTMJB,34800,erp:price_confirmation_sim_2026-09,2026-09-01T09:00:00+00:00
SWTDZKYDB5FJNPNJ,179900,erp:price_confirmation_sim_2026-09,2026-09-01T09:00:00+00:00
BBAE99AKKTVS2AYU,35000,erp:price_confirmation_sim_2026-09,2026-09-01T09:00:00+00:00
SHTEBG9CGJ5N9RGZ,59900,erp:price_confirmation_sim_2026-09,2026-09-01T09:00:00+00:00
NKCECZGEKKRCXYAR,55500,erp:price_confirmation_sim_2026-09,2026-09-01T09:00:00+00:00
SHTE7HGFX3VAYKZ8,24700,erp:price_confirmation_sim_2026-09,2026-09-01T09:00:00+00:00
MUGE6ZDZRKBKEHPF,17500,erp:price_confirmation_sim_2026-09,2026-09-01T09:00:00+00:00
OFSEGVPGRDA3D8SM,162600,erp:price_confirmation_sim_2026-09,2026-09-01T09:00:00+00:00
WATE9MXPZEEPXGAU,27500,erp:price_confirmation_sim_2026-09,2026-09-01T09:00:00+00:00
CPCE8HMRQY7FTZZ7,63300,erp:price_confirmation_sim_2026-09,2026-09-01T09:00:00+00:00
CRNEE84JUHJMMDPU,133200,erp:price_confirmation_sim_2026-09,2026-09-01T09:00:00+00:00
SUDEHYGUUFRKNMUE,35800,erp:price_confirmation_sim_2026-09,2026-09-01T09:00:00+00:00
CRNEE84JVFQZDN5B,133200,erp:price_confirmation_sim_2026-09,2026-09-01T09:00:00+00:00
HBLEGH7H48GDRZQP,349000,erp:price_confirmation_sim_2026-09,2026-09-01T09:00:00+00:00
HACEGPF9FDKV3EPK,34900,erp:price_confirmation_sim_2026-09,2026-09-01T09:00:00+00:00
DSTEJJ8VGMGUFVWF,97900,erp:price_confirmation_sim_2026-09,2026-09-01T09:00:00+00:00
BRAEAR7WUVRVUAHY,27000,erp:price_confirmation_sim_2026-09,2026-09-01T09:00:00+00:00
JWSEBCY4HDWGJZBT,80000,erp:price_confirmation_sim_2026-09,2026-09-01T09:00:00+00:00
CRTECN2QZZKPWSKP,159900,erp:price_confirmation_sim_2026-09,2026-09-01T09:00:00+00:00
BRAE3TSHVWYHGGWH,6900,erp:price_confirmation_sim_2026-09,2026-09-01T09:00:00+00:00
CAGE68GGZGTFPZAE,32400,erp:price_confirmation_sim_2026-09,2026-09-01T09:00:00+00:00
BRAE89GGWTZ4BMNZ,29900,erp:price_confirmation_sim_2026-09,2026-09-01T09:00:00+00:00
SHTE9UGFFKKTYJ7S,29700,erp:price_confirmation_sim_2026-09,2026-09-01T09:00:00+00:00
CAGE9ABAQS8WKHHY,39900,erp:price_confirmation_sim_2026-09,2026-09-01T09:00:00+00:00
TSHDVZHTKHPQHWYY,71800,erp:price_confirmation_sim_2026-09,2026-09-01T09:00:00+00:00
WATE9MVXHMTCFZSP,119900,erp:price_confirmation_sim_2026-09,2026-09-01T09:00:00+00:00
TKPECMHB4F3FGXHZ,76000,erp:price_confirmation_sim_2026-09,2026-09-01T09:00:00+00:00
KRTE7X8NADSVDEET,99900,erp:price_confirmation_sim_2026-09,2026-09-01T09:00:00+00:00
WATDPV5TUCGZ8JCN,99900,erp:price_confirmation_sim_2026-09,2026-09-01T09:00:00+00:00
CBKEBFJWGWZMXZJJ,50400,erp:price_confirmation_sim_2026-09,2026-09-01T09:00:00+00:00
SWTE2TFGHRBZHKUS,74900,erp:price_confirmation_sim_2026-09,2026-09-01T09:00:00+00:00
CRNEJBGHW2PRYTTY,46300,erp:price_confirmation_sim_2026-09,2026-09-01T09:00:00+00:00
ACCDX8ZUCDGVWWWB,169900,erp:price_confirmation_sim_2026-09,2026-09-01T09:00:00+00:00
BLAEAWABJY2DNWHJ,559900,erp:price_confirmation_sim_2026-09,2026-09-01T09:00:00+00:00
CAGED6GKXVK5EZHH,30000,erp:price_confirmation_sim_2026-09,2026-09-01T09:00:00+00:00
LJGDYQ2HQQGVHHXG,38100,erp:price_confirmation_sim_2026-09,2026-09-01T09:00:00+00:00
CPCEYYYJHNHDYRFH,41800,erp:price_confirmation_sim_2026-09,2026-09-01T09:00:00+00:00
WSCEJFZSJHPBRWGK,199900,erp:price_confirmation_sim_2026-09,2026-09-01T09:00:00+00:00
TOPECENJ85HRQQHA,169900,erp:price_confirmation_sim_2026-09,2026-09-01T09:00:00+00:00
TUNEB73EWGGZHHTG,149900,erp:price_confirmation_sim_2026-09,2026-09-01T09:00:00+00:00
TSHEAS29JFGZRGV2,59900,erp:price_confirmation_sim_2026-09,2026-09-01T09:00:00+00:00
SNDEHZPHCXP7ZTFA,49900,erp:price_confirmation_sim_2026-09,2026-09-01T09:00:00+00:00
SWSEGJ4Y4JZJHWVG,54900,erp:price_confirmation_sim_2026-09,2026-09-01T09:00:00+00:00
STIE2FRBHTFPT2KR,59900,erp:price_confirmation_sim_2026-09,2026-09-01T09:00:00+00:00
WATE5HFYDB443B3C,69900,erp:price_confirmation_sim_2026-09,2026-09-01T09:00:00+00:00
SHOE9YD5ZAYJQUYZ,170000,erp:price_confirmation_sim_2026-09,2026-09-01T09:00:00+00:00
BBAE8UJZREYRAQWP,37800,erp:price_confirmation_sim_2026-09,2026-09-01T09:00:00+00:00
WATE7GP3JZMFEGZG,99900,erp:price_confirmation_sim_2026-09,2026-09-01T09:00:00+00:00
WATEBC25QGSHKFGB,24900,erp:price_confirmation_sim_2026-09,2026-09-01T09:00:00+00:00
ACCEGNVADAYPFTER,22900,erp:price_confirmation_sim_2026-09,2026-09-01T09:00:00+00:00
RNGE7M92N5M2PFUK,3128000,erp:price_confirmation_sim_2026-09,2026-09-01T09:00:00+00:00
PTPE93ZFQMYVXCTJ,84000,erp:price_confirmation_sim_2026-09,2026-09-01T09:00:00+00:00
CRTECN2QZ5BPGNFM,159900,erp:price_confirmation_sim_2026-09,2026-09-01T09:00:00+00:00
KRTEEGQYHVH9PZ9X,49900,erp:price_confirmation_sim_2026-09,2026-09-01T09:00:00+00:00
PBXEBQGMBP2VJTSQ,40900,erp:price_confirmation_sim_2026-09,2026-09-01T09:00:00+00:00
BTWEC899ZNB9XH3Z,43900,erp:price_confirmation_sim_2026-09,2026-09-01T09:00:00+00:00
ACCE9Y6R3QSTFYEF,59900,erp:price_confirmation_sim_2026-09,2026-09-01T09:00:00+00:00
SKTE8HA2HDURGKTF,465000,erp:price_confirmation_sim_2026-09,2026-09-01T09:00:00+00:00
PELEG5D2MWCDGZPX,67500,erp:price_confirmation_sim_2026-09,2026-09-01T09:00:00+00:00
SHTE58S9XSGBJAQ9,29700,erp:price_confirmation_sim_2026-09,2026-09-01T09:00:00+00:00
USGECN4WHY7M9MZJ,16600,erp:price_confirmation_sim_2026-09,2026-09-01T09:00:00+00:00
BRAEFR6JYG2HBVSS,29900,erp:price_confirmation_sim_2026-09,2026-09-01T09:00:00+00:00
CAGE225HGFQ4VSSK,32000,erp:price_confirmation_sim_2026-09,2026-09-01T09:00:00+00:00
JEAEGRDYBVFWFEMF,71700,erp:price_confirmation_sim_2026-09,2026-09-01T09:00:00+00:00
HCPEG9CUJA8SNHBA,22000,erp:price_confirmation_sim_2026-09,2026-09-01T09:00:00+00:00
SNDE93UPDQ5TNMZG,59900,erp:price_confirmation_sim_2026-09,2026-09-01T09:00:00+00:00
NKCEGGEKZXHG2ZGN,69000,erp:price_confirmation_sim_2026-09,2026-09-01T09:00:00+00:00
RNGECQP4BZZ8HYBA,189900,erp:price_confirmation_sim_2026-09,2026-09-01T09:00:00+00:00
CWDEGNNW8YCD2VHQ,250000,erp:price_confirmation_sim_2026-09,2026-09-01T09:00:00+00:00
SNDEDTCXWCGDH2HA,41900,erp:price_confirmation_sim_2026-09,2026-09-01T09:00:00+00:00
BCHEG8EHCXU9UZGA,39900,erp:price_confirmation_sim_2026-09,2026-09-01T09:00:00+00:00
NKCE7HN9XD8UDKHF,39900,erp:price_confirmation_sim_2026-09,2026-09-01T09:00:00+00:00
BTWE3VWM9HENTJXC,36900,erp:price_confirmation_sim_2026-09,2026-09-01T09:00:00+00:00
TSHE2MFFGPTJK4PH,49900,erp:price_confirmation_sim_2026-09,2026-09-01T09:00:00+00:00
PHFEG8HFHPE6ZXZ5,35600,erp:price_confirmation_sim_2026-09,2026-09-01T09:00:00+00:00
ACCE9Y6MSXARQKHR,59900,erp:price_confirmation_sim_2026-09,2026-09-01T09:00:00+00:00
TSHE93RYDNZQPFP8,27200,erp:price_confirmation_sim_2026-09,2026-09-01T09:00:00+00:00
STIE9F5UM6QPAAVJ,142400,erp:price_confirmation_sim_2026-09,2026-09-01T09:00:00+00:00
BRAEDTPHBRK7YTYE,39900,erp:price_confirmation_sim_2026-09,2026-09-01T09:00:00+00:00
RTRD3849TERR75YB,650000,erp:price_confirmation_sim_2026-09,2026-09-01T09:00:00+00:00
BRAECA2JWQJZFHUU,39900,erp:price_confirmation_sim_2026-09,2026-09-01T09:00:00+00:00
RNGE7GVYUJEHNNJS,2456600,erp:price_confirmation_sim_2026-09,2026-09-01T09:00:00+00:00
BCHEG9KDGJMZ8YPR,44900,erp:price_confirmation_sim_2026-09,2026-09-01T09:00:00+00:00
WATDZ5HGF7WGCFGH,65000,erp:price_confirmation_sim_2026-09,2026-09-01T09:00:00+00:00
ACCE9YWXVFTHQHJ2,28500,erp:price_confirmation_sim_2026-09,2026-09-01T09:00:00+00:00
SNDEAN42SGFZADUB,107600,erp:price_confirmation_sim_2026-09,2026-09-01T09:00:00+00:00
SNDEY46QMR5HY8SP,99900,erp:price_confirmation_sim_2026-09,2026-09-01T09:00:00+00:00
JEAEJTZZJS2GTZAK,68900,erp:price_confirmation_sim_2026-09,2026-09-01T09:00:00+00:00
WATDUNJ7PGYUWDGQ,82500,erp:price_confirmation_sim_2026-09,2026-09-01T09:00:00+00:00
ACCE9Y6QSQRPCFKF,59900,erp:price_confirmation_sim_2026-09,2026-09-01T09:00:00+00:00
RTREFR77EH5G8AH4,1420000,erp:price_confirmation_sim_2026-09,2026-09-01T09:00:00+00:00
CRTECN2RDAKXQHYH,159900,erp:price_confirmation_sim_2026-09,2026-09-01T09:00:00+00:00
ACBEA449RSHGJ4GE,47900,erp:price_confirmation_sim_2026-09,2026-09-01T09:00:00+00:00
SHIE4PZGEARGTGCP,98300,erp:price_confirmation_sim_2026-09,2026-09-01T09:00:00+00:00
BRAEDSG92FGZZXCT,16000,erp:price_confirmation_sim_2026-09,2026-09-01T09:00:00+00:00
PANEGYX2UKXFYWRJ,19900,erp:price_confirmation_sim_2026-09,2026-09-01T09:00:00+00:00
NKCE6Y3MYHDXXN9U,39900,erp:price_confirmation_sim_2026-09,2026-09-01T09:00:00+00:00
SHOEJ5YSJMX2HXRF,95900,erp:price_confirmation_sim_2026-09,2026-09-01T09:00:00+00:00
BLAEEGQXXXKECK8Y,59900,erp:price_confirmation_sim_2026-09,2026-09-01T09:00:00+00:00
BRFEGDQZGTHKEG3A,99900,erp:price_confirmation_sim_2026-09,2026-09-01T09:00:00+00:00
RNGEDAPVYYKEC48G,3307800,erp:price_confirmation_sim_2026-09,2026-09-01T09:00:00+00:00
RNGDWKZHDVFQTDYV,742000,erp:price_confirmation_sim_2026-09,2026-09-01T09:00:00+00:00
DREE9MFS27JGYEYZ,75500,erp:price_confirmation_sim_2026-09,2026-09-01T09:00:00+00:00
RNGEDAKAZXTGZNAM,1905500,erp:price_confirmation_sim_2026-09,2026-09-01T09:00:00+00:00
BRAEDSGAZMGQDKTJ,37900,erp:price_confirmation_sim_2026-09,2026-09-01T09:00:00+00:00
BLAE5YFQDXJESB3S,39900,erp:price_confirmation_sim_2026-09,2026-09-01T09:00:00+00:00
CAGE3FX7XZGYHGRJ,24900,erp:price_confirmation_sim_2026-09,2026-09-01T09:00:00+00:00
NKCE6HZQSMTECZBC,35900,erp:price_confirmation_sim_2026-09,2026-09-01T09:00:00+00:00
PELEGHQP8GMXYF6V,219900,erp:price_confirmation_sim_2026-09,2026-09-01T09:00:00+00:00
DREEGZ5CPMQDRZST,111900,erp:price_confirmation_sim_2026-09,2026-09-01T09:00:00+00:00
RNGE88Q9WMY2Z8QH,2922000,erp:price_confirmation_sim_2026-09,2026-09-01T09:00:00+00:00
DREEARMHWMVYQR45,94900,erp:price_confirmation_sim_2026-09,2026-09-01T09:00:00+00:00
SHOE6BEWJ3UEBDH9,181900,erp:price_confirmation_sim_2026-09,2026-09-01T09:00:00+00:00
DREECGZJUXBSTHKH,69900,erp:price_confirmation_sim_2026-09,2026-09-01T09:00:00+00:00
JEAEGFC4HJDZB9UC,90900,erp:price_confirmation_sim_2026-09,2026-09-01T09:00:00+00:00
PELEYC9ZZPDGZWAA,249900,erp:price_confirmation_sim_2026-09,2026-09-01T09:00:00+00:00
DREEY9PFYAWYTCHK,74900,erp:price_confirmation_sim_2026-09,2026-09-01T09:00:00+00:00
DREE7UZEF2QNW4RB,99500,erp:price_confirmation_sim_2026-09,2026-09-01T09:00:00+00:00
JEAEGWYDZYDRGXQF,90000,erp:price_confirmation_sim_2026-09,2026-09-01T09:00:00+00:00
PTYEA6SFGD4X8NAR,19000,erp:price_confirmation_sim_2026-09,2026-09-01T09:00:00+00:00
LJGE7YGXZZYD4Y8S,31900,erp:price_confirmation_sim_2026-09,2026-09-01T09:00:00+00:00
BLOEJFYB3DFGTY7Z,99900,erp:price_confirmation_sim_2026-09,2026-09-01T09:00:00+00:00
RNGEDAKBZKH7AWJQ,2554700,erp:price_confirmation_sim_2026-09,2026-09-01T09:00:00+00:00
SHTEBZ59EQTPTANJ,49900,erp:price_confirmation_sim_2026-09,2026-09-01T09:00:00+00:00
MCBEDTNRXEQ86KXQ,12000,erp:price_confirmation_sim_2026-09,2026-09-01T09:00:00+00:00
SHIEAU6YY2FY4XXX,44900,erp:price_confirmation_sim_2026-09,2026-09-01T09:00:00+00:00
NKCEGNP35GW3UKNY,34900,erp:price_confirmation_sim_2026-09,2026-09-01T09:00:00+00:00
TOPE7H6NJYZXFXBH,60000,erp:price_confirmation_sim_2026-09,2026-09-01T09:00:00+00:00
TSHE8HWMFHUCGF9P,49900,erp:price_confirmation_sim_2026-09,2026-09-01T09:00:00+00:00
SHIE8G24RUNDF63N,74500,erp:price_confirmation_sim_2026-09,2026-09-01T09:00:00+00:00
SHTE7MYZPX4RBTSZ,49900,erp:price_confirmation_sim_2026-09,2026-09-01T09:00:00+00:00
TSHE7AX3Y42HMJBV,69900,erp:price_confirmation_sim_2026-09,2026-09-01T09:00:00+00:00
BRAE74BRUJV9K63H,24900,erp:price_confirmation_sim_2026-09,2026-09-01T09:00:00+00:00
TLPECJY8H3YBSYZY,97100,erp:price_confirmation_sim_2026-09,2026-09-01T09:00:00+00:00
PTPDVPEXQ88YHBEE,279000,erp:price_confirmation_sim_2026-09,2026-09-01T09:00:00+00:00
SNDE37CXG3BUGJYV,59900,erp:price_confirmation_sim_2026-09,2026-09-01T09:00:00+00:00
VLBEGFFDP9H6WG2T,28700,erp:price_confirmation_sim_2026-09,2026-09-01T09:00:00+00:00
NKCE9PYYGDUEHZGH,25900,erp:price_confirmation_sim_2026-09,2026-09-01T09:00:00+00:00
BBAE6GFQXREGGBCU,49900,erp:price_confirmation_sim_2026-09,2026-09-01T09:00:00+00:00
STIE9F5UGYH9B68H,58200,erp:price_confirmation_sim_2026-09,2026-09-01T09:00:00+00:00
BLAEEDXCWA9RWAF8,79900,erp:price_confirmation_sim_2026-09,2026-09-01T09:00:00+00:00
RTRDZBJ5GRMDUZ8H,89000,erp:price_confirmation_sim_2026-09,2026-09-01T09:00:00+00:00
DREEBASYTTAK7FRP,79900,erp:price_confirmation_sim_2026-09,2026-09-01T09:00:00+00:00
BRAE8SMCGBASYHKZ,24900,erp:price_confirmation_sim_2026-09,2026-09-01T09:00:00+00:00
SHTE55HGUD8ESUTQ,38700,erp:price_confirmation_sim_2026-09,2026-09-01T09:00:00+00:00
RNGEBKGHZFCSNZWZ,1732100,erp:price_confirmation_sim_2026-09,2026-09-01T09:00:00+00:00
ACCE3YFF4D4KYBF4,59900,erp:price_confirmation_sim_2026-09,2026-09-01T09:00:00+00:00
RTREFDT4U3A6UZEH,120000,erp:price_confirmation_sim_2026-09,2026-09-01T09:00:00+00:00
BKPE6BUDHA3YA5YG,59900,erp:price_confirmation_sim_2026-09,2026-09-01T09:00:00+00:00
SHIDYZAYRM4KKJGR,63800,erp:price_confirmation_sim_2026-09,2026-09-01T09:00:00+00:00
TOPEGQKDATUDJTAG,79900,erp:price_confirmation_sim_2026-09,2026-09-01T09:00:00+00:00
CRNEG8DSR9X42SBE,49900,erp:price_confirmation_sim_2026-09,2026-09-01T09:00:00+00:00
TSHECJAYAC5MGEXR,39000,erp:price_confirmation_sim_2026-09,2026-09-01T09:00:00+00:00
SHIEHYHMGQWHRCBW,149900,erp:price_confirmation_sim_2026-09,2026-09-01T09:00:00+00:00
ACCDVHJPXVEYGWGK,149900,erp:price_confirmation_sim_2026-09,2026-09-01T09:00:00+00:00
HDNEDVWY7YJTQZAZ,809300,erp:price_confirmation_sim_2026-09,2026-09-01T09:00:00+00:00
CRNEFPZF9RPX9RFG,89900,erp:price_confirmation_sim_2026-09,2026-09-01T09:00:00+00:00
ACCE5DAAJGHATWZA,101000,erp:price_confirmation_sim_2026-09,2026-09-01T09:00:00+00:00
TUNEG39HT7DZCGZQ,77500,erp:price_confirmation_sim_2026-09,2026-09-01T09:00:00+00:00
BTWE4GQS9TZHKHY4,80000,erp:price_confirmation_sim_2026-09,2026-09-01T09:00:00+00:00
NKCDU4RZC2AFABJV,21900,erp:price_confirmation_sim_2026-09,2026-09-01T09:00:00+00:00
BCHEEYZYHBFFM7W3,65000,erp:price_confirmation_sim_2026-09,2026-09-01T09:00:00+00:00
NKCE9PYYNKKTAR3B,23900,erp:price_confirmation_sim_2026-09,2026-09-01T09:00:00+00:00
RNGEYRXFYFABCTNY,2745000,erp:price_confirmation_sim_2026-09,2026-09-01T09:00:00+00:00
TSHE7FR6QVBUM7KM,60000,erp:price_confirmation_sim_2026-09,2026-09-01T09:00:00+00:00
STIEYZ5TUHTKNCHW,109900,erp:price_confirmation_sim_2026-09,2026-09-01T09:00:00+00:00
CPCE69JGZ42PXPWV,40400,erp:price_confirmation_sim_2026-09,2026-09-01T09:00:00+00:00
JEAEHGT9Z7T9YRGS,109900,erp:price_confirmation_sim_2026-09,2026-09-01T09:00:00+00:00
ACCEGYP2TMX2NUPH,26900,erp:price_confirmation_sim_2026-09,2026-09-01T09:00:00+00:00
TROEC98WZFPRENAV,178900,erp:price_confirmation_sim_2026-09,2026-09-01T09:00:00+00:00
CRTECN2QYZXQGFHE,159900,erp:price_confirmation_sim_2026-09,2026-09-01T09:00:00+00:00
HOFEDRD3TAHUZEHG,25000,erp:price_confirmation_sim_2026-09,2026-09-01T09:00:00+00:00
PPMEE5NQVKDGUCFX,80000,erp:price_confirmation_sim_2026-09,2026-09-01T09:00:00+00:00
PTPEANGB8CAX4YKW,31000,erp:price_confirmation_sim_2026-09,2026-09-01T09:00:00+00:00
SHTECCF7YVNCPZ55,43900,erp:price_confirmation_sim_2026-09,2026-09-01T09:00:00+00:00
CAGEBTJBGQCRFHCV,32000,erp:price_confirmation_sim_2026-09,2026-09-01T09:00:00+00:00
FABEJX2NHNKCYHKA,69900,erp:price_confirmation_sim_2026-09,2026-09-01T09:00:00+00:00
CPCEH2BTEYRFXHP5,50000,erp:price_confirmation_sim_2026-09,2026-09-01T09:00:00+00:00
SHTED4WPFGZWA9N5,59900,erp:price_confirmation_sim_2026-09,2026-09-01T09:00:00+00:00
DRPEHYHKFSHQEKTZ,49900,erp:price_confirmation_sim_2026-09,2026-09-01T09:00:00+00:00
STIE88KNFZF2JFRN,99900,erp:price_confirmation_sim_2026-09,2026-09-01T09:00:00+00:00
ACCE6SJGCZFFKHFF,54900,erp:price_confirmation_sim_2026-09,2026-09-01T09:00:00+00:00
KRTECNPR9XG683JY,41700,erp:price_confirmation_sim_2026-09,2026-09-01T09:00:00+00:00
LJGDYRGXBYPECFDV,35000,erp:price_confirmation_sim_2026-09,2026-09-01T09:00:00+00:00
TSHEE3MZY7KCMDVV,49900,erp:price_confirmation_sim_2026-09,2026-09-01T09:00:00+00:00
NKCEC9FM5A8PJSHZ,86300,erp:price_confirmation_sim_2026-09,2026-09-01T09:00:00+00:00
ACCDZMAPRCGSYYQW,149900,erp:price_confirmation_sim_2026-09,2026-09-01T09:00:00+00:00
CAPEDVMZGYJDU8SE,99900,erp:price_confirmation_sim_2026-09,2026-09-01T09:00:00+00:00
BLAEEDJ6GGYYASSR,142500,erp:price_confirmation_sim_2026-09,2026-09-01T09:00:00+00:00
BBAE76FZQBEZ3YTE,24900,erp:price_confirmation_sim_2026-09,2026-09-01T09:00:00+00:00
DREEBFDWNQSGF3CZ,69900,erp:price_confirmation_sim_2026-09,2026-09-01T09:00:00+00:00
CRNEG8DDQQDRY3HJ,49900,erp:price_confirmation_sim_2026-09,2026-09-01T09:00:00+00:00
CAGE8PKGYFGQQYAE,16500,erp:price_confirmation_sim_2026-09,2026-09-01T09:00:00+00:00
SHIEB7A6NCNJNZJD,49900,erp:price_confirmation_sim_2026-09,2026-09-01T09:00:00+00:00
SHTEB96CYRMYSVZS,49900,erp:price_confirmation_sim_2026-09,2026-09-01T09:00:00+00:00
BRAEGJFXSM9ZQ6SK,47900,erp:price_confirmation_sim_2026-09,2026-09-01T09:00:00+00:00
BBAEGFHXHG9BJS8K,299700,erp:price_confirmation_sim_2026-09,2026-09-01T09:00:00+00:00
BMDEGVYEMNWS2XH2,548600,erp:price_confirmation_sim_2026-09,2026-09-01T09:00:00+00:00
SHOEJDYYY77DZF6Z,31900,erp:price_confirmation_sim_2026-09,2026-09-01T09:00:00+00:00
SHOEGAJGGTZD6HSY,39900,erp:price_confirmation_sim_2026-09,2026-09-01T09:00:00+00:00
TKPE2GSYFFVWFNPG,29900,erp:price_confirmation_sim_2026-09,2026-09-01T09:00:00+00:00
ERGE5FG6ZJRPY7JM,79900,erp:price_confirmation_sim_2026-09,2026-09-01T09:00:00+00:00
SNDEJYHYGANG3YQ4,99500,erp:price_confirmation_sim_2026-09,2026-09-01T09:00:00+00:00
TSHE9K9GXHXSFWY7,29900,erp:price_confirmation_sim_2026-09,2026-09-01T09:00:00+00:00
TUNE58HDNTMBK4VQ,119300,erp:price_confirmation_sim_2026-09,2026-09-01T09:00:00+00:00
KSCEG8EZHSRYDQNZ,59900,erp:price_confirmation_sim_2026-09,2026-09-01T09:00:00+00:00
NRSEEAG2VG6ZNBEP,40000,erp:price_confirmation_sim_2026-09,2026-09-01T09:00:00+00:00
BRAECFAREVYWQSQG,33000,erp:price_confirmation_sim_2026-09,2026-09-01T09:00:00+00:00
ACCEAC4QWGAHV7CF,168500,erp:price_confirmation_sim_2026-09,2026-09-01T09:00:00+00:00
SUDEGVG6PJKDGW2Z,89900,erp:price_confirmation_sim_2026-09,2026-09-01T09:00:00+00:00
KRTECTF4GCCTTX3H,29900,erp:price_confirmation_sim_2026-09,2026-09-01T09:00:00+00:00
SHTEGXNSABFQ2G3J,79900,erp:price_confirmation_sim_2026-09,2026-09-01T09:00:00+00:00
PEBEDMZDNZHRNBDZ,114900,erp:price_confirmation_sim_2026-09,2026-09-01T09:00:00+00:00
BRAE44SCYYFM74DE,29900,erp:price_confirmation_sim_2026-09,2026-09-01T09:00:00+00:00
ACCEGGBTHFC95B56,15900,erp:price_confirmation_sim_2026-09,2026-09-01T09:00:00+00:00
CPCE2ZMDXHZ5Z2HJ,29900,erp:price_confirmation_sim_2026-09,2026-09-01T09:00:00+00:00
SNREBR5MZHSPP6SQ,10900,erp:price_confirmation_sim_2026-09,2026-09-01T09:00:00+00:00
TOPED9T3FXS8CP8M,59900,erp:price_confirmation_sim_2026-09,2026-09-01T09:00:00+00:00
VESEH6SG6VCYFWKF,26500,erp:price_confirmation_sim_2026-09,2026-09-01T09:00:00+00:00
TOPEGQJYGPFHEKCK,199900,erp:price_confirmation_sim_2026-09,2026-09-01T09:00:00+00:00
SFFEJTPPKYVGEGJH,170000,erp:price_confirmation_sim_2026-09,2026-09-01T09:00:00+00:00
TFHECYGAREJ2ACWS,149900,erp:price_confirmation_sim_2026-09,2026-09-01T09:00:00+00:00
MUGEAGGKKDAXEA36,19900,erp:price_confirmation_sim_2026-09,2026-09-01T09:00:00+00:00
BZREHKGY7CD5QEFT,360000,erp:price_confirmation_sim_2026-09,2026-09-01T09:00:00+00:00
TOPE4VR5MVHFCMHZ,85500,erp:price_confirmation_sim_2026-09,2026-09-01T09:00:00+00:00
SHIEBZB4SXXAG6TH,650000,erp:price_confirmation_sim_2026-09,2026-09-01T09:00:00+00:00
BLAE9CSTBZESFBMQ,188900,erp:price_confirmation_sim_2026-09,2026-09-01T09:00:00+00:00
SNDEJMK8PGUGVXZQ,29500,erp:price_confirmation_sim_2026-09,2026-09-01T09:00:00+00:00
VASEJQQJFTSHHKVW,50000,erp:price_confirmation_sim_2026-09,2026-09-01T09:00:00+00:00
SHTE38MZUZFNQQ5G,47900,erp:price_confirmation_sim_2026-09,2026-09-01T09:00:00+00:00
ACCEGKFG5VWCR3JG,20700,erp:price_confirmation_sim_2026-09,2026-09-01T09:00:00+00:00
TSHEFJFYYKGSDA3Y,41800,erp:price_confirmation_sim_2026-09,2026-09-01T09:00:00+00:00
CRNEG8DSZ3TVFPYU,49900,erp:price_confirmation_sim_2026-09,2026-09-01T09:00:00+00:00
MUGEAGGKFB4NSF9K,19900,erp:price_confirmation_sim_2026-09,2026-09-01T09:00:00+00:00
TOPEHTU46JAHMV33,72900,erp:price_confirmation_sim_2026-09,2026-09-01T09:00:00+00:00
TOPE97AK3PDMAFKQ,99900,erp:price_confirmation_sim_2026-09,2026-09-01T09:00:00+00:00
BTWEBCPH5UWHMY7U,35000,erp:price_confirmation_sim_2026-09,2026-09-01T09:00:00+00:00
BDDEH29D335NNVSK,2499900,erp:price_confirmation_sim_2026-09,2026-09-01T09:00:00+00:00
HJREGVMCEGGUDUE5,64000,erp:price_confirmation_sim_2026-09,2026-09-01T09:00:00+00:00
HTHEF7NSJAHRVHXZ,1899000,erp:price_confirmation_sim_2026-09,2026-09-01T09:00:00+00:00
SWTE7V5K6JAMTFZQ,77900,erp:price_confirmation_sim_2026-09,2026-09-01T09:00:00+00:00
PHFEG8HFYXFTK6JA,35600,erp:price_confirmation_sim_2026-09,2026-09-01T09:00:00+00:00
BBAEARKNSVBRNFJV,145000,erp:price_confirmation_sim_2026-09,2026-09-01T09:00:00+00:00
FAFEFYFBYWGZN9H8,62500,erp:price_confirmation_sim_2026-09,2026-09-01T09:00:00+00:00
SFFEHWF4HP7HGYUH,27500,erp:price_confirmation_sim_2026-09,2026-09-01T09:00:00+00:00
CRTECN2QVUET9PQ8,159900,erp:price_confirmation_sim_2026-09,2026-09-01T09:00:00+00:00
CAGE68FFWFYEYTJN,31000,erp:price_confirmation_sim_2026-09,2026-09-01T09:00:00+00:00
VASEJQQNGZGQGHCD,66000,erp:price_confirmation_sim_2026-09,2026-09-01T09:00:00+00:00
BRAEDSGBPHRAHEMU,37900,erp:price_confirmation_sim_2026-09,2026-09-01T09:00:00+00:00
WCKE56UCYZGEMGEH,74900,erp:price_confirmation_sim_2026-09,2026-09-01T09:00:00+00:00
CPCEYW2UE4KSCXY2,14900,erp:price_confirmation_sim_2026-09,2026-09-01T09:00:00+00:00
TOPE7ZHYDE2MKNHF,90000,erp:price_confirmation_sim_2026-09,2026-09-01T09:00:00+00:00
BRAE4GF4X3VZZC9K,29900,erp:price_confirmation_sim_2026-09,2026-09-01T09:00:00+00:00
TSHE5VVMYGFWVNRF,83900,erp:price_confirmation_sim_2026-09,2026-09-01T09:00:00+00:00
BKPE6RDGZMNKCNFG,74800,erp:price_confirmation_sim_2026-09,2026-09-01T09:00:00+00:00
TOPE5W8MDNZMUAAK,54900,erp:price_confirmation_sim_2026-09,2026-09-01T09:00:00+00:00
PANEGYWYSHWEZSRH,19900,erp:price_confirmation_sim_2026-09,2026-09-01T09:00:00+00:00
FRAEGWYADDXUXCZY,149500,erp:price_confirmation_sim_2026-09,2026-09-01T09:00:00+00:00
NSTEG48NGGGGPC8F,30900,erp:price_confirmation_sim_2026-09,2026-09-01T09:00:00+00:00
BDSEGGFARZSB4SHY,149900,erp:price_confirmation_sim_2026-09,2026-09-01T09:00:00+00:00
BBAE7DPRVNKURYXZ,24000,erp:price_confirmation_sim_2026-09,2026-09-01T09:00:00+00:00
SRTE8M6RTYZVHMWR,101900,erp:price_confirmation_sim_2026-09,2026-09-01T09:00:00+00:00
BCHEFHYUNCXTDHVU,80900,erp:price_confirmation_sim_2026-09,2026-09-01T09:00:00+00:00
SHIEAFTQGNRMZHNH,390000,erp:price_confirmation_sim_2026-09,2026-09-01T09:00:00+00:00
JWSDYQ3RTGG8N7HD,90000,erp:price_confirmation_sim_2026-09,2026-09-01T09:00:00+00:00
ECOEFYFBVX3VSZB2,49900,erp:price_confirmation_sim_2026-09,2026-09-01T09:00:00+00:00
NKCE9YFBAJ6EAVRY,23900,erp:price_confirmation_sim_2026-09,2026-09-01T09:00:00+00:00
CAGDV253GZSTRTWC,29900,erp:price_confirmation_sim_2026-09,2026-09-01T09:00:00+00:00
PBXE77QVTEGMAEDJ,14900,erp:price_confirmation_sim_2026-09,2026-09-01T09:00:00+00:00
PBXE8FW6ZZZF2RQA,15400,erp:price_confirmation_sim_2026-09,2026-09-01T09:00:00+00:00
EROEGXBKHBW3XHC8,129900,erp:price_confirmation_sim_2026-09,2026-09-01T09:00:00+00:00
CRNEE84JUWNY6MYF,133200,erp:price_confirmation_sim_2026-09,2026-09-01T09:00:00+00:00
PCSEBYMQRGV6RKDZ,54900,erp:price_confirmation_sim_2026-09,2026-09-01T09:00:00+00:00
NKCDWTGFZ9K5BEJA,41600,erp:price_confirmation_sim_2026-09,2026-09-01T09:00:00+00:00
BBADSEZD52PWFMZW,204700,erp:price_confirmation_sim_2026-09,2026-09-01T09:00:00+00:00
STIEYZ5TKK8CNADN,39900,erp:price_confirmation_sim_2026-09,2026-09-01T09:00:00+00:00
ETHEGFZFDFHA8C7J,139900,erp:price_confirmation_sim_2026-09,2026-09-01T09:00:00+00:00
BBAE8E45ZJDHQ5RA,65000,erp:price_confirmation_sim_2026-09,2026-09-01T09:00:00+00:00
PELEGPFMDMTU3PQJ,55900,erp:price_confirmation_sim_2026-09,2026-09-01T09:00:00+00:00
DEPEE6TY9ZYHQCTY,97400,erp:price_confirmation_sim_2026-09,2026-09-01T09:00:00+00:00
SHIEBY82QFGWNYTE,269900,erp:price_confirmation_sim_2026-09,2026-09-01T09:00:00+00:00
NKCE76TN4Z5ZQHH3,45500,erp:price_confirmation_sim_2026-09,2026-09-01T09:00:00+00:00
CRTECN2QSGCA6CSF,92000,erp:price_confirmation_sim_2026-09,2026-09-01T09:00:00+00:00
BTWEJQ6AKJYGHUGJ,69900,erp:price_confirmation_sim_2026-09,2026-09-01T09:00:00+00:00
KRTECBJ6DUYHNEYH,39900,erp:price_confirmation_sim_2026-09,2026-09-01T09:00:00+00:00
LJGE8MZQFMGZKP9E,29900,erp:price_confirmation_sim_2026-09,2026-09-01T09:00:00+00:00
LACEGEZDGBBEJGZ6,32900,erp:price_confirmation_sim_2026-09,2026-09-01T09:00:00+00:00
BBAE86J6VWJH6XUE,33000,erp:price_confirmation_sim_2026-09,2026-09-01T09:00:00+00:00
NKCDYGA7HK76EBFC,44900,erp:price_confirmation_sim_2026-09,2026-09-01T09:00:00+00:00
TSHE5HQFK4X4HCWN,34900,erp:price_confirmation_sim_2026-09,2026-09-01T09:00:00+00:00
SHOE4EZ3VTVHQRX6,159900,erp:price_confirmation_sim_2026-09,2026-09-01T09:00:00+00:00
DREE8UGV5YEBQKJS,89900,erp:price_confirmation_sim_2026-09,2026-09-01T09:00:00+00:00
BRAE44SUWY4R349F,12500,erp:price_confirmation_sim_2026-09,2026-09-01T09:00:00+00:00
KRTEBDGPFTF6N6GR,50500,erp:price_confirmation_sim_2026-09,2026-09-01T09:00:00+00:00
SNDEJMNRQZNK6TSA,119900,erp:price_confirmation_sim_2026-09,2026-09-01T09:00:00+00:00
WABEAHVERGBGCHZQ,365000,erp:price_confirmation_sim_2026-09,2026-09-01T09:00:00+00:00
ACCEHZF9EDRGHXCF,32000,erp:price_confirmation_sim_2026-09,2026-09-01T09:00:00+00:00
USGEJPQHZHYZQHBU,24900,erp:price_confirmation_sim_2026-09,2026-09-01T09:00:00+00:00
SKIE8X2TEAFHA3BU,54900,erp:price_confirmation_sim_2026-09,2026-09-01T09:00:00+00:00
SNDEAK7FMEZQD9Y3,118900,erp:price_confirmation_sim_2026-09,2026-09-01T09:00:00+00:00
JEAEGE8Q8GXYFTGU,109900,erp:price_confirmation_sim_2026-09,2026-09-01T09:00:00+00:00
TOPEHZNP4QZHVTDW,179900,erp:price_confirmation_sim_2026-09,2026-09-01T09:00:00+00:00
BBAECNFFR8HFZGYE,38500,erp:price_confirmation_sim_2026-09,2026-09-01T09:00:00+00:00
ACCEAZCVS4YGWUVH,59900,erp:price_confirmation_sim_2026-09,2026-09-01T09:00:00+00:00
NKCE8SESMHF2VSRM,49900,erp:price_confirmation_sim_2026-09,2026-09-01T09:00:00+00:00
BRAEE6YMKVVFEMUD,39900,erp:price_confirmation_sim_2026-09,2026-09-01T09:00:00+00:00
RKSE8JZAPUG4AK3F,169900,erp:price_confirmation_sim_2026-09,2026-09-01T09:00:00+00:00
SHOEGJK85Z3TSXZE,49900,erp:price_confirmation_sim_2026-09,2026-09-01T09:00:00+00:00
BLBE2GTCQEHHRMC9,29900,erp:price_confirmation_sim_2026-09,2026-09-01T09:00:00+00:00
PACEARXTEE2R8CNT,25500,erp:price_confirmation_sim_2026-09,2026-09-01T09:00:00+00:00
PCSEE4H5ZCFWZZRZ,79900,erp:price_confirmation_sim_2026-09,2026-09-01T09:00:00+00:00
BRAE59YTMB36ZVFG,34900,erp:price_confirmation_sim_2026-09,2026-09-01T09:00:00+00:00
SNDEY7QPXUF5PZSZ,56900,erp:price_confirmation_sim_2026-09,2026-09-01T09:00:00+00:00
SHTE6Z7AHX8VZSGS,35900,erp:price_confirmation_sim_2026-09,2026-09-01T09:00:00+00:00
BBAED8D9WYU2798P,30000,erp:price_confirmation_sim_2026-09,2026-09-01T09:00:00+00:00
LIDE4YMTRHMXGXKZ,157200,erp:price_confirmation_sim_2026-09,2026-09-01T09:00:00+00:00
SHOEHY9DYP2HYTSZ,129900,erp:price_confirmation_sim_2026-09,2026-09-01T09:00:00+00:00
VHREBBHBPXHHHPYE,34100,erp:price_confirmation_sim_2026-09,2026-09-01T09:00:00+00:00
RNGDTBQSME354KFA,122500,erp:price_confirmation_sim_2026-09,2026-09-01T09:00:00+00:00
CRTEHSS9BDYRCEFC,140200,erp:price_confirmation_sim_2026-09,2026-09-01T09:00:00+00:00
JWSE6GH6HKQFXTTD,89000,erp:price_confirmation_sim_2026-09,2026-09-01T09:00:00+00:00
SHIE8TFNMRZHATFH,79900,erp:price_confirmation_sim_2026-09,2026-09-01T09:00:00+00:00
ACCEGZ65AEVGSGZ7,53900,erp:price_confirmation_sim_2026-09,2026-09-01T09:00:00+00:00
JWSE9CZDHWTBXYEC,99900,erp:price_confirmation_sim_2026-09,2026-09-01T09:00:00+00:00
ETHEGFZGNGANDFHH,139900,erp:price_confirmation_sim_2026-09,2026-09-01T09:00:00+00:00
SHOEGHJVBSMSXQCV,99900,erp:price_confirmation_sim_2026-09,2026-09-01T09:00:00+00:00
PTPEJQR9VKFUV4HY,65900,erp:price_confirmation_sim_2026-09,2026-09-01T09:00:00+00:00
SCFEJR4G3T64HMZS,23900,erp:price_confirmation_sim_2026-09,2026-09-01T09:00:00+00:00
BRAE4F8NCQJFTGEZ,49900,erp:price_confirmation_sim_2026-09,2026-09-01T09:00:00+00:00
NKCE6KGHUEVNGVZJ,42100,erp:price_confirmation_sim_2026-09,2026-09-01T09:00:00+00:00
SHTEATGFWT8VP5B4,44900,erp:price_confirmation_sim_2026-09,2026-09-01T09:00:00+00:00
SHIE9ZYZQBKZQMWD,32900,erp:price_confirmation_sim_2026-09,2026-09-01T09:00:00+00:00
CRTECN2QYSAMMGRW,159900,erp:price_confirmation_sim_2026-09,2026-09-01T09:00:00+00:00
SHIEAUUTMZEXJQGG,69200,erp:price_confirmation_sim_2026-09,2026-09-01T09:00:00+00:00
BRAEDSGAUQ3PBVSZ,37900,erp:price_confirmation_sim_2026-09,2026-09-01T09:00:00+00:00
PPME7GQYVGKVG5ZW,12500,erp:price_confirmation_sim_2026-09,2026-09-01T09:00:00+00:00
HDNEDVWYBF3PGSFE,667700,erp:price_confirmation_sim_2026-09,2026-09-01T09:00:00+00:00
RNGE5SPMSKUXBJBH,3325900,erp:price_confirmation_sim_2026-09,2026-09-01T09:00:00+00:00
CLTEGMUMNQXUEHHX,27500,erp:price_confirmation_sim_2026-09,2026-09-01T09:00:00+00:00
HMBEJCMHXNY6SVVY,144900,erp:price_confirmation_sim_2026-09,2026-09-01T09:00:00+00:00
SHTE546SBNFFMH6M,30000,erp:price_confirmation_sim_2026-09,2026-09-01T09:00:00+00:00
TSHE3UZUY6SNFGZZ,24900,erp:price_confirmation_sim_2026-09,2026-09-01T09:00:00+00:00
ACCDZMAP27FUAVMR,149900,erp:price_confirmation_sim_2026-09,2026-09-01T09:00:00+00:00
NKCE7MMGJFGJVC7Q,30000,erp:price_confirmation_sim_2026-09,2026-09-01T09:00:00+00:00
TCVDX6N8ZSPCQQBY,27500,erp:price_confirmation_sim_2026-09,2026-09-01T09:00:00+00:00
RNGEFFFZJFSSFVJV,2645600,erp:price_confirmation_sim_2026-09,2026-09-01T09:00:00+00:00
NKCEDCT9AQ6WHDS7,39900,erp:price_confirmation_sim_2026-09,2026-09-01T09:00:00+00:00
SHOEHFH8RH7WHMZW,299500,erp:price_confirmation_sim_2026-09,2026-09-01T09:00:00+00:00
NKCEAFM7XQDGVBZ6,39900,erp:price_confirmation_sim_2026-09,2026-09-01T09:00:00+00:00
SARE3WVSJNZPM3NG,189900,erp:price_confirmation_sim_2026-09,2026-09-01T09:00:00+00:00
CRTECN2QZ4NY4SSZ,159900,erp:price_confirmation_sim_2026-09,2026-09-01T09:00:00+00:00
SHODYYX9N2ZM7CYY,179900,erp:price_confirmation_sim_2026-09,2026-09-01T09:00:00+00:00
TKPEHZ2Y6KFV5ZQR,84900,erp:price_confirmation_sim_2026-09,2026-09-01T09:00:00+00:00
PTPDZYCE2H35GHG4,58900,erp:price_confirmation_sim_2026-09,2026-09-01T09:00:00+00:00
NKCE869DXWNP2VAJ,42500,erp:price_confirmation_sim_2026-09,2026-09-01T09:00:00+00:00
BRAE73KFJGNSP2NP,80900,erp:price_confirmation_sim_2026-09,2026-09-01T09:00:00+00:00
PEBEDMZDAWGX9BXT,124900,erp:price_confirmation_sim_2026-09,2026-09-01T09:00:00+00:00
BRAE8EHTGUTM8CX2,25300,erp:price_confirmation_sim_2026-09,2026-09-01T09:00:00+00:00
ACCDUV7ZVBA7CHWX,169900,erp:price_confirmation_sim_2026-09,2026-09-01T09:00:00+00:00
CSPEGWUYXZNXC8ZG,19900,erp:price_confirmation_sim_2026-09,2026-09-01T09:00:00+00:00
PBXE6YVW4CSQGJPS,9900,erp:price_confirmation_sim_2026-09,2026-09-01T09:00:00+00:00
TOPEDM57CZDENHEG,69900,erp:price_confirmation_sim_2026-09,2026-09-01T09:00:00+00:00
NKCE2YCPGMPDFUPF,14000,erp:price_confirmation_sim_2026-09,2026-09-01T09:00:00+00:00
SNDEGGQ6T4W8ZGKH,39900,erp:price_confirmation_sim_2026-09,2026-09-01T09:00:00+00:00
HLMEJMBMUCEYKEFN,75000,erp:price_confirmation_sim_2026-09,2026-09-01T09:00:00+00:00
BBAEEBGMPBGA2GZU,34900,erp:price_confirmation_sim_2026-09,2026-09-01T09:00:00+00:00
BRAEGJFXKXXSXYXC,27900,erp:price_confirmation_sim_2026-09,2026-09-01T09:00:00+00:00
MUGECEVFBPUAPF8B,22500,erp:price_confirmation_sim_2026-09,2026-09-01T09:00:00+00:00
USGEDZAAFUVCHJA5,59900,erp:price_confirmation_sim_2026-09,2026-09-01T09:00:00+00:00
TOPE4HXDZHPR9K2C,35900,erp:price_confirmation_sim_2026-09,2026-09-01T09:00:00+00:00
SNDE25SGPV24YPRA,39900,erp:price_confirmation_sim_2026-09,2026-09-01T09:00:00+00:00
CSOEGTPR39XZHZJY,59900,erp:price_confirmation_sim_2026-09,2026-09-01T09:00:00+00:00
RTRDYYTZSUUNFFUT,171000,erp:price_confirmation_sim_2026-09,2026-09-01T09:00:00+00:00
TSHDZCZYY8SU7AGG,79900,erp:price_confirmation_sim_2026-09,2026-09-01T09:00:00+00:00
SHTECY56T5NFH5KP,142400,erp:price_confirmation_sim_2026-09,2026-09-01T09:00:00+00:00
TSHE6UDN3FEZKTZZ,87800,erp:price_confirmation_sim_2026-09,2026-09-01T09:00:00+00:00
BLBECQUKSFHGRRTA,74900,erp:price_confirmation_sim_2026-09,2026-09-01T09:00:00+00:00
RNGE7GVYWRPVS6QA,2555200,erp:price_confirmation_sim_2026-09,2026-09-01T09:00:00+00:00
BZREHKG32E7ZHWU6,302500,erp:price_confirmation_sim_2026-09,2026-09-01T09:00:00+00:00
NKCE8HSQRAF3TPHW,29900,erp:price_confirmation_sim_2026-09,2026-09-01T09:00:00+00:00
USGEBZ79Q4U6ZC6W,29900,erp:price_confirmation_sim_2026-09,2026-09-01T09:00:00+00:00
SHOEGHHGGDVFZEZG,179900,erp:price_confirmation_sim_2026-09,2026-09-01T09:00:00+00:00
NKCE9G2BXWXY9UAA,35900,erp:price_confirmation_sim_2026-09,2026-09-01T09:00:00+00:00
SHIEGFC2FMKUGNZZ,112400,erp:price_confirmation_sim_2026-09,2026-09-01T09:00:00+00:00
SNDECCCGM2TCHBWG,79500,erp:price_confirmation_sim_2026-09,2026-09-01T09:00:00+00:00
TOPEDQDFYDDZWY58,59900,erp:price_confirmation_sim_2026-09,2026-09-01T09:00:00+00:00
PACE4YPWNTHM9YXZ,24900,erp:price_confirmation_sim_2026-09,2026-09-01T09:00:00+00:00
ACCEGGDGP2KETAD9,79900,erp:price_confirmation_sim_2026-09,2026-09-01T09:00:00+00:00
ACCE6SJGVZYXHH2D,54900,erp:price_confirmation_sim_2026-09,2026-09-01T09:00:00+00:00
SWSEHUF9PRYCHNQF,64800,erp:price_confirmation_sim_2026-09,2026-09-01T09:00:00+00:00
WATEBSZUTGAQBCFN,59900,erp:price_confirmation_sim_2026-09,2026-09-01T09:00:00+00:00
JWSE2QGFTHXKZYZY,96000,erp:price_confirmation_sim_2026-09,2026-09-01T09:00:00+00:00
KRTE7RMRRGYZSAET,49900,erp:price_confirmation_sim_2026-09,2026-09-01T09:00:00+00:00
PYJEG32EBY5Z6UZJ,109900,erp:price_confirmation_sim_2026-09,2026-09-01T09:00:00+00:00
NKCEA5FH4WFEN68W,29900,erp:price_confirmation_sim_2026-09,2026-09-01T09:00:00+00:00
CHDDWG32ZYENVXEX,29900,erp:price_confirmation_sim_2026-09,2026-09-01T09:00:00+00:00
HACEJU8F5MTVFHGV,36000,erp:price_confirmation_sim_2026-09,2026-09-01T09:00:00+00:00
PAEE7ZWANPGQYQRZ,15000,erp:price_confirmation_sim_2026-09,2026-09-01T09:00:00+00:00
RNGEDAKDDTWVKUEZ,1833900,erp:price_confirmation_sim_2026-09,2026-09-01T09:00:00+00:00
NKCE6GJ5KDEJAAJX,39900,erp:price_confirmation_sim_2026-09,2026-09-01T09:00:00+00:00
SWTEE995HZE9WRTM,89900,erp:price_confirmation_sim_2026-09,2026-09-01T09:00:00+00:00
VANE652HAXYMVDAD,89900,erp:price_confirmation_sim_2026-09,2026-09-01T09:00:00+00:00
SHOE3S9BGW4GGEFJ,209900,erp:price_confirmation_sim_2026-09,2026-09-01T09:00:00+00:00
SHOE9E2PZPZFZ7BV,199900,erp:price_confirmation_sim_2026-09,2026-09-01T09:00:00+00:00
NKCDTAXFZUNRDFKZ,37100,erp:price_confirmation_sim_2026-09,2026-09-01T09:00:00+00:00
NKCEASN6V7MJ482Y,38900,erp:price_confirmation_sim_2026-09,2026-09-01T09:00:00+00:00
TUNEBE8ADAYHZ4PG,49900,erp:price_confirmation_sim_2026-09,2026-09-01T09:00:00+00:00
VANEA92TVYHVE29G,150000,erp:price_confirmation_sim_2026-09,2026-09-01T09:00:00+00:00
BRAE5F3KHHPXDMUR,14900,erp:price_confirmation_sim_2026-09,2026-09-01T09:00:00+00:00
CNTEJVGGPSZRZDFH,214500,erp:price_confirmation_sim_2026-09,2026-09-01T09:00:00+00:00
TSHE7733AUEVJNCY,64900,erp:price_confirmation_sim_2026-09,2026-09-01T09:00:00+00:00
SGLEJ56EJCFSKJTY,135900,erp:price_confirmation_sim_2026-09,2026-09-01T09:00:00+00:00
DREDT9RCUGEJ6BQU,83900,erp:price_confirmation_sim_2026-09,2026-09-01T09:00:00+00:00
SHTEC9RHZENPG3J2,49900,erp:price_confirmation_sim_2026-09,2026-09-01T09:00:00+00:00
WTBEJZNYZESBJZRT,28900,erp:price_confirmation_sim_2026-09,2026-09-01T09:00:00+00:00
SHOECH8DTDMVKGGS,39900,erp:price_confirmation_sim_2026-09,2026-09-01T09:00:00+00:00
KLSEGUGCH9ZZUKQZ,29900,erp:price_confirmation_sim_2026-09,2026-09-01T09:00:00+00:00
TUNEARU7H4ZGXZKF,57500,erp:price_confirmation_sim_2026-09,2026-09-01T09:00:00+00:00
CRTECN2QVH5KUGW4,138000,erp:price_confirmation_sim_2026-09,2026-09-01T09:00:00+00:00
TOPEBKYKHZ74DT6U,29900,erp:price_confirmation_sim_2026-09,2026-09-01T09:00:00+00:00
NKCDWBPZCHZEYT7S,26000,erp:price_confirmation_sim_2026-09,2026-09-01T09:00:00+00:00
DRPEHS7GGAEJHWGH,55000,erp:price_confirmation_sim_2026-09,2026-09-01T09:00:00+00:00
BCHEGFZ82BDJGWV7,50000,erp:price_confirmation_sim_2026-09,2026-09-01T09:00:00+00:00
RCLEARZGMRQE2HMY,300000,erp:price_confirmation_sim_2026-09,2026-09-01T09:00:00+00:00
ACCEETKC9MMAFHTA,21000,erp:price_confirmation_sim_2026-09,2026-09-01T09:00:00+00:00
SNDEGGTVV3QBHMR2,139900,erp:price_confirmation_sim_2026-09,2026-09-01T09:00:00+00:00
TOPECPG5VWUDTZFY,84900,erp:price_confirmation_sim_2026-09,2026-09-01T09:00:00+00:00
SHIECJ45TFDT4EPB,339900,erp:price_confirmation_sim_2026-09,2026-09-01T09:00:00+00:00
TSHE3FCUZCZ9ZP3F,49900,erp:price_confirmation_sim_2026-09,2026-09-01T09:00:00+00:00
STIEYZ62UCEMEGMV,99900,erp:price_confirmation_sim_2026-09,2026-09-01T09:00:00+00:00
ECOEFYFBJVZWTN9A,49900,erp:price_confirmation_sim_2026-09,2026-09-01T09:00:00+00:00
NKCE49ATC5PPCHQG,44900,erp:price_confirmation_sim_2026-09,2026-09-01T09:00:00+00:00
ACCEEZGXKKMCVE8C,664900,erp:price_confirmation_sim_2026-09,2026-09-01T09:00:00+00:00
LACEGEZDYMQKG3HG,32900,erp:price_confirmation_sim_2026-09,2026-09-01T09:00:00+00:00
ACCE9Z4HNKAC7KGA,59900,erp:price_confirmation_sim_2026-09,2026-09-01T09:00:00+00:00
ERPEGPWPBMFTQYSQ,49900,erp:price_confirmation_sim_2026-09,2026-09-01T09:00:00+00:00
NKCEAJP6W76CRZXU,22900,erp:price_confirmation_sim_2026-09,2026-09-01T09:00:00+00:00
BLADZEKGHBGJBMFY,52900,erp:price_confirmation_sim_2026-09,2026-09-01T09:00:00+00:00
AFGEFJSDPDENNGTZ,723200,erp:price_confirmation_sim_2026-09,2026-09-01T09:00:00+00:00
TOPEBBGNQEVQZ2W6,69900,erp:price_confirmation_sim_2026-09,2026-09-01T09:00:00+00:00
RNGE7M92NZGZSZJQ,1848000,erp:price_confirmation_sim_2026-09,2026-09-01T09:00:00+00:00
JWSE5GUZVDP4GFYZ,55000,erp:price_confirmation_sim_2026-09,2026-09-01T09:00:00+00:00
BBAEEAEQTYGWMGZC,84900,erp:price_confirmation_sim_2026-09,2026-09-01T09:00:00+00:00
BBAE4T44SV3YPEBQ,44900,erp:price_confirmation_sim_2026-09,2026-09-01T09:00:00+00:00
CRNEE84JXSRGYKYF,133200,erp:price_confirmation_sim_2026-09,2026-09-01T09:00:00+00:00
SNDEAN42EHGBRGRZ,95600,erp:price_confirmation_sim_2026-09,2026-09-01T09:00:00+00:00
RNGEFJFFJPKMSZ8Z,2539300,erp:price_confirmation_sim_2026-09,2026-09-01T09:00:00+00:00
RNGED7QUMBSFDQKU,350000,erp:price_confirmation_sim_2026-09,2026-09-01T09:00:00+00:00
DREEHPGGYTZB7WGH,119900,erp:price_confirmation_sim_2026-09,2026-09-01T09:00:00+00:00
WATDJTR9BN4BB5AJ,67500,erp:price_confirmation_sim_2026-09,2026-09-01T09:00:00+00:00
PBXE7FF3HYKHS6RZ,29900,erp:price_confirmation_sim_2026-09,2026-09-01T09:00:00+00:00
FABEGNH4QYPJG86V,99900,erp:price_confirmation_sim_2026-09,2026-09-01T09:00:00+00:00
BRAE8EHTPC3P248W,17500,erp:price_confirmation_sim_2026-09,2026-09-01T09:00:00+00:00
PTGEGUZVM4X9XZWG,2178000,erp:price_confirmation_sim_2026-09,2026-09-01T09:00:00+00:00
BRAEFR6JZ6TD2JMY,29900,erp:price_confirmation_sim_2026-09,2026-09-01T09:00:00+00:00
SHOEBKEYSKS87GKG,127000,erp:price_confirmation_sim_2026-09,2026-09-01T09:00:00+00:00
VHREB3NZNQGEVUER,104800,erp:price_confirmation_sim_2026-09,2026-09-01T09:00:00+00:00
TSHE9K9JFHHCYGHE,29900,erp:price_confirmation_sim_2026-09,2026-09-01T09:00:00+00:00
SBWEGKHH7SY6ENHV,53900,erp:price_confirmation_sim_2026-09,2026-09-01T09:00:00+00:00
STIE7KFJRZZCGX2X,73000,erp:price_confirmation_sim_2026-09,2026-09-01T09:00:00+00:00
STIEAE2ZRKWBFNSP,549900,erp:price_confirmation_sim_2026-09,2026-09-01T09:00:00+00:00
LJGE3FPMVGJYUG8V,54900,erp:price_confirmation_sim_2026-09,2026-09-01T09:00:00+00:00
KRTEEGQYRFY7MEFG,49900,erp:price_confirmation_sim_2026-09,2026-09-01T09:00:00+00:00
SHOECXZEFH55CZT9,199900,erp:price_confirmation_sim_2026-09,2026-09-01T09:00:00+00:00
ACCECNDZARZGG5GT,129900,erp:price_confirmation_sim_2026-09,2026-09-01T09:00:00+00:00
ACCEGJPRSJTAGYKV,119800,erp:price_confirmation_sim_2026-09,2026-09-01T09:00:00+00:00
RNGEH3ERFUQUV3UN,52500,erp:price_confirmation_sim_2026-09,2026-09-01T09:00:00+00:00
BRAE2M4QWF2FVMH5,24900,erp:price_confirmation_sim_2026-09,2026-09-01T09:00:00+00:00
NKCEEAKUFHZQQTZP,2680000,erp:price_confirmation_sim_2026-09,2026-09-01T09:00:00+00:00
NKCE57RNSZHFDPU3,16500,erp:price_confirmation_sim_2026-09,2026-09-01T09:00:00+00:00
SFFEGF6KWKBUFUYY,89900,erp:price_confirmation_sim_2026-09,2026-09-01T09:00:00+00:00
BBAEE9AQCFCZKJ5C,49500,erp:price_confirmation_sim_2026-09,2026-09-01T09:00:00+00:00
TOPEDAKWHHVYGDSA,74900,erp:price_confirmation_sim_2026-09,2026-09-01T09:00:00+00:00
SHMECQWKZVRQJVY7,17300,erp:price_confirmation_sim_2026-09,2026-09-01T09:00:00+00:00
ACCE9Y6QMPYQNCBZ,59900,erp:price_confirmation_sim_2026-09,2026-09-01T09:00:00+00:00
FABE789NVCTG48YK,16900,erp:price_confirmation_sim_2026-09,2026-09-01T09:00:00+00:00
JCKED9T5NPY4GRN5,94900,erp:price_confirmation_sim_2026-09,2026-09-01T09:00:00+00:00
STIE6JA5JTYFXFRE,29900,erp:price_confirmation_sim_2026-09,2026-09-01T09:00:00+00:00
SKIEA8SSSEUAQ8CW,34900,erp:price_confirmation_sim_2026-09,2026-09-01T09:00:00+00:00
BRAE8UZGGRVBCEHM,12000,erp:price_confirmation_sim_2026-09,2026-09-01T09:00:00+00:00
CLTEJ5ZZMTBYXWZQ,28900,erp:price_confirmation_sim_2026-09,2026-09-01T09:00:00+00:00
CPCE89GHBHKDXSRM,51000,erp:price_confirmation_sim_2026-09,2026-09-01T09:00:00+00:00
CAGED654SQMMADH7,39900,erp:price_confirmation_sim_2026-09,2026-09-01T09:00:00+00:00
CAGE8PKGVCNS7JCH,16500,erp:price_confirmation_sim_2026-09,2026-09-01T09:00:00+00:00
RNGE8HPEZZNZQHGF,3634100,erp:price_confirmation_sim_2026-09,2026-09-01T09:00:00+00:00
RNGEGMMBSE4SDN6U,59900,erp:price_confirmation_sim_2026-09,2026-09-01T09:00:00+00:00
TKPE7KXCAUZY4DGC,46000,erp:price_confirmation_sim_2026-09,2026-09-01T09:00:00+00:00
SNDEJQ78HASZT5F3,49900,erp:price_confirmation_sim_2026-09,2026-09-01T09:00:00+00:00
ACCEGSAZPGAHTHNH,34800,erp:price_confirmation_sim_2026-09,2026-09-01T09:00:00+00:00
TOPECRP5CUHTQM5C,138600,erp:price_confirmation_sim_2026-09,2026-09-01T09:00:00+00:00
ACCDXFPF4KZFGJEF,249900,erp:price_confirmation_sim_2026-09,2026-09-01T09:00:00+00:00
SHOECH627KQXKWQM,56000,erp:price_confirmation_sim_2026-09,2026-09-01T09:00:00+00:00
JCKEEQP3QGVECNG7,137500,erp:price_confirmation_sim_2026-09,2026-09-01T09:00:00+00:00
PBXE7WMTBNZDKWWE,22100,erp:price_confirmation_sim_2026-09,2026-09-01T09:00:00+00:00
NKCE5UY9HHPZGGUZ,39900,erp:price_confirmation_sim_2026-09,2026-09-01T09:00:00+00:00
RNGEDNFEZJCFGG86,4299600,erp:price_confirmation_sim_2026-09,2026-09-01T09:00:00+00:00
SFFEHK9JZTUFV3HN,24900,erp:price_confirmation_sim_2026-09,2026-09-01T09:00:00+00:00
HMBEJKHYMFZKTZJ4,49900,erp:price_confirmation_sim_2026-09,2026-09-01T09:00:00+00:00
SNDEHZH5UYAPJS67,89900,erp:price_confirmation_sim_2026-09,2026-09-01T09:00:00+00:00
ACCDXFFD7H52GCDD,204100,erp:price_confirmation_sim_2026-09,2026-09-01T09:00:00+00:00
SNDEYFWRUAVG9HGX,169500,erp:price_confirmation_sim_2026-09,2026-09-01T09:00:00+00:00
MANEFPJ5BZVWZQYF,19900,erp:price_confirmation_sim_2026-09,2026-09-01T09:00:00+00:00
BOTEGYTZ2T6WUJMM,69900,erp:price_confirmation_sim_2026-09,2026-09-01T09:00:00+00:00
SHTE9MH6QPQBNQSY,47900,erp:price_confirmation_sim_2026-09,2026-09-01T09:00:00+00:00
JEAEGGDJGFGQXEKV,61200,erp:price_confirmation_sim_2026-09,2026-09-01T09:00:00+00:00
SHTECNPQVFWH8Y4M,99900,erp:price_confirmation_sim_2026-09,2026-09-01T09:00:00+00:00
SUDEGGATCJNJGD9A,19900,erp:price_confirmation_sim_2026-09,2026-09-01T09:00:00+00:00
BRAEB9SJUP6T68FB,29900,erp:price_confirmation_sim_2026-09,2026-09-01T09:00:00+00:00
CBKEBFJX8YRPET5H,57000,erp:price_confirmation_sim_2026-09,2026-09-01T09:00:00+00:00
BBAE66EGCGESRFMC,19900,erp:price_confirmation_sim_2026-09,2026-09-01T09:00:00+00:00
HMBEJCMHKH4CGC7C,119900,erp:price_confirmation_sim_2026-09,2026-09-01T09:00:00+00:00
TSHE9HNWMXTAGK3Z,59900,erp:price_confirmation_sim_2026-09,2026-09-01T09:00:00+00:00
BRAEAZKPYGWG793Z,57400,erp:price_confirmation_sim_2026-09,2026-09-01T09:00:00+00:00
KRTEBT9CWJBZYZGJ,29900,erp:price_confirmation_sim_2026-09,2026-09-01T09:00:00+00:00
TOPE7NMGHMTJPCMT,79900,erp:price_confirmation_sim_2026-09,2026-09-01T09:00:00+00:00
WATDPV5TVAPYZCJA,52500,erp:price_confirmation_sim_2026-09,2026-09-01T09:00:00+00:00
RNGEFKMJW39ERTGF,2751800,erp:price_confirmation_sim_2026-09,2026-09-01T09:00:00+00:00
SNDE6S7NRNHX762T,199200,erp:price_confirmation_sim_2026-09,2026-09-01T09:00:00+00:00
CBKEBVA87XJXEBCM,29000,erp:price_confirmation_sim_2026-09,2026-09-01T09:00:00+00:00
TOPDUETDZYPSNUMU,21900,erp:price_confirmation_sim_2026-09,2026-09-01T09:00:00+00:00
RPEEGGDJN5D8HFRM,520000,erp:price_confirmation_sim_2026-09,2026-09-01T09:00:00+00:00
BWLE6SJE9PXGV6DD,24900,erp:price_confirmation_sim_2026-09,2026-09-01T09:00:00+00:00
BNGEB467ZXZZ4HWS,54900,erp:price_confirmation_sim_2026-09,2026-09-01T09:00:00+00:00
TSHDVZHMAPHH88PQ,71900,erp:price_confirmation_sim_2026-09,2026-09-01T09:00:00+00:00
NKCED6HQP5QHVGGP,39900,erp:price_confirmation_sim_2026-09,2026-09-01T09:00:00+00:00
SNDEHZKGZHHHQVYX,119900,erp:price_confirmation_sim_2026-09,2026-09-01T09:00:00+00:00
SHTEFW56PAGGFJGA,29900,erp:price_confirmation_sim_2026-09,2026-09-01T09:00:00+00:00
SHIEBUD95XV2YAGF,99900,erp:price_confirmation_sim_2026-09,2026-09-01T09:00:00+00:00
BBADZKBHGND8CS2D,49900,erp:price_confirmation_sim_2026-09,2026-09-01T09:00:00+00:00
NKCDS6WDYRB8EAVU,53800,erp:price_confirmation_sim_2026-09,2026-09-01T09:00:00+00:00
STFE8Y2DHWQZYFPP,17500,erp:price_confirmation_sim_2026-09,2026-09-01T09:00:00+00:00
KTAEJJCJSRQGZMZR,47400,erp:price_confirmation_sim_2026-09,2026-09-01T09:00:00+00:00
SHOEC89RCHDMV78G,129900,erp:price_confirmation_sim_2026-09,2026-09-01T09:00:00+00:00
SHOECFAQWZSP3SS2,49900,erp:price_confirmation_sim_2026-09,2026-09-01T09:00:00+00:00
DREEYTUZVH3ZZNAX,73400,erp:price_confirmation_sim_2026-09,2026-09-01T09:00:00+00:00
CRTECN2QXZJ2U9GY,159900,erp:price_confirmation_sim_2026-09,2026-09-01T09:00:00+00:00
BBADVRPJYHHMUSFE,39900,erp:price_confirmation_sim_2026-09,2026-09-01T09:00:00+00:00
ACCE8XUCYRB9ATHZ,75000,erp:price_confirmation_sim_2026-09,2026-09-01T09:00:00+00:00
BBAE3RFETHDGCVUY,60000,erp:price_confirmation_sim_2026-09,2026-09-01T09:00:00+00:00
TBRE8VPAQFHPQKRE,49900,erp:price_confirmation_sim_2026-09,2026-09-01T09:00:00+00:00
PCSEDPHM4G7WAYBA,35000,erp:price_confirmation_sim_2026-09,2026-09-01T09:00:00+00:00
TROEJFS2E5FUMEEA,229900,erp:price_confirmation_sim_2026-09,2026-09-01T09:00:00+00:00
LJGE8WRFYJPHUAE6,34900,erp:price_confirmation_sim_2026-09,2026-09-01T09:00:00+00:00
NKCDTAXF4CZFDXGZ,48400,erp:price_confirmation_sim_2026-09,2026-09-01T09:00:00+00:00
HMBEJCX8VBJG7HHM,159900,erp:price_confirmation_sim_2026-09,2026-09-01T09:00:00+00:00
SKIEFFYZZXYJKT3Z,49900,erp:price_confirmation_sim_2026-09,2026-09-01T09:00:00+00:00
ACCEHHR5ESZAXDPA,29900,erp:price_confirmation_sim_2026-09,2026-09-01T09:00:00+00:00
MUGEBFGFDQYJG5TW,29900,erp:price_confirmation_sim_2026-09,2026-09-01T09:00:00+00:00
NKCDZHF7TKGY8BAX,38100,erp:price_confirmation_sim_2026-09,2026-09-01T09:00:00+00:00
SUSEDVUQUYKGUYGA,32900,erp:price_confirmation_sim_2026-09,2026-09-01T09:00:00+00:00
CAGDTSJUFVMVP3XG,27200,erp:price_confirmation_sim_2026-09,2026-09-01T09:00:00+00:00
TOPE7W4CHR6HNEHM,89900,erp:price_confirmation_sim_2026-09,2026-09-01T09:00:00+00:00
BRAE3WVQPYSZ54FF,29900,erp:price_confirmation_sim_2026-09,2026-09-01T09:00:00+00:00
TLPEGUHPHBERGFPB,55000,erp:price_confirmation_sim_2026-09,2026-09-01T09:00:00+00:00
SHIE3QDHP5RDGMZY,286000,erp:price_confirmation_sim_2026-09,2026-09-01T09:00:00+00:00
DEPEE992T9RYUUHR,39900,erp:price_confirmation_sim_2026-09,2026-09-01T09:00:00+00:00
SKIE45X3FZDSF4BK,39900,erp:price_confirmation_sim_2026-09,2026-09-01T09:00:00+00:00
STIE7VAYKHMKHKGN,99900,erp:price_confirmation_sim_2026-09,2026-09-01T09:00:00+00:00
TOPE89H8PCWMHBCP,61000,erp:price_confirmation_sim_2026-09,2026-09-01T09:00:00+00:00
BRAEDQFRZ7UQU92F,28900,erp:price_confirmation_sim_2026-09,2026-09-01T09:00:00+00:00
BRAEE8SJFYFW6ZNF,16000,erp:price_confirmation_sim_2026-09,2026-09-01T09:00:00+00:00
RNGEBQZQGQVJZEHC,3225500,erp:price_confirmation_sim_2026-09,2026-09-01T09:00:00+00:00
PBXE84AFK5C9NMYV,9900,erp:price_confirmation_sim_2026-09,2026-09-01T09:00:00+00:00
CAPEDKXZJYCYQANZ,39900,erp:price_confirmation_sim_2026-09,2026-09-01T09:00:00+00:00
SHOECB9GB2WDH5RP,129900,erp:price_confirmation_sim_2026-09,2026-09-01T09:00:00+00:00
NKCE6HZQYGNNJXYZ,46400,erp:price_confirmation_sim_2026-09,2026-09-01T09:00:00+00:00
WATEJAE8DFSKJDQE,69900,erp:price_confirmation_sim_2026-09,2026-09-01T09:00:00+00:00
SHOEY7HYDHGCWUPF,99900,erp:price_confirmation_sim_2026-09,2026-09-01T09:00:00+00:00
NKCEASCZPRTXMMRB,44900,erp:price_confirmation_sim_2026-09,2026-09-01T09:00:00+00:00
BCHEGFZ8GFKHF75R,50000,erp:price_confirmation_sim_2026-09,2026-09-01T09:00:00+00:00
PBXE6ZHNEV6RHNYG,23000,erp:price_confirmation_sim_2026-09,2026-09-01T09:00:00+00:00
CRTECN2QTXQGCGBG,159900,erp:price_confirmation_sim_2026-09,2026-09-01T09:00:00+00:00
SWTEBKPYZUHGBWCH,89900,erp:price_confirmation_sim_2026-09,2026-09-01T09:00:00+00:00
BRAEFSFYYZCMTSXG,29900,erp:price_confirmation_sim_2026-09,2026-09-01T09:00:00+00:00
NKCEC9FM6ZZGB5A8,80700,erp:price_confirmation_sim_2026-09,2026-09-01T09:00:00+00:00
PHFEGTJJ5HD9FYGF,64900,erp:price_confirmation_sim_2026-09,2026-09-01T09:00:00+00:00
SHVEFNYPDZDWQCZW,24700,erp:price_confirmation_sim_2026-09,2026-09-01T09:00:00+00:00
RNGE864HDMGUH2FG,4017800,erp:price_confirmation_sim_2026-09,2026-09-01T09:00:00+00:00
RTRECZVP6VGBTEGT,159900,erp:price_confirmation_sim_2026-09,2026-09-01T09:00:00+00:00
RNGEDAQDHZPJHK73,1938000,erp:price_confirmation_sim_2026-09,2026-09-01T09:00:00+00:00
KRTEJHFEDSHWJXKA,66400,erp:price_confirmation_sim_2026-09,2026-09-01T09:00:00+00:00
MUGEAGGKUQE2HYPZ,19900,erp:price_confirmation_sim_2026-09,2026-09-01T09:00:00+00:00
PCSEE4H5QPAW4GHR,49900,erp:price_confirmation_sim_2026-09,2026-09-01T09:00:00+00:00
ETHEGBVPYKM2GZUY,138800,erp:price_confirmation_sim_2026-09,2026-09-01T09:00:00+00:00
SHTE8YUNDGRYCAM8,49900,erp:price_confirmation_sim_2026-09,2026-09-01T09:00:00+00:00
BRAEDSKCWKYCKRY4,22500,erp:price_confirmation_sim_2026-09,2026-09-01T09:00:00+00:00
SNDEHZH3HSRF5PDE,64900,erp:price_confirmation_sim_2026-09,2026-09-01T09:00:00+00:00
BRAE6Z79C9EBYNGJ,9900,erp:price_confirmation_sim_2026-09,2026-09-01T09:00:00+00:00
NKCECGVA5EG3ZCZG,39900,erp:price_confirmation_sim_2026-09,2026-09-01T09:00:00+00:00
BCHEG7XFDRPYRWAA,25900,erp:price_confirmation_sim_2026-09,2026-09-01T09:00:00+00:00
VANEGKVF3W5GGC8D,29500,erp:price_confirmation_sim_2026-09,2026-09-01T09:00:00+00:00
NKCE69P8DBYVCSBY,73400,erp:price_confirmation_sim_2026-09,2026-09-01T09:00:00+00:00
SHOEB33YYBM4UZSX,174400,erp:price_confirmation_sim_2026-09,2026-09-01T09:00:00+00:00
SFFEGWP99ZYHSHFM,14900,erp:price_confirmation_sim_2026-09,2026-09-01T09:00:00+00:00
SWSEFUNK9Z2WKVCA,44900,erp:price_confirmation_sim_2026-09,2026-09-01T09:00:00+00:00
SHIE954FZSSHYFGG,54900,erp:price_confirmation_sim_2026-09,2026-09-01T09:00:00+00:00
PBLEGVWGFFJVUXGV,23000,erp:price_confirmation_sim_2026-09,2026-09-01T09:00:00+00:00
SHTE4YFYH2VVWTBJ,39900,erp:price_confirmation_sim_2026-09,2026-09-01T09:00:00+00:00
CRNEE84JBS35CCDG,133200,erp:price_confirmation_sim_2026-09,2026-09-01T09:00:00+00:00
LACEGF4PBHRZVQZZ,32900,erp:price_confirmation_sim_2026-09,2026-09-01T09:00:00+00:00
WATE8RYEX8RTXHWW,28900,erp:price_confirmation_sim_2026-09,2026-09-01T09:00:00+00:00
CRTECN2QSQX5H4GM,159900,erp:price_confirmation_sim_2026-09,2026-09-01T09:00:00+00:00
SOFEDVYZZMSWQNED,2580000,erp:price_confirmation_sim_2026-09,2026-09-01T09:00:00+00:00
BRAECJ7STGGUPS8T,39900,erp:price_confirmation_sim_2026-09,2026-09-01T09:00:00+00:00
NKCE52CSZEWSNY3V,24900,erp:price_confirmation_sim_2026-09,2026-09-01T09:00:00+00:00
USGEDZF2Y87ECZHK,109900,erp:price_confirmation_sim_2026-09,2026-09-01T09:00:00+00:00
LJGEBVA8WWNWETZE,36900,erp:price_confirmation_sim_2026-09,2026-09-01T09:00:00+00:00
SHIE8M9PWUF5H4SF,19400,erp:price_confirmation_sim_2026-09,2026-09-01T09:00:00+00:00
BRAECRHEHYDVDRTG,34900,erp:price_confirmation_sim_2026-09,2026-09-01T09:00:00+00:00
SWSEFYY44FR4CXAA,109900,erp:price_confirmation_sim_2026-09,2026-09-01T09:00:00+00:00
ACCEDNXYRZWBPFDF,69700,erp:price_confirmation_sim_2026-09,2026-09-01T09:00:00+00:00
BRAE8X2ZW4ZPDQ7A,34900,erp:price_confirmation_sim_2026-09,2026-09-01T09:00:00+00:00
SCFEJVK9VK6U9WHE,14900,erp:price_confirmation_sim_2026-09,2026-09-01T09:00:00+00:00
NKCE6GJ5M53GTENH,29900,erp:price_confirmation_sim_2026-09,2026-09-01T09:00:00+00:00
ACBECT5UXYVB6EHX,99900,erp:price_confirmation_sim_2026-09,2026-09-01T09:00:00+00:00
CAGEBTJBRFGAUQQB,34000,erp:price_confirmation_sim_2026-09,2026-09-01T09:00:00+00:00
PCSE6X3YEKWRUXKM,225000,erp:price_confirmation_sim_2026-09,2026-09-01T09:00:00+00:00
DIAE4Q5MNNHPXKXN,62000,erp:price_confirmation_sim_2026-09,2026-09-01T09:00:00+00:00
SNDEDG6KQF5WQ4TH,57500,erp:price_confirmation_sim_2026-09,2026-09-01T09:00:00+00:00
PBXE6ZHNGZREWWHR,28000,erp:price_confirmation_sim_2026-09,2026-09-01T09:00:00+00:00
CPGEGQYQ8UKFHWYT,105000,erp:price_confirmation_sim_2026-09,2026-09-01T09:00:00+00:00
SHIEBG6FHNFZ2TFP,34500,erp:price_confirmation_sim_2026-09,2026-09-01T09:00:00+00:00
BCHEG2BGDHQZ4ZSM,65000,erp:price_confirmation_sim_2026-09,2026-09-01T09:00:00+00:00
BZREHKZQZF7EVGMZ,349900,erp:price_confirmation_sim_2026-09,2026-09-01T09:00:00+00:00
SHTE5EFYZJW6MDAE,38900,erp:price_confirmation_sim_2026-09,2026-09-01T09:00:00+00:00
SHIEA33PFVZWGR3Q,32000,erp:price_confirmation_sim_2026-09,2026-09-01T09:00:00+00:00
BRAEBBMQZFQES9ZQ,22500,erp:price_confirmation_sim_2026-09,2026-09-01T09:00:00+00:00
TSHECNFS9HYANZZP,15900,erp:price_confirmation_sim_2026-09,2026-09-01T09:00:00+00:00
SHTE7P7XSYGKYGAX,49900,erp:price_confirmation_sim_2026-09,2026-09-01T09:00:00+00:00
CBKEA9HYZSMQUVYM,102100,erp:price_confirmation_sim_2026-09,2026-09-01T09:00:00+00:00
HLUEJQ3S5PTUUDUH,150000,erp:price_confirmation_sim_2026-09,2026-09-01T09:00:00+00:00
BRAEAMDPC2XJHNBH,42000,erp:price_confirmation_sim_2026-09,2026-09-01T09:00:00+00:00
SUDEHYGUSSZGDBRQ,35800,erp:price_confirmation_sim_2026-09,2026-09-01T09:00:00+00:00
SHTE2ME4Y3QR83ZM,44900,erp:price_confirmation_sim_2026-09,2026-09-01T09:00:00+00:00
RNGEDAQ3XGRVN8Q5,2666800,erp:price_confirmation_sim_2026-09,2026-09-01T09:00:00+00:00
NRSEGS9MEGAZT9SY,52500,erp:price_confirmation_sim_2026-09,2026-09-01T09:00:00+00:00
FRAEJXP9XXVAHYWK,63200,erp:price_confirmation_sim_2026-09,2026-09-01T09:00:00+00:00
BRAEGJFXJGTRFEYE,34900,erp:price_confirmation_sim_2026-09,2026-09-01T09:00:00+00:00
BBAE8YHVGRVFGFRJ,36500,erp:price_confirmation_sim_2026-09,2026-09-01T09:00:00+00:00
ERGE8DXEEWK3X9TF,67500,erp:price_confirmation_sim_2026-09,2026-09-01T09:00:00+00:00
TSHE7KBMVFRKXA6N,45400,erp:price_confirmation_sim_2026-09,2026-09-01T09:00:00+00:00
TSHE993RBTWENFGV,49900,erp:price_confirmation_sim_2026-09,2026-09-01T09:00:00+00:00
NKCE7MMGS2GMVHJT,39900,erp:price_confirmation_sim_2026-09,2026-09-01T09:00:00+00:00
SWSE9ZHPG5FTCYSY,89900,erp:price_confirmation_sim_2026-09,2026-09-01T09:00:00+00:00
BBAEYYXASHUZ6FWG,49900,erp:price_confirmation_sim_2026-09,2026-09-01T09:00:00+00:00
DREE5M4ZGQHEQQU7,69900,erp:price_confirmation_sim_2026-09,2026-09-01T09:00:00+00:00
STIEYZ5XRWAJUNUB,69900,erp:price_confirmation_sim_2026-09,2026-09-01T09:00:00+00:00
CSREGUP3A8GHRV4K,209000,erp:price_confirmation_sim_2026-09,2026-09-01T09:00:00+00:00
SHOECZNMZ6PJHHM8,49900,erp:price_confirmation_sim_2026-09,2026-09-01T09:00:00+00:00
PBXE6FYZSHDUEZPZ,39900,erp:price_confirmation_sim_2026-09,2026-09-01T09:00:00+00:00
TOPEFDXSHZPHCUAU,39800,erp:price_confirmation_sim_2026-09,2026-09-01T09:00:00+00:00
SNDEAF3YBRGZAFYK,50000,erp:price_confirmation_sim_2026-09,2026-09-01T09:00:00+00:00
GLSEHFUGTFGKKZ8N,89900,erp:price_confirmation_sim_2026-09,2026-09-01T09:00:00+00:00
TSHEGYDYGFHGSHGY,37400,erp:price_confirmation_sim_2026-09,2026-09-01T09:00:00+00:00
KRTEJM6SMN9ZEDGD,99000,erp:price_confirmation_sim_2026-09,2026-09-01T09:00:00+00:00
LJGEAYRSXNFYGGY8,19400,erp:price_confirmation_sim_2026-09,2026-09-01T09:00:00+00:00
NPYE5QUHW3Y8TGMY,19900,erp:price_confirmation_sim_2026-09,2026-09-01T09:00:00+00:00
TMLECS55MZKC5ZPK,29900,erp:price_confirmation_sim_2026-09,2026-09-01T09:00:00+00:00
SHTEFUHGAUHRCJ5J,44900,erp:price_confirmation_sim_2026-09,2026-09-01T09:00:00+00:00
BRAECDH5F9C6ZEAZ,39900,erp:price_confirmation_sim_2026-09,2026-09-01T09:00:00+00:00
PEBEDSZGJGUZVMFG,159900,erp:price_confirmation_sim_2026-09,2026-09-01T09:00:00+00:00
BRAEAW9JPQUGRWNB,30900,erp:price_confirmation_sim_2026-09,2026-09-01T09:00:00+00:00
DREEYJTWYH4WTCPR,69800,erp:price_confirmation_sim_2026-09,2026-09-01T09:00:00+00:00
SHTEYFFWMFZEF2ZQ,49900,erp:price_confirmation_sim_2026-09,2026-09-01T09:00:00+00:00
NKCDTAXFKDTPHKTB,32500,erp:price_confirmation_sim_2026-09,2026-09-01T09:00:00+00:00
CRTECN2QTMBYK9HQ,159900,erp:price_confirmation_sim_2026-09,2026-09-01T09:00:00+00:00
DREEFM4NXGZY5ZAH,90900,erp:price_confirmation_sim_2026-09,2026-09-01T09:00:00+00:00
ECMD9YGUDNHZCHZ5,84000,erp:price_confirmation_sim_2026-09,2026-09-01T09:00:00+00:00
BRAE7SQFYUNRAHH5,35000,erp:price_confirmation_sim_2026-09,2026-09-01T09:00:00+00:00
PBXDT4FTQGZGVCNC,14900,erp:price_confirmation_sim_2026-09,2026-09-01T09:00:00+00:00
SNDE4GFHSF4B8FWK,89400,erp:price_confirmation_sim_2026-09,2026-09-01T09:00:00+00:00
BRAEDQDFMNC6MQZW,28900,erp:price_confirmation_sim_2026-09,2026-09-01T09:00:00+00:00
BXREGYMPWEUAXF3C,28900,erp:price_confirmation_sim_2026-09,2026-09-01T09:00:00+00:00
PBLEGVWGYBC7VFJS,20000,erp:price_confirmation_sim_2026-09,2026-09-01T09:00:00+00:00
SHTEBTB8GMQFNPRY,62900,erp:price_confirmation_sim_2026-09,2026-09-01T09:00:00+00:00
ACCDQDYBQ7YH7EF5,169900,erp:price_confirmation_sim_2026-09,2026-09-01T09:00:00+00:00
PCSDY5AFFQG43YQW,16500,erp:price_confirmation_sim_2026-09,2026-09-01T09:00:00+00:00
TSHE5VVM3HVGWTZ4,77900,erp:price_confirmation_sim_2026-09,2026-09-01T09:00:00+00:00
NKCE3KVS9DFHXFPH,21000,erp:price_confirmation_sim_2026-09,2026-09-01T09:00:00+00:00
DREE45NNFKMHUAGK,79900,erp:price_confirmation_sim_2026-09,2026-09-01T09:00:00+00:00
ACCE9DJSTSYB5PSC,168500,erp:price_confirmation_sim_2026-09,2026-09-01T09:00:00+00:00
RCLEYW4QGD3YYNZT,15900,erp:price_confirmation_sim_2026-09,2026-09-01T09:00:00+00:00
LJGEDWX3HT32UDXR,32000,erp:price_confirmation_sim_2026-09,2026-09-01T09:00:00+00:00
SHTE4MAFFV6MM7HG,51900,erp:price_confirmation_sim_2026-09,2026-09-01T09:00:00+00:00
BBAEGFFCHHVSHHTX,104400,erp:price_confirmation_sim_2026-09,2026-09-01T09:00:00+00:00
ACCEA4DP7GZWHHR8,59900,erp:price_confirmation_sim_2026-09,2026-09-01T09:00:00+00:00
NKCE6SR4KGC4PD3S,39900,erp:price_confirmation_sim_2026-09,2026-09-01T09:00:00+00:00
NKCE9GY4HKPNJVXD,49900,erp:price_confirmation_sim_2026-09,2026-09-01T09:00:00+00:00
CRTECYY4ZHUZ6HNT,339900,erp:price_confirmation_sim_2026-09,2026-09-01T09:00:00+00:00
BRAEBHCHY6VVRNRQ,15500,erp:price_confirmation_sim_2026-09,2026-09-01T09:00:00+00:00
KRTEBUNTZB7PSB9N,54900,erp:price_confirmation_sim_2026-09,2026-09-01T09:00:00+00:00
SGLEJXH9NYYU7QSV,11700,erp:price_confirmation_sim_2026-09,2026-09-01T09:00:00+00:00
TSHE5NYHHAZPPGRZ,71800,erp:price_confirmation_sim_2026-09,2026-09-01T09:00:00+00:00
PENEH98ST4JGHB2F,34900,erp:price_confirmation_sim_2026-09,2026-09-01T09:00:00+00:00
HMBDRUCNJSJQRRGC,64900,erp:price_confirmation_sim_2026-09,2026-09-01T09:00:00+00:00
CAGE6DFWKJZZ5ZSD,33000,erp:price_confirmation_sim_2026-09,2026-09-01T09:00:00+00:00
SHOEAUABZ9EJC7YC,189000,erp:price_confirmation_sim_2026-09,2026-09-01T09:00:00+00:00
PCSE4FKCZ23EPQFS,30000,erp:price_confirmation_sim_2026-09,2026-09-01T09:00:00+00:00
BOTEGZWZQRHK89DS,34900,erp:price_confirmation_sim_2026-09,2026-09-01T09:00:00+00:00
BRFEGTJFG3THFMHV,54900,erp:price_confirmation_sim_2026-09,2026-09-01T09:00:00+00:00
BRAE8QNFFGWGG5MY,29900,erp:price_confirmation_sim_2026-09,2026-09-01T09:00:00+00:00
HMBE7G33NPATJGH5,24900,erp:price_confirmation_sim_2026-09,2026-09-01T09:00:00+00:00
TOPEGZAECT2CMGNZ,44900,erp:price_confirmation_sim_2026-09,2026-09-01T09:00:00+00:00
ACCEEV5V5VD5DR9C,2263000,erp:price_confirmation_sim_2026-09,2026-09-01T09:00:00+00:00
TIEEEYH5YE4FJ345,49900,erp:price_confirmation_sim_2026-09,2026-09-01T09:00:00+00:00
SHTEBY72FGKPYBRU,59000,erp:price_confirmation_sim_2026-09,2026-09-01T09:00:00+00:00
PTPDZYCEDURXTYRF,95900,erp:price_confirmation_sim_2026-09,2026-09-01T09:00:00+00:00
LBXEHYZXWPFFH7P8,23900,erp:price_confirmation_sim_2026-09,2026-09-01T09:00:00+00:00
DREE62Q4PNZXGYNZ,99900,erp:price_confirmation_sim_2026-09,2026-09-01T09:00:00+00:00
BBAEFUFSYGJYCUYS,69900,erp:price_confirmation_sim_2026-09,2026-09-01T09:00:00+00:00
SNDEASSYEX2D4H65,54900,erp:price_confirmation_sim_2026-09,2026-09-01T09:00:00+00:00
BBAECGVH2K3ZGEW7,19900,erp:price_confirmation_sim_2026-09,2026-09-01T09:00:00+00:00
SHOE26U4RBFZHMRC,156300,erp:price_confirmation_sim_2026-09,2026-09-01T09:00:00+00:00
WATDP5VZZQPZSNZW,55000,erp:price_confirmation_sim_2026-09,2026-09-01T09:00:00+00:00
SUDEGGB3JXAEBFYW,19900,erp:price_confirmation_sim_2026-09,2026-09-01T09:00:00+00:00
RNGEDAPSXHZRZQPX,3119900,erp:price_confirmation_sim_2026-09,2026-09-01T09:00:00+00:00
WATDZDSVWQRRGERC,65000,erp:price_confirmation_sim_2026-09,2026-09-01T09:00:00+00:00
SKIEFBPUNZMJJG2C,59900,erp:price_confirmation_sim_2026-09,2026-09-01T09:00:00+00:00
KRTEBFRQVB9NCSSH,64900,erp:price_confirmation_sim_2026-09,2026-09-01T09:00:00+00:00
BLAEEJFZFMURAGMK,149900,erp:price_confirmation_sim_2026-09,2026-09-01T09:00:00+00:00
NKCECPQAWZVEF8YY,12900,erp:price_confirmation_sim_2026-09,2026-09-01T09:00:00+00:00
DRPEHYHGJQHDSXFR,49900,erp:price_confirmation_sim_2026-09,2026-09-01T09:00:00+00:00
BRAEE6YMBUAGK2FH,39900,erp:price_confirmation_sim_2026-09,2026-09-01T09:00:00+00:00
BBAE7DBHPEGVHFZX,16800,erp:price_confirmation_sim_2026-09,2026-09-01T09:00:00+00:00
DREE6D3EYQGBEMPR,69700,erp:price_confirmation_sim_2026-09,2026-09-01T09:00:00+00:00
TSHECJAYUH9ZHPXZ,39000,erp:price_confirmation_sim_2026-09,2026-09-01T09:00:00+00:00
NKCEBXRQ3FY5GFCZ,22400,erp:price_confirmation_sim_2026-09,2026-09-01T09:00:00+00:00
TOPE4QK44FNX6PY5,209500,erp:price_confirmation_sim_2026-09,2026-09-01T09:00:00+00:00
CAGE22EE8ZG8HCS6,28900,erp:price_confirmation_sim_2026-09,2026-09-01T09:00:00+00:00
BBAE4NS6QEDG9FDV,678100,erp:price_confirmation_sim_2026-09,2026-09-01T09:00:00+00:00
TSHE7S4HH7YJUHP6,59900,erp:price_confirmation_sim_2026-09,2026-09-01T09:00:00+00:00
STIEBU65ZKFFPKHW,206900,erp:price_confirmation_sim_2026-09,2026-09-01T09:00:00+00:00
MUGE6ZDZRGWDC9NF,17500,erp:price_confirmation_sim_2026-09,2026-09-01T09:00:00+00:00
SWTECW2SGCQGRE5B,162400,erp:price_confirmation_sim_2026-09,2026-09-01T09:00:00+00:00
MUGECEVF4WG8JSZ9,22500,erp:price_confirmation_sim_2026-09,2026-09-01T09:00:00+00:00
BBAE66EFR4UK4WYH,19900,erp:price_confirmation_sim_2026-09,2026-09-01T09:00:00+00:00
MTYEGYZZDG269NCS,35900,erp:price_confirmation_sim_2026-09,2026-09-01T09:00:00+00:00
SHIE6ZSBHCNYY2CP,69900,erp:price_confirmation_sim_2026-09,2026-09-01T09:00:00+00:00
ILMDZZPH32VEPGBZ,168000,erp:price_confirmation_sim_2026-09,2026-09-01T09:00:00+00:00
CRTECN2QVDE3BWFH,138000,erp:price_confirmation_sim_2026-09,2026-09-01T09:00:00+00:00
CAGE52QHVSB7KTKG,37800,erp:price_confirmation_sim_2026-09,2026-09-01T09:00:00+00:00
BRAE8RSAVVGKRBK9,38900,erp:price_confirmation_sim_2026-09,2026-09-01T09:00:00+00:00
LCHEGG2FCJQQGZEZ,299900,erp:price_confirmation_sim_2026-09,2026-09-01T09:00:00+00:00
ACCE8JV7WA69JWEW,29900,erp:price_confirmation_sim_2026-09,2026-09-01T09:00:00+00:00
BRAEAW9HT2EUZD3X,32900,erp:price_confirmation_sim_2026-09,2026-09-01T09:00:00+00:00
BRAE2NF7GHGHTURG,9900,erp:price_confirmation_sim_2026-09,2026-09-01T09:00:00+00:00
TSHEDFAD9E8PNTQX,49900,erp:price_confirmation_sim_2026-09,2026-09-01T09:00:00+00:00
WATDA5ZA3R73RZWC,99900,erp:price_confirmation_sim_2026-09,2026-09-01T09:00:00+00:00
AVCEGCNWNBG9QNDC,299900,erp:price_confirmation_sim_2026-09,2026-09-01T09:00:00+00:00
FSEEHAGGGFHQJKWB,53800,erp:price_confirmation_sim_2026-09,2026-09-01T09:00:00+00:00
TSHE4SBYYJJTQJMB,40000,erp:price_confirmation_sim_2026-09,2026-09-01T09:00:00+00:00
VHREHEPTZAWTWHFJ,119900,erp:price_confirmation_sim_2026-09,2026-09-01T09:00:00+00:00
LJGEYFMRM5YFDPZN,74900,erp:price_confirmation_sim_2026-09,2026-09-01T09:00:00+00:00
PCSEAH5WWGGT8CEZ,59900,erp:price_confirmation_sim_2026-09,2026-09-01T09:00:00+00:00
BRAEDTPDPUHWK3TB,39900,erp:price_confirmation_sim_2026-09,2026-09-01T09:00:00+00:00
JWSE8XZ2XUCFHCZC,99900,erp:price_confirmation_sim_2026-09,2026-09-01T09:00:00+00:00
ACCEDFFKZ5DGSBWQ,44900,erp:price_confirmation_sim_2026-09,2026-09-01T09:00:00+00:00
SUDEHYGUHURV3WBU,35800,erp:price_confirmation_sim_2026-09,2026-09-01T09:00:00+00:00
SHOEGMZ8KJP22XZH,129900,erp:price_confirmation_sim_2026-09,2026-09-01T09:00:00+00:00
BBAE3JRHGSBAGYEH,150000,erp:price_confirmation_sim_2026-09,2026-09-01T09:00:00+00:00
SCHE5Z57GMRHGXTD,52500,erp:price_confirmation_sim_2026-09,2026-09-01T09:00:00+00:00
TROEC8ZHMBQQJN7G,178900,erp:price_confirmation_sim_2026-09,2026-09-01T09:00:00+00:00
BBAEAN9SF6A38UKD,19900,erp:price_confirmation_sim_2026-09,2026-09-01T09:00:00+00:00
RNGEDAPUZPVUVSCU,3961500,erp:price_confirmation_sim_2026-09,2026-09-01T09:00:00+00:00
CRTECN2QZ6QDMMCG,159900,erp:price_confirmation_sim_2026-09,2026-09-01T09:00:00+00:00
SHTE2FBNHEJQSZUF,75900,erp:price_confirmation_sim_2026-09,2026-09-01T09:00:00+00:00
PANEENEMG9NPM2QQ,35800,erp:price_confirmation_sim_2026-09,2026-09-01T09:00:00+00:00
TSHE993ZNGFPVMPQ,44900,erp:price_confirmation_sim_2026-09,2026-09-01T09:00:00+00:00
SHKEGNS9TWHJAN6Q,199900,erp:price_confirmation_sim_2026-09,2026-09-01T09:00:00+00:00
TOPE9KJEYHXXNBGC,34900,erp:price_confirmation_sim_2026-09,2026-09-01T09:00:00+00:00
BRAE3TSHWZREUJAC,14900,erp:price_confirmation_sim_2026-09,2026-09-01T09:00:00+00:00
CAGE7CZRW6MNSUH4,32400,erp:price_confirmation_sim_2026-09,2026-09-01T09:00:00+00:00
PBXEBYHC7D4NF76E,29900,erp:price_confirmation_sim_2026-09,2026-09-01T09:00:00+00:00
BHGEGTATPZRZ8HHQ,40000,erp:price_confirmation_sim_2026-09,2026-09-01T09:00:00+00:00
RTRE2PJPQTZHAH4H,249900,erp:price_confirmation_sim_2026-09,2026-09-01T09:00:00+00:00
ACCEAZCVK24U8KVZ,59900,erp:price_confirmation_sim_2026-09,2026-09-01T09:00:00+00:00
BBAEE9F9UDQGGH3K,60000,erp:price_confirmation_sim_2026-09,2026-09-01T09:00:00+00:00
TSHE7FMPS7RT2PRY,49900,erp:price_confirmation_sim_2026-09,2026-09-01T09:00:00+00:00
SHVD2H7URCYYAHAH,597500,erp:price_confirmation_sim_2026-09,2026-09-01T09:00:00+00:00
CRTECN2QYVBX5Y4W,135000,erp:price_confirmation_sim_2026-09,2026-09-01T09:00:00+00:00
NKCECATPBQ4TRZKZ,19900,erp:price_confirmation_sim_2026-09,2026-09-01T09:00:00+00:00
SHOE794UZZSQHGZ9,49900,erp:price_confirmation_sim_2026-09,2026-09-01T09:00:00+00:00
BRAEB2S8TG98KYGJ,39900,erp:price_confirmation_sim_2026-09,2026-09-01T09:00:00+00:00
RNGE8TQ9ZEJC2V8X,3193400,erp:price_confirmation_sim_2026-09,2026-09-01T09:00:00+00:00
ACCE9Z5REXFTZH9D,59900,erp:price_confirmation_sim_2026-09,2026-09-01T09:00:00+00:00
CCVEFX3Y9DFJVJUU,78900,erp:price_confirmation_sim_2026-09,2026-09-01T09:00:00+00:00
BBAECARBVWVQGCZX,59500,erp:price_confirmation_sim_2026-09,2026-09-01T09:00:00+00:00
SFFEGP24CR5VDNZC,69900,erp:price_confirmation_sim_2026-09,2026-09-01T09:00:00+00:00
BBADXU3ZYTGQU9UN,29900,erp:price_confirmation_sim_2026-09,2026-09-01T09:00:00+00:00
ACBECFGTQUJ7XHXJ,75600,erp:price_confirmation_sim_2026-09,2026-09-01T09:00:00+00:00
SNDEGHUUHYK7D48R,37800,erp:price_confirmation_sim_2026-09,2026-09-01T09:00:00+00:00
MUGEACY8VKKQ6GJ4,29900,erp:price_confirmation_sim_2026-09,2026-09-01T09:00:00+00:00
PEBED5CDE9ESV8PQ,139000,erp:price_confirmation_sim_2026-09,2026-09-01T09:00:00+00:00
KTAEJM2HDVVMKKSD,95000,erp:price_confirmation_sim_2026-09,2026-09-01T09:00:00+00:00
SHTDSV7BJHUAWG9D,29900,erp:price_confirmation_sim_2026-09,2026-09-01T09:00:00+00:00
TOPEDF95XZC3KRYV,110400,erp:price_confirmation_sim_2026-09,2026-09-01T09:00:00+00:00
BBAEE2NFRUJJAEA7,59900,erp:price_confirmation_sim_2026-09,2026-09-01T09:00:00+00:00
SHIEBCZQNHTSFPJG,99900,erp:price_confirmation_sim_2026-09,2026-09-01T09:00:00+00:00
NKCECW7BSTZBHH6R,39900,erp:price_confirmation_sim_2026-09,2026-09-01T09:00:00+00:00
CNDEGVE6PR98MZHU,112600,erp:price_confirmation_sim_2026-09,2026-09-01T09:00:00+00:00
RNGDTBQU2UT5H5MG,217500,erp:price_confirmation_sim_2026-09,2026-09-01T09:00:00+00:00
KIDEG8AZEWEM77HM,99900,erp:price_confirmation_sim_2026-09,2026-09-01T09:00:00+00:00
CRNEEABUNSZGREFS,59900,erp:price_confirmation_sim_2026-09,2026-09-01T09:00:00+00:00
RNGEC8PZZJWYDH6F,3364900,erp:price_confirmation_sim_2026-09,2026-09-01T09:00:00+00:00
TSHE6UDNQA8QHUZF,71800,erp:price_confirmation_sim_2026-09,2026-09-01T09:00:00+00:00
TSHEH9YYVDX6CZC8,54900,erp:price_confirmation_sim_2026-09,2026-09-01T09:00:00+00:00
TUNE8X8ZCJX3CJ7K,74700,erp:price_confirmation_sim_2026-09,2026-09-01T09:00:00+00:00
BRAEA9GPCDCH9XGH,17900,erp:price_confirmation_sim_2026-09,2026-09-01T09:00:00+00:00
TSHECXA5W8VFH653,39900,erp:price_confirmation_sim_2026-09,2026-09-01T09:00:00+00:00
CRTECN2QYMHJKQ3G,159900,erp:price_confirmation_sim_2026-09,2026-09-01T09:00:00+00:00
CRTECN2QYNCSMYNX,135000,erp:price_confirmation_sim_2026-09,2026-09-01T09:00:00+00:00
SFFEHGT4TBH5ZTTJ,24900,erp:price_confirmation_sim_2026-09,2026-09-01T09:00:00+00:00
BOTEHDHNKZ9V6XMF,29900,erp:price_confirmation_sim_2026-09,2026-09-01T09:00:00+00:00
BLBEE5QEJWDQAWXH,39900,erp:price_confirmation_sim_2026-09,2026-09-01T09:00:00+00:00
SHIEC8AT4ENZVG72,179900,erp:price_confirmation_sim_2026-09,2026-09-01T09:00:00+00:00
BBAECYHFSFU2SXK9,59900,erp:price_confirmation_sim_2026-09,2026-09-01T09:00:00+00:00
CRNEFPYY4NH4XGWP,89900,erp:price_confirmation_sim_2026-09,2026-09-01T09:00:00+00:00
PACEBDFU4SN2D5SA,19900,erp:price_confirmation_sim_2026-09,2026-09-01T09:00:00+00:00
NKCDXPZSBFCYVZNW,49900,erp:price_confirmation_sim_2026-09,2026-09-01T09:00:00+00:00
BRAEDNX2NKMJFZ74,49900,erp:price_confirmation_sim_2026-09,2026-09-01T09:00:00+00:00
WATDP753NMW4UDE7,95000,erp:price_confirmation_sim_2026-09,2026-09-01T09:00:00+00:00
PAEE7ZWAGCXEKY8B,15000,erp:price_confirmation_sim_2026-09,2026-09-01T09:00:00+00:00
ACCE6GFC6ZEZTSXZ,168500,erp:price_confirmation_sim_2026-09,2026-09-01T09:00:00+00:00
TKPEG27A7Z6JWK6Y,41900,erp:price_confirmation_sim_2026-09,2026-09-01T09:00:00+00:00
JEAECYBVTGSXBD9X,59900,erp:price_confirmation_sim_2026-09,2026-09-01T09:00:00+00:00
SNDE62HESWDCRFZP,101700,erp:price_confirmation_sim_2026-09,2026-09-01T09:00:00+00:00
SNDE5HENGYQVEAN9,74000,erp:price_confirmation_sim_2026-09,2026-09-01T09:00:00+00:00
RNGE88QAGN5GRH3J,2642100,erp:price_confirmation_sim_2026-09,2026-09-01T09:00:00+00:00
SHOE6ZQE7K9W3ZX3,322100,erp:price_confirmation_sim_2026-09,2026-09-01T09:00:00+00:00
FABEAAXUJ6T58S7A,104900,erp:price_confirmation_sim_2026-09,2026-09-01T09:00:00+00:00
BTWDZHJGZBBYCFAQ,55000,erp:price_confirmation_sim_2026-09,2026-09-01T09:00:00+00:00
SHOEG7NWZRWMCXQ9,59900,erp:price_confirmation_sim_2026-09,2026-09-01T09:00:00+00:00
CLTEJ5ZZUZKHHYDK,28900,erp:price_confirmation_sim_2026-09,2026-09-01T09:00:00+00:00
SHIE8HXEEX69GA9F,523600,erp:price_confirmation_sim_2026-09,2026-09-01T09:00:00+00:00
PENDRVJZVG6FYFTW,12000,erp:price_confirmation_sim_2026-09,2026-09-01T09:00:00+00:00
BRAEAREZG4Z6ZFK9,49000,erp:price_confirmation_sim_2026-09,2026-09-01T09:00:00+00:00
SHIED78RWUCDPFRH,47900,erp:price_confirmation_sim_2026-09,2026-09-01T09:00:00+00:00
BBAEDVQEYBFKHFTB,24900,erp:price_confirmation_sim_2026-09,2026-09-01T09:00:00+00:00
SHTDXPF5YTCNDDDD,29900,erp:price_confirmation_sim_2026-09,2026-09-01T09:00:00+00:00
BRAEYFDCXRHPBEVZ,31500,erp:price_confirmation_sim_2026-09,2026-09-01T09:00:00+00:00
ACCDUV7ZQVHFKVMJ,149900,erp:price_confirmation_sim_2026-09,2026-09-01T09:00:00+00:00
JWSEAAFF47ZV9MUN,89900,erp:price_confirmation_sim_2026-09,2026-09-01T09:00:00+00:00
ACCEJFPSWXZTJWJ7,49900,erp:price_confirmation_sim_2026-09,2026-09-01T09:00:00+00:00
BRAEA64BMYASNDZQ,34900,erp:price_confirmation_sim_2026-09,2026-09-01T09:00:00+00:00
CAGEB9ZQYPWX2F9D,40000,erp:price_confirmation_sim_2026-09,2026-09-01T09:00:00+00:00
TOPECYENWHHDGFCH,99900,erp:price_confirmation_sim_2026-09,2026-09-01T09:00:00+00:00
SWSEBHCP9JC4GQKT,74900,erp:price_confirmation_sim_2026-09,2026-09-01T09:00:00+00:00
SHTEA8GNUNWHQYDD,83900,erp:price_confirmation_sim_2026-09,2026-09-01T09:00:00+00:00
RNGE7GVYZMMHPNVN,2792000,erp:price_confirmation_sim_2026-09,2026-09-01T09:00:00+00:00
TSHE7AX4NBAVHC3F,69900,erp:price_confirmation_sim_2026-09,2026-09-01T09:00:00+00:00
ACCE8WYMVWNXBBAH,24900,erp:price_confirmation_sim_2026-09,2026-09-01T09:00:00+00:00
PBXEJTJRMMZEBYGG,19900,erp:price_confirmation_sim_2026-09,2026-09-01T09:00:00+00:00
MUGEBFGF4ZDPGTZZ,29900,erp:price_confirmation_sim_2026-09,2026-09-01T09:00:00+00:00
BRAE8EHTWXMGVQUS,17500,erp:price_confirmation_sim_2026-09,2026-09-01T09:00:00+00:00
CAGE9ABATUHJ8G4X,39400,erp:price_confirmation_sim_2026-09,2026-09-01T09:00:00+00:00
TSHE4F2GYKJUF5P8,40000,erp:price_confirmation_sim_2026-09,2026-09-01T09:00:00+00:00
CAPE2ZGGCAHUAUVS,69900,erp:price_confirmation_sim_2026-09,2026-09-01T09:00:00+00:00
ACCDUV7Z2FV2ZQ8Q,149900,erp:price_confirmation_sim_2026-09,2026-09-01T09:00:00+00:00
TSHE9C3MZHGYM4YH,49900,erp:price_confirmation_sim_2026-09,2026-09-01T09:00:00+00:00
PPME9UG94TJJ5RUF,19900,erp:price_confirmation_sim_2026-09,2026-09-01T09:00:00+00:00
KRTEAX83ZSGWJP5G,79200,erp:price_confirmation_sim_2026-09,2026-09-01T09:00:00+00:00
DREEBPVEHTXTJHTT,99000,erp:price_confirmation_sim_2026-09,2026-09-01T09:00:00+00:00
SHOE9UDJKNVSDH72,999700,erp:price_confirmation_sim_2026-09,2026-09-01T09:00:00+00:00
VHREB3NZAKNHNQFY,27800,erp:price_confirmation_sim_2026-09,2026-09-01T09:00:00+00:00
CRTECN2QUQHGT6C5,159900,erp:price_confirmation_sim_2026-09,2026-09-01T09:00:00+00:00
ACCE9YGGCDWRRXGF,59900,erp:price_confirmation_sim_2026-09,2026-09-01T09:00:00+00:00
NKCE5UY9HQTQ8TBG,39900,erp:price_confirmation_sim_2026-09,2026-09-01T09:00:00+00:00
PBLEGWQWYXZ8MHA8,38000,erp:price_confirmation_sim_2026-09,2026-09-01T09:00:00+00:00
VESEJBPY3VSTTWDY,34900,erp:price_confirmation_sim_2026-09,2026-09-01T09:00:00+00:00
NKCE64Z4UYTTXRWS,38100,erp:price_confirmation_sim_2026-09,2026-09-01T09:00:00+00:00
STIEYZ5SXHXTMGGQ,109900,erp:price_confirmation_sim_2026-09,2026-09-01T09:00:00+00:00
NKCECXEAF6GMGJTF,29900,erp:price_confirmation_sim_2026-09,2026-09-01T09:00:00+00:00
CAGE6DFWETTR4MUU,32100,erp:price_confirmation_sim_2026-09,2026-09-01T09:00:00+00:00
BLAEDZTE88SQUWWH,109900,erp:price_confirmation_sim_2026-09,2026-09-01T09:00:00+00:00
STIE6Q5SH9WHXSZG,24900,erp:price_confirmation_sim_2026-09,2026-09-01T09:00:00+00:00
DREE9CPNYFZP9HRA,79900,erp:price_confirmation_sim_2026-09,2026-09-01T09:00:00+00:00
SNDEHJ6ABUB763MD,89900,erp:price_confirmation_sim_2026-09,2026-09-01T09:00:00+00:00
SHTE6GKKJWPZHYMC,34900,erp:price_confirmation_sim_2026-09,2026-09-01T09:00:00+00:00
ACCE6GFGHGCX46VF,168500,erp:price_confirmation_sim_2026-09,2026-09-01T09:00:00+00:00
SHTE3HGETNXH7HDB,41900,erp:price_confirmation_sim_2026-09,2026-09-01T09:00:00+00:00
RNGEBQZRZ79K3EMM,2564800,erp:price_confirmation_sim_2026-09,2026-09-01T09:00:00+00:00
RNGEDF5HYMYZBJAG,3264000,erp:price_confirmation_sim_2026-09,2026-09-01T09:00:00+00:00
SWTECYHHU6Z2QZWT,80000,erp:price_confirmation_sim_2026-09,2026-09-01T09:00:00+00:00
SNDE3NWJTFFMUURW,39500,erp:price_confirmation_sim_2026-09,2026-09-01T09:00:00+00:00
TOPEE3W5Z2FHBNNT,29900,erp:price_confirmation_sim_2026-09,2026-09-01T09:00:00+00:00
SHIEBJH8XQ2TEASA,650000,erp:price_confirmation_sim_2026-09,2026-09-01T09:00:00+00:00
DREEG6R2F2STHXGY,54500,erp:price_confirmation_sim_2026-09,2026-09-01T09:00:00+00:00
JWSE7H6RKTYSK2YC,69500,erp:price_confirmation_sim_2026-09,2026-09-01T09:00:00+00:00
STFEJG5SKFHGHZCA,79900,erp:price_confirmation_sim_2026-09,2026-09-01T09:00:00+00:00
SWTECAGUGVHAKGSM,99900,erp:price_confirmation_sim_2026-09,2026-09-01T09:00:00+00:00
RNGE7GVY62WSJP7X,2808000,erp:price_confirmation_sim_2026-09,2026-09-01T09:00:00+00:00
TSHE6KWDZRGJHNYA,39900,erp:price_confirmation_sim_2026-09,2026-09-01T09:00:00+00:00
TSHECU3FXUGAGAG9,79500,erp:price_confirmation_sim_2026-09,2026-09-01T09:00:00+00:00
BBAE3JRHGNSJH8ZK,100000,erp:price_confirmation_sim_2026-09,2026-09-01T09:00:00+00:00
BKPEGXYWWJPETZZA,184900,erp:price_confirmation_sim_2026-09,2026-09-01T09:00:00+00:00
NKCECZMAXJZH6XJY,22200,erp:price_confirmation_sim_2026-09,2026-09-01T09:00:00+00:00
PCSEBAGCPVDXVN7G,59900,erp:price_confirmation_sim_2026-09,2026-09-01T09:00:00+00:00
SHTE4YFYMFWDZZYH,39900,erp:price_confirmation_sim_2026-09,2026-09-01T09:00:00+00:00
TOPE8YAUHKSW9UMD,59900,erp:price_confirmation_sim_2026-09,2026-09-01T09:00:00+00:00
STIE2FRBSDPEUB8T,59900,erp:price_confirmation_sim_2026-09,2026-09-01T09:00:00+00:00
MUGE7DUF6GBTUQDD,17500,erp:price_confirmation_sim_2026-09,2026-09-01T09:00:00+00:00
SNDEDAPKZGGEGYHV,99900,erp:price_confirmation_sim_2026-09,2026-09-01T09:00:00+00:00
STIEYZ5T4GMGBZEU,39900,erp:price_confirmation_sim_2026-09,2026-09-01T09:00:00+00:00
CAGEBTJBTZ9HK4AU,37000,erp:price_confirmation_sim_2026-09,2026-09-01T09:00:00+00:00
ACCEF3ZFTEZNYMHF,249900,erp:price_confirmation_sim_2026-09,2026-09-01T09:00:00+00:00
HMBEAU8PHXXEG3UB,21000,erp:price_confirmation_sim_2026-09,2026-09-01T09:00:00+00:00
HDNEDVWYGTNWKNNK,1268100,erp:price_confirmation_sim_2026-09,2026-09-01T09:00:00+00:00
CAGED6YFNUF4UUTH,28000,erp:price_confirmation_sim_2026-09,2026-09-01T09:00:00+00:00
BBAECB8FBGJUWWH4,30000,erp:price_confirmation_sim_2026-09,2026-09-01T09:00:00+00:00
BDDEH29EWHWRAPWG,2499900,erp:price_confirmation_sim_2026-09,2026-09-01T09:00:00+00:00
TOPEBN6MZNGGZEMY,47500,erp:price_confirmation_sim_2026-09,2026-09-01T09:00:00+00:00
TSHEDNUUTYKDFDHF,134900,erp:price_confirmation_sim_2026-09,2026-09-01T09:00:00+00:00
CAPE2ZGGFBG5YKGW,69900,erp:price_confirmation_sim_2026-09,2026-09-01T09:00:00+00:00
TSHE9CK29TZZWZQP,35000,erp:price_confirmation_sim_2026-09,2026-09-01T09:00:00+00:00
BBAE4PWDV2TZ8G8H,35900,erp:price_confirmation_sim_2026-09,2026-09-01T09:00:00+00:00
STIEYZ5YZHXWZ5FJ,79900,erp:price_confirmation_sim_2026-09,2026-09-01T09:00:00+00:00
RNGEDAK8ZM9PHZNW,2805000,erp:price_confirmation_sim_2026-09,2026-09-01T09:00:00+00:00
CAGE4Y4FXXUZS4ZP,35500,erp:price_confirmation_sim_2026-09,2026-09-01T09:00:00+00:00
RNGE7M92AHYVJFTN,2141000,erp:price_confirmation_sim_2026-09,2026-09-01T09:00:00+00:00
SHOEFMRZZEBCGEJT,129900,erp:price_confirmation_sim_2026-09,2026-09-01T09:00:00+00:00
NKCEGGFGCKCZS72F,49900,erp:price_confirmation_sim_2026-09,2026-09-01T09:00:00+00:00
HMBE4ZYTGTAHFEHN,144800,erp:price_confirmation_sim_2026-09,2026-09-01T09:00:00+00:00
TSHEFC4CNFWHDYJT,41900,erp:price_confirmation_sim_2026-09,2026-09-01T09:00:00+00:00
NKCE9W4ZJA3AJF2C,41500,erp:price_confirmation_sim_2026-09,2026-09-01T09:00:00+00:00
CAGE72HHBRCKQBG5,36000,erp:price_confirmation_sim_2026-09,2026-09-01T09:00:00+00:00
VPAEHU2DKDMZPEKC,63000,erp:price_confirmation_sim_2026-09,2026-09-01T09:00:00+00:00
WATDYQ93UUZYVFQX,80000,erp:price_confirmation_sim_2026-09,2026-09-01T09:00:00+00:00
ACCEGHHR2KFBGQVD,32500,erp:price_confirmation_sim_2026-09,2026-09-01T09:00:00+00:00
BBAE7C7JERSTNYNH,34900,erp:price_confirmation_sim_2026-09,2026-09-01T09:00:00+00:00
CRTECN2QZ8CWZEFZ,159900,erp:price_confirmation_sim_2026-09,2026-09-01T09:00:00+00:00
TSHE993PGTYPA6ZC,44900,erp:price_confirmation_sim_2026-09,2026-09-01T09:00:00+00:00
SRTEHH8886VHZQAM,123600,erp:price_confirmation_sim_2026-09,2026-09-01T09:00:00+00:00
BRAE825JCAURQBJN,29900,erp:price_confirmation_sim_2026-09,2026-09-01T09:00:00+00:00
SOFEGDV3HGY3AB43,1923700,erp:price_confirmation_sim_2026-09,2026-09-01T09:00:00+00:00
PCSE5VQ3FBAPKERB,45500,erp:price_confirmation_sim_2026-09,2026-09-01T09:00:00+00:00
BBADWZFDVJNFAMUH,49000,erp:price_confirmation_sim_2026-09,2026-09-01T09:00:00+00:00
TSHE5HQFQ6FXP9GY,49900,erp:price_confirmation_sim_2026-09,2026-09-01T09:00:00+00:00
NKCEB99XZPVZY3QZ,40000,erp:price_confirmation_sim_2026-09,2026-09-01T09:00:00+00:00
TSHEDCVYX4WKTWXW,49900,erp:price_confirmation_sim_2026-09,2026-09-01T09:00:00+00:00
SHIE92VMGH3SEEVU,45100,erp:price_confirmation_sim_2026-09,2026-09-01T09:00:00+00:00
PCSEDTF2Y2U6HYFQ,144000,erp:price_confirmation_sim_2026-09,2026-09-01T09:00:00+00:00
PAEEHFQH2G5TXFFH,20000,erp:price_confirmation_sim_2026-09,2026-09-01T09:00:00+00:00
CRTECN2QVQQNZMRW,159900,erp:price_confirmation_sim_2026-09,2026-09-01T09:00:00+00:00
SHTE96UAYNZMYZ5H,44900,erp:price_confirmation_sim_2026-09,2026-09-01T09:00:00+00:00
BRAEB9ZNSUGGSFQV,34900,erp:price_confirmation_sim_2026-09,2026-09-01T09:00:00+00:00
CRTEHSS9CHAE2BZZ,140200,erp:price_confirmation_sim_2026-09,2026-09-01T09:00:00+00:00
BOTEJT4YZXKRPDTY,41900,erp:price_confirmation_sim_2026-09,2026-09-01T09:00:00+00:00
RNGE88QAJHBEZFVG,3082900,erp:price_confirmation_sim_2026-09,2026-09-01T09:00:00+00:00
BRAE6Z79BSUTAFHF,19900,erp:price_confirmation_sim_2026-09,2026-09-01T09:00:00+00:00
BRAEDSKCZJHTVZNZ,22500,erp:price_confirmation_sim_2026-09,2026-09-01T09:00:00+00:00
NKCE9PFFFSGMMHZA,39900,erp:price_confirmation_sim_2026-09,2026-09-01T09:00:00+00:00
BRAE3TSHUSJJYKM7,5900,erp:price_confirmation_sim_2026-09,2026-09-01T09:00:00+00:00
CRTECN2QTH6YPGYF,159900,erp:price_confirmation_sim_2026-09,2026-09-01T09:00:00+00:00
SUSEGVSKYNJYMVPX,39900,erp:price_confirmation_sim_2026-09,2026-09-01T09:00:00+00:00
PKBEGBTRKKHU26YQ,29800,erp:price_confirmation_sim_2026-09,2026-09-01T09:00:00+00:00
ERGEA5DYQ9KUZNAK,46600,erp:price_confirmation_sim_2026-09,2026-09-01T09:00:00+00:00
TSHEFJFPZ5FB7HXZ,41800,erp:price_confirmation_sim_2026-09,2026-09-01T09:00:00+00:00
MUGEACY8ZGC54WNC,19900,erp:price_confirmation_sim_2026-09,2026-09-01T09:00:00+00:00
ACCEA4C9YHBYRYRK,59900,erp:price_confirmation_sim_2026-09,2026-09-01T09:00:00+00:00
CRTEJU6FJTEHSVTR,137000,erp:price_confirmation_sim_2026-09,2026-09-01T09:00:00+00:00
STIE9F5UGGCGZFSQ,62300,erp:price_confirmation_sim_2026-09,2026-09-01T09:00:00+00:00
PCSDYQEV8G2ZGBNM,75000,erp:price_confirmation_sim_2026-09,2026-09-01T09:00:00+00:00
ACCDVPEXHMS5EGCX,254000,erp:price_confirmation_sim_2026-09,2026-09-01T09:00:00+00:00
JWSDUGFCNMVZFWHX,35900,erp:price_confirmation_sim_2026-09,2026-09-01T09:00:00+00:00
SHIEAPE9AZ79HFJZ,34900,erp:price_confirmation_sim_2026-09,2026-09-01T09:00:00+00:00
WATE8C5ZUTSGNEMF,55000,erp:price_confirmation_sim_2026-09,2026-09-01T09:00:00+00:00
TKPEJFWZBHFZDAWY,69900,erp:price_confirmation_sim_2026-09,2026-09-01T09:00:00+00:00
HACEJXH6WH8QCVKD,31500,erp:price_confirmation_sim_2026-09,2026-09-01T09:00:00+00:00
FGBE8YPGASPUR3EA,29900,erp:price_confirmation_sim_2026-09,2026-09-01T09:00:00+00:00
RNGE8Z3KSNKWHEER,1021300,erp:price_confirmation_sim_2026-09,2026-09-01T09:00:00+00:00
SHTEBTB9ZM42MVDY,30000,erp:price_confirmation_sim_2026-09,2026-09-01T09:00:00+00:00
TIEEE5ZQMFV6KEYV,59900,erp:price_confirmation_sim_2026-09,2026-09-01T09:00:00+00:00
KTAEG4P2NNNBDRMT,59900,erp:price_confirmation_sim_2026-09,2026-09-01T09:00:00+00:00
PTGEGUZFYXKZ5HVT,422000,erp:price_confirmation_sim_2026-09,2026-09-01T09:00:00+00:00
PTPEFMKUTCGZB5G5,108000,erp:price_confirmation_sim_2026-09,2026-09-01T09:00:00+00:00
BFAEYCBMXNQQJ89Y,200000,erp:price_confirmation_sim_2026-09,2026-09-01T09:00:00+00:00
LJGEY6D3VWCHKVPW,20000,erp:price_confirmation_sim_2026-09,2026-09-01T09:00:00+00:00
BRAE4S2FYF4RN49J,14900,erp:price_confirmation_sim_2026-09,2026-09-01T09:00:00+00:00
PLLEHQTXADABGDSZ,139900,erp:price_confirmation_sim_2026-09,2026-09-01T09:00:00+00:00
STIE6Q5TVFH8YHN5,22400,erp:price_confirmation_sim_2026-09,2026-09-01T09:00:00+00:00
RNGEDF5HNYYJGQB9,1901100,erp:price_confirmation_sim_2026-09,2026-09-01T09:00:00+00:00
ERGEY7S8WHURZNNW,39900,erp:price_confirmation_sim_2026-09,2026-09-01T09:00:00+00:00
CRTECUWZXMV2YZ9G,179900,erp:price_confirmation_sim_2026-09,2026-09-01T09:00:00+00:00
PBXED67JVPPSGVWE,27000,erp:price_confirmation_sim_2026-09,2026-09-01T09:00:00+00:00
NKCE9G2BFAENKCYZ,29900,erp:price_confirmation_sim_2026-09,2026-09-01T09:00:00+00:00
SHTE2FCTN7MYJCUW,24900,erp:price_confirmation_sim_2026-09,2026-09-01T09:00:00+00:00
SNDE5V33H2FZMPQ4,119400,erp:price_confirmation_sim_2026-09,2026-09-01T09:00:00+00:00
LACEGF4N3CAXZDKH,32900,erp:price_confirmation_sim_2026-09,2026-09-01T09:00:00+00:00
DREEDHM4HCWUJZZJ,94900,erp:price_confirmation_sim_2026-09,2026-09-01T09:00:00+00:00
SNDE8JZA27HBHUJR,52900,erp:price_confirmation_sim_2026-09,2026-09-01T09:00:00+00:00
SNDE3NWJCPNHJZGZ,39500,erp:price_confirmation_sim_2026-09,2026-09-01T09:00:00+00:00
BRAEE6YMJ9MUYSHV,39900,erp:price_confirmation_sim_2026-09,2026-09-01T09:00:00+00:00
CNSEJMBCCXWF3BAD,82000,erp:price_confirmation_sim_2026-09,2026-09-01T09:00:00+00:00
TOPE94JH8ZFHZVTV,219900,erp:price_confirmation_sim_2026-09,2026-09-01T09:00:00+00:00
ACCEFH5CKGYGMMNH,16400,erp:price_confirmation_sim_2026-09,2026-09-01T09:00:00+00:00
TSHE6ZF3GEFT9ZRM,49900,erp:price_confirmation_sim_2026-09,2026-09-01T09:00:00+00:00
CAGEBXX7YEQZQQ2J,34900,erp:price_confirmation_sim_2026-09,2026-09-01T09:00:00+00:00
FABE7D5ZXCFGF5MX,16900,erp:price_confirmation_sim_2026-09,2026-09-01T09:00:00+00:00
BRAE9RWN5MUASAYE,39900,erp:price_confirmation_sim_2026-09,2026-09-01T09:00:00+00:00
SHODMFY6JGMSB3CR,192200,erp:price_confirmation_sim_2026-09,2026-09-01T09:00:00+00:00
KECEGTXHXCYTH2GN,6500,erp:price_confirmation_sim_2026-09,2026-09-01T09:00:00+00:00
WATDX7VGHZAP2GZG,312500,erp:price_confirmation_sim_2026-09,2026-09-01T09:00:00+00:00
BKPED8T76AN4YYVF,64900,erp:price_confirmation_sim_2026-09,2026-09-01T09:00:00+00:00
STIE9F5UFQ6CWCWA,142400,erp:price_confirmation_sim_2026-09,2026-09-01T09:00:00+00:00
TRCEGFEN7UKGF4HB,69900,erp:price_confirmation_sim_2026-09,2026-09-01T09:00:00+00:00
BBAEHQKMBQTG3E6J,120000,erp:price_confirmation_sim_2026-09,2026-09-01T09:00:00+00:00
KRTEJ6YN6AWRYHFH,78000,erp:price_confirmation_sim_2026-09,2026-09-01T09:00:00+00:00
BRAEGJFXUHYZPDWZ,31900,erp:price_confirmation_sim_2026-09,2026-09-01T09:00:00+00:00
INKEF7WMPUEH9G4V,20000,erp:price_confirmation_sim_2026-09,2026-09-01T09:00:00+00:00
SHOE2FBZSHMWGNSJ,79900,erp:price_confirmation_sim_2026-09,2026-09-01T09:00:00+00:00
BBAEBK8KHEAXFCDT,41900,erp:price_confirmation_sim_2026-09,2026-09-01T09:00:00+00:00
DREE4YVSX4N6FNVH,82900,erp:price_confirmation_sim_2026-09,2026-09-01T09:00:00+00:00
ACCDVHJZ6NZPXWAM,149900,erp:price_confirmation_sim_2026-09,2026-09-01T09:00:00+00:00
MUGEBFGFCWPFX4SZ,29900,erp:price_confirmation_sim_2026-09,2026-09-01T09:00:00+00:00
BRAEDGM2YE58PGPV,42900,erp:price_confirmation_sim_2026-09,2026-09-01T09:00:00+00:00
WATDHMQJ68MVBRFV,95000,erp:price_confirmation_sim_2026-09,2026-09-01T09:00:00+00:00
VHREB3NZD9YGJ2JD,77800,erp:price_confirmation_sim_2026-09,2026-09-01T09:00:00+00:00
TSHE993RZHBYAFD9,49900,erp:price_confirmation_sim_2026-09,2026-09-01T09:00:00+00:00
PBLEGWQWGGFTPMKK,45000,erp:price_confirmation_sim_2026-09,2026-09-01T09:00:00+00:00
CRTECN2QX4FC2UAC,138000,erp:price_confirmation_sim_2026-09,2026-09-01T09:00:00+00:00
RNGE8TZ6ZQHYF6HD,3172000,erp:price_confirmation_sim_2026-09,2026-09-01T09:00:00+00:00
RTRDFFYG65VG5RWS,239900,erp:price_confirmation_sim_2026-09,2026-09-01T09:00:00+00:00
FABEGBT3NZXS32YG,219000,erp:price_confirmation_sim_2026-09,2026-09-01T09:00:00+00:00
TSHECJAYY4UK9SKX,39000,erp:price_confirmation_sim_2026-09,2026-09-01T09:00:00+00:00
CSPEGWZHFU2Q2ZPG,32500,erp:price_confirmation_sim_2026-09,2026-09-01T09:00:00+00:00
FABE92NVNY884KUZ,29900,erp:price_confirmation_sim_2026-09,2026-09-01T09:00:00+00:00
NKCEGHR7YXJD3QVA,45000,erp:price_confirmation_sim_2026-09,2026-09-01T09:00:00+00:00
SNKEBPVFVGG8A5UR,290000,erp:price_confirmation_sim_2026-09,2026-09-01T09:00:00+00:00
ACCEGZ8AUMFBZGJ2,44900,erp:price_confirmation_sim_2026-09,2026-09-01T09:00:00+00:00
PTGEGUP5KM48MRRW,2551000,erp:price_confirmation_sim_2026-09,2026-09-01T09:00:00+00:00
NKCDZHF7XRYPUWCG,23000,erp:price_confirmation_sim_2026-09,2026-09-01T09:00:00+00:00
PCSEC86VVCMGRCYE,102000,erp:price_confirmation_sim_2026-09,2026-09-01T09:00:00+00:00
ACCDY6GTHNEAPHM3,149900,erp:price_confirmation_sim_2026-09,2026-09-01T09:00:00+00:00
ACCEFZVEKCR9BQJQ,129900,erp:price_confirmation_sim_2026-09,2026-09-01T09:00:00+00:00
CRTEA7HAPG9RZMQD,185000,erp:price_confirmation_sim_2026-09,2026-09-01T09:00:00+00:00
PCSE6SJGPYFYGKUQ,180000,erp:price_confirmation_sim_2026-09,2026-09-01T09:00:00+00:00
SNDEC9REJWFXJYB4,99900,erp:price_confirmation_sim_2026-09,2026-09-01T09:00:00+00:00
TSHE5NYHXC8AMY76,119800,erp:price_confirmation_sim_2026-09,2026-09-01T09:00:00+00:00
BRAEBBMQWZYHZFGE,21000,erp:price_confirmation_sim_2026-09,2026-09-01T09:00:00+00:00
DREECACWVFWUG5P2,84900,erp:price_confirmation_sim_2026-09,2026-09-01T09:00:00+00:00
NKCE5WSJTHTHQFUG,15000,erp:price_confirmation_sim_2026-09,2026-09-01T09:00:00+00:00
BRAE3HGCKX8PGBWH,24900,erp:price_confirmation_sim_2026-09,2026-09-01T09:00:00+00:00
SHOEB57FWHZKQZYE,79900,erp:price_confirmation_sim_2026-09,2026-09-01T09:00:00+00:00
SHTE8HGCY7JD8U7B,44900,erp:price_confirmation_sim_2026-09,2026-09-01T09:00:00+00:00
TOPE7WAUPRGCFR9K,49900,erp:price_confirmation_sim_2026-09,2026-09-01T09:00:00+00:00
SGLEJVKF8UNGUJYG,29600,erp:price_confirmation_sim_2026-09,2026-09-01T09:00:00+00:00
EDMEGN28ADZ5HZMG,299900,erp:price_confirmation_sim_2026-09,2026-09-01T09:00:00+00:00
ACCEH8TYZ3MZFV8H,17900,erp:price_confirmation_sim_2026-09,2026-09-01T09:00:00+00:00
SHTEGQCMGZZZYZZN,91200,erp:price_confirmation_sim_2026-09,2026-09-01T09:00:00+00:00
CRTECN2QZJSZBWGH,159900,erp:price_confirmation_sim_2026-09,2026-09-01T09:00:00+00:00
BRAEYYZQKBWFUQQR,64900,erp:price_confirmation_sim_2026-09,2026-09-01T09:00:00+00:00
RNGEH3EV5SBNBHCC,35000,erp:price_confirmation_sim_2026-09,2026-09-01T09:00:00+00:00
PACE5VYXMZKGMDG8,27900,erp:price_confirmation_sim_2026-09,2026-09-01T09:00:00+00:00
APREGXHNXYQZBSKB,20000,erp:price_confirmation_sim_2026-09,2026-09-01T09:00:00+00:00
SHIECPZQNKC9TGAC,54900,erp:price_confirmation_sim_2026-09,2026-09-01T09:00:00+00:00
DREE3KKWWM9FZD8U,94900,erp:price_confirmation_sim_2026-09,2026-09-01T09:00:00+00:00
CRNEEABUBQZTGDZC,59900,erp:price_confirmation_sim_2026-09,2026-09-01T09:00:00+00:00
ACCE6GFCCZRQZGXE,168500,erp:price_confirmation_sim_2026-09,2026-09-01T09:00:00+00:00
SNDEGH3HWXFBXZJX,188900,erp:price_confirmation_sim_2026-09,2026-09-01T09:00:00+00:00
TLPEGUHZJ4BX6JPJ,70000,erp:price_confirmation_sim_2026-09,2026-09-01T09:00:00+00:00
BRAE7T3WRRVYQQEG,19900,erp:price_confirmation_sim_2026-09,2026-09-01T09:00:00+00:00
ACBEGNRDC8MDNRCW,82000,erp:price_confirmation_sim_2026-09,2026-09-01T09:00:00+00:00
RNGEDAKFNPUNF5BJ,2074300,erp:price_confirmation_sim_2026-09,2026-09-01T09:00:00+00:00
KRTE6Z7AGW3UF68Q,29900,erp:price_confirmation_sim_2026-09,2026-09-01T09:00:00+00:00
VHREB3NZZ3YCJX9R,77800,erp:price_confirmation_sim_2026-09,2026-09-01T09:00:00+00:00
TSHE993RV7GU33KR,49900,erp:price_confirmation_sim_2026-09,2026-09-01T09:00:00+00:00
ACCEGZ6B9MYUTYST,53900,erp:price_confirmation_sim_2026-09,2026-09-01T09:00:00+00:00
FABEH3PHVMXXWTMA,134900,erp:price_confirmation_sim_2026-09,2026-09-01T09:00:00+00:00
SGLEGBV4QFHTNHE2,59900,erp:price_confirmation_sim_2026-09,2026-09-01T09:00:00+00:00
BBADVZCAETW3F6N3,42900,erp:price_confirmation_sim_2026-09,2026-09-01T09:00:00+00:00
ACCEDUQBHEHFG6SY,85000,erp:price_confirmation_sim_2026-09,2026-09-01T09:00:00+00:00
ACCE2X5HEHGF9XYA,14900,erp:price_confirmation_sim_2026-09,2026-09-01T09:00:00+00:00
RNGEC8PZRKPETAAH,3255400,erp:price_confirmation_sim_2026-09,2026-09-01T09:00:00+00:00
SUDEGVG3EJVEE8XZ,89900,erp:price_confirmation_sim_2026-09,2026-09-01T09:00:00+00:00
PCSE6SJG9SMAGGHY,35000,erp:price_confirmation_sim_2026-09,2026-09-01T09:00:00+00:00
ACCEGZ5PGHCDZTNY,39900,erp:price_confirmation_sim_2026-09,2026-09-01T09:00:00+00:00
BTWEYHEHQANKJUAG,119900,erp:price_confirmation_sim_2026-09,2026-09-01T09:00:00+00:00
SPBDWG6GJGTSWQVT,89900,erp:price_confirmation_sim_2026-09,2026-09-01T09:00:00+00:00
ACCE9Z5RHGFGKESQ,59900,erp:price_confirmation_sim_2026-09,2026-09-01T09:00:00+00:00
MUGEBFGFRVWCKPVT,29900,erp:price_confirmation_sim_2026-09,2026-09-01T09:00:00+00:00
TSHE75PWGFSKTZ2E,76900,erp:price_confirmation_sim_2026-09,2026-09-01T09:00:00+00:00
BRAECKHYDVMUMAKF,30000,erp:price_confirmation_sim_2026-09,2026-09-01T09:00:00+00:00
TRCEGNXZKQT2GTJG,199900,erp:price_confirmation_sim_2026-09,2026-09-01T09:00:00+00:00
AFGEGF4DTH3GCFYD,54900,erp:price_confirmation_sim_2026-09,2026-09-01T09:00:00+00:00
BRAEY7CD5UFJN9HS,17900,erp:price_confirmation_sim_2026-09,2026-09-01T09:00:00+00:00
PTGEGUP2P4WHZR6E,2551000,erp:price_confirmation_sim_2026-09,2026-09-01T09:00:00+00:00
TSHEDH3BNTQQZAHC,89900,erp:price_confirmation_sim_2026-09,2026-09-01T09:00:00+00:00
NKCECGT3NM7QF8WE,29900,erp:price_confirmation_sim_2026-09,2026-09-01T09:00:00+00:00
SHIE9YM2HQPKZKEF,119900,erp:price_confirmation_sim_2026-09,2026-09-01T09:00:00+00:00
RTRDXV6BA5PZAEPH,485000,erp:price_confirmation_sim_2026-09,2026-09-01T09:00:00+00:00
SNDEBZY2BFKZCYPP,42900,erp:price_confirmation_sim_2026-09,2026-09-01T09:00:00+00:00
BBADZUEQ65WVS6FG,45000,erp:price_confirmation_sim_2026-09,2026-09-01T09:00:00+00:00
DIAE7QHEKN2B2CWN,25000,erp:price_confirmation_sim_2026-09,2026-09-01T09:00:00+00:00
SHOEJBSQUQYAHG2M,89900,erp:price_confirmation_sim_2026-09,2026-09-01T09:00:00+00:00
HTSEG6YUAFSNFG6M,165000,erp:price_confirmation_sim_2026-09,2026-09-01T09:00:00+00:00
NKCE7TZG9AG6F3YB,35900,erp:price_confirmation_sim_2026-09,2026-09-01T09:00:00+00:00
PACEY7PZX958DH5S,7000,erp:price_confirmation_sim_2026-09,2026-09-01T09:00:00+00:00
DREEGGYS8EW6FW7P,197500,erp:price_confirmation_sim_2026-09,2026-09-01T09:00:00+00:00
TSHE993QAQMMRRHN,44900,erp:price_confirmation_sim_2026-09,2026-09-01T09:00:00+00:00
PENDDM4QZXWDD8AX,99500,erp:price_confirmation_sim_2026-09,2026-09-01T09:00:00+00:00
RNGEC8PZSUGEEFUM,3386300,erp:price_confirmation_sim_2026-09,2026-09-01T09:00:00+00:00
KRTDXM88AJFUVZWK,39500,erp:price_confirmation_sim_2026-09,2026-09-01T09:00:00+00:00
CRTECN2QSGWBHY9F,138000,erp:price_confirmation_sim_2026-09,2026-09-01T09:00:00+00:00
NKCE6HZQBRWBYZNZ,35900,erp:price_confirmation_sim_2026-09,2026-09-01T09:00:00+00:00
TOPE9WZAFZZBASUF,89900,erp:price_confirmation_sim_2026-09,2026-09-01T09:00:00+00:00
SHTE6SEHTFZHK2GQ,39900,erp:price_confirmation_sim_2026-09,2026-09-01T09:00:00+00:00
CRTECN2QZ3XEUPTT,137900,erp:price_confirmation_sim_2026-09,2026-09-01T09:00:00+00:00
NKCE3HG8WGXGA6JD,44900,erp:price_confirmation_sim_2026-09,2026-09-01T09:00:00+00:00
CBKEAHJXBZEJJ8JN,46100,erp:price_confirmation_sim_2026-09,2026-09-01T09:00:00+00:00
SHIED9QZH7GZUGSK,250000,erp:price_confirmation_sim_2026-09,2026-09-01T09:00:00+00:00
DREDUKH4YHWHURG3,99800,erp:price_confirmation_sim_2026-09,2026-09-01T09:00:00+00:00
BBAE7F9BYYHZZEQB,44900,erp:price_confirmation_sim_2026-09,2026-09-01T09:00:00+00:00
ACCE9Y6MGZNGHGNP,59900,erp:price_confirmation_sim_2026-09,2026-09-01T09:00:00+00:00
TOPE4DS8VQC2KCD8,29900,erp:price_confirmation_sim_2026-09,2026-09-01T09:00:00+00:00
NKCEBHGBMSXWZWZY,22400,erp:price_confirmation_sim_2026-09,2026-09-01T09:00:00+00:00
CRTEJQ9X2ZWJG2HW,185000,erp:price_confirmation_sim_2026-09,2026-09-01T09:00:00+00:00
BRAEE6YMHGPCFTYJ,34900,erp:price_confirmation_sim_2026-09,2026-09-01T09:00:00+00:00
ACCE6TJTBHE6YHDJ,99900,erp:price_confirmation_sim_2026-09,2026-09-01T09:00:00+00:00
RAQDCNWAHJK9JNUY,43800,erp:price_confirmation_sim_2026-09,2026-09-01T09:00:00+00:00
NKCE64Z48CHS9HS6,39900,erp:price_confirmation_sim_2026-09,2026-09-01T09:00:00+00:00
BRAEAQMANF5GRRDB,29900,erp:price_confirmation_sim_2026-09,2026-09-01T09:00:00+00:00
TMLEERDZWR7EXB63,37100,erp:price_confirmation_sim_2026-09,2026-09-01T09:00:00+00:00
NKCE9G2B2HUEGNWZ,35900,erp:price_confirmation_sim_2026-09,2026-09-01T09:00:00+00:00
CRNEE84JANPGQBE7,133200,erp:price_confirmation_sim_2026-09,2026-09-01T09:00:00+00:00
RNGE7Z9NKQU2CEVJ,68700,erp:price_confirmation_sim_2026-09,2026-09-01T09:00:00+00:00
DRPEFH4DTHV7DPCT,79900,erp:price_confirmation_sim_2026-09,2026-09-01T09:00:00+00:00
SHIE9J6PRGFHJHRY,42000,erp:price_confirmation_sim_2026-09,2026-09-01T09:00:00+00:00
NKCE6DPDXBXQ7W3A,19500,erp:price_confirmation_sim_2026-09,2026-09-01T09:00:00+00:00
SWSECNJUAX2DBPDW,109900,erp:price_confirmation_sim_2026-09,2026-09-01T09:00:00+00:00
BTWEDGMRHGQZKRZR,25000,erp:price_confirmation_sim_2026-09,2026-09-01T09:00:00+00:00
AIREDJGYAHPBXTZS,24500,erp:price_confirmation_sim_2026-09,2026-09-01T09:00:00+00:00
SHIEHGXH8GPWGWFE,215100,erp:price_confirmation_sim_2026-09,2026-09-01T09:00:00+00:00
SHTE9KD43YWMW7WM,39900,erp:price_confirmation_sim_2026-09,2026-09-01T09:00:00+00:00
NKCECZFZGZBQKCRD,29900,erp:price_confirmation_sim_2026-09,2026-09-01T09:00:00+00:00
ACCE6FZPCEEPAPGM,29900,erp:price_confirmation_sim_2026-09,2026-09-01T09:00:00+00:00
SHIEY382SR75SXEY,543600,erp:price_confirmation_sim_2026-09,2026-09-01T09:00:00+00:00
ACCDXM7WAYJUHM3S,94900,erp:price_confirmation_sim_2026-09,2026-09-01T09:00:00+00:00
TOPEAP5VYCZKFHB3,122500,erp:price_confirmation_sim_2026-09,2026-09-01T09:00:00+00:00
VAREGHJHAYZH3DEE,129800,erp:price_confirmation_sim_2026-09,2026-09-01T09:00:00+00:00
TKPEJHYWHWYTU9M2,69900,erp:price_confirmation_sim_2026-09,2026-09-01T09:00:00+00:00
PTGEGUZQKVZSWNXY,304000,erp:price_confirmation_sim_2026-09,2026-09-01T09:00:00+00:00
BBAEBZTBNXE2GR4N,80900,erp:price_confirmation_sim_2026-09,2026-09-01T09:00:00+00:00
TSHDZCZYSZPFDSHW,79900,erp:price_confirmation_sim_2026-09,2026-09-01T09:00:00+00:00
PELEGTPH8VFNGMYK,55000,erp:price_confirmation_sim_2026-09,2026-09-01T09:00:00+00:00
NKCE7AGZQB7Z7UFM,49900,erp:price_confirmation_sim_2026-09,2026-09-01T09:00:00+00:00
PBXEC8ATPF5FE9CF,18500,erp:price_confirmation_sim_2026-09,2026-09-01T09:00:00+00:00
ACCEKFVWTZPD5HPT,24900,erp:price_confirmation_sim_2026-09,2026-09-01T09:00:00+00:00
NKCEA7PWDCFJGR8A,24500,erp:price_confirmation_sim_2026-09,2026-09-01T09:00:00+00:00
PTGEE8Y9HPREBKEK,154900,erp:price_confirmation_sim_2026-09,2026-09-01T09:00:00+00:00
NKCDYQ3RWGURBTAV,30300,erp:price_confirmation_sim_2026-09,2026-09-01T09:00:00+00:00
NKCEBFEHYQRTUBZK,24900,erp:price_confirmation_sim_2026-09,2026-09-01T09:00:00+00:00
WATEAY46DJ3HCEGF,37300,erp:price_confirmation_sim_2026-09,2026-09-01T09:00:00+00:00
BBAEEYH6ZNYBFYRD,85000,erp:price_confirmation_sim_2026-09,2026-09-01T09:00:00+00:00
SHTECS55K6GXMDA2,77900,erp:price_confirmation_sim_2026-09,2026-09-01T09:00:00+00:00
SNDEHG3DNVBFGAT5,49900,erp:price_confirmation_sim_2026-09,2026-09-01T09:00:00+00:00
LJGE8TQ5MJPQHUVW,49900,erp:price_confirmation_sim_2026-09,2026-09-01T09:00:00+00:00
CAGDY6GGGVXY9ZGS,34000,erp:price_confirmation_sim_2026-09,2026-09-01T09:00:00+00:00
NKCE34THCPW5V7FV,30000,erp:price_confirmation_sim_2026-09,2026-09-01T09:00:00+00:00
MNKE8ZWFT44GRURB,12500,erp:price_confirmation_sim_2026-09,2026-09-01T09:00:00+00:00
JEAE7MP247GWNEMS,219900,erp:price_confirmation_sim_2026-09,2026-09-01T09:00:00+00:00
BLUEGT8ZHVXSYAFP,262500,erp:price_confirmation_sim_2026-09,2026-09-01T09:00:00+00:00
ACCDXFAJ8NGKEQ5A,19900,erp:price_confirmation_sim_2026-09,2026-09-01T09:00:00+00:00
BLOEJWAKHBBUGRES,69900,erp:price_confirmation_sim_2026-09,2026-09-01T09:00:00+00:00
SHTE7HGFZAZXUM9T,49500,erp:price_confirmation_sim_2026-09,2026-09-01T09:00:00+00:00
KRTEDCR4CF4MHWWF,47500,erp:price_confirmation_sim_2026-09,2026-09-01T09:00:00+00:00
RNGEDAK7ZJ3GXRGU,1909900,erp:price_confirmation_sim_2026-09,2026-09-01T09:00:00+00:00
DREECMGFWVZMQWMM,79900,erp:price_confirmation_sim_2026-09,2026-09-01T09:00:00+00:00
CRTECN2QXMHMRSER,159900,erp:price_confirmation_sim_2026-09,2026-09-01T09:00:00+00:00
PPME9UHWAWJJKRAD,19900,erp:price_confirmation_sim_2026-09,2026-09-01T09:00:00+00:00
KLSEGTBQ6PSU8NTG,29900,erp:price_confirmation_sim_2026-09,2026-09-01T09:00:00+00:00
JEAEGCF5GJNHE3YU,49900,erp:price_confirmation_sim_2026-09,2026-09-01T09:00:00+00:00
BRAEE3GEYSHHAYQN,13500,erp:price_confirmation_sim_2026-09,2026-09-01T09:00:00+00:00
SHIEBYA7DVARZBKB,469900,erp:price_confirmation_sim_2026-09,2026-09-01T09:00:00+00:00
TSHEFHZGWZBATVNE,16200,erp:price_confirmation_sim_2026-09,2026-09-01T09:00:00+00:00
TSHE6YEZPFR9YNXG,119900,erp:price_confirmation_sim_2026-09,2026-09-01T09:00:00+00:00
SAREGTVFFTURURNH,89900,erp:price_confirmation_sim_2026-09,2026-09-01T09:00:00+00:00
SKIECACWVH7U5RHF,28900,erp:price_confirmation_sim_2026-09,2026-09-01T09:00:00+00:00
WATDJYPXTT4DQARH,99900,erp:price_confirmation_sim_2026-09,2026-09-01T09:00:00+00:00
BBAECEJ9FPDUZECT,134900,erp:price_confirmation_sim_2026-09,2026-09-01T09:00:00+00:00
TOPEDUW4C69H6SGW,36000,erp:price_confirmation_sim_2026-09,2026-09-01T09:00:00+00:00
LJGE8TQ3NK74GUHF,49900,erp:price_confirmation_sim_2026-09,2026-09-01T09:00:00+00:00
SAREGSFVGZBN2UC8,150000,erp:price_confirmation_sim_2026-09,2026-09-01T09:00:00+00:00
TSHE2MEY35FPXTJU,49900,erp:price_confirmation_sim_2026-09,2026-09-01T09:00:00+00:00
JEAEGFMZCDKBCGMJ,58800,erp:price_confirmation_sim_2026-09,2026-09-01T09:00:00+00:00
NKCE6GJ5XVJDXNNZ,29900,erp:price_confirmation_sim_2026-09,2026-09-01T09:00:00+00:00
BALEGFWGYHBSY4UE,59500,erp:price_confirmation_sim_2026-09,2026-09-01T09:00:00+00:00
BLAE4H9UWEUNZKN8,79000,erp:price_confirmation_sim_2026-09,2026-09-01T09:00:00+00:00
SHIE8M4ZWWF7EKN4,35000,erp:price_confirmation_sim_2026-09,2026-09-01T09:00:00+00:00
CRTECN2QU9FYCMKU,92000,erp:price_confirmation_sim_2026-09,2026-09-01T09:00:00+00:00
AFGEFJSNF4QCGMXZ,1644300,erp:price_confirmation_sim_2026-09,2026-09-01T09:00:00+00:00
NKCDU4RZHMGDBYYZ,31000,erp:price_confirmation_sim_2026-09,2026-09-01T09:00:00+00:00
BLBEJR23DFG4TZ69,100000,erp:price_confirmation_sim_2026-09,2026-09-01T09:00:00+00:00
SUDEGGB3E5K4UNYW,19900,erp:price_confirmation_sim_2026-09,2026-09-01T09:00:00+00:00
ERGE86NTSCGHJD2G,40900,erp:price_confirmation_sim_2026-09,2026-09-01T09:00:00+00:00
RTRDRDPR9JHCSBGH,1339000,erp:price_confirmation_sim_2026-09,2026-09-01T09:00:00+00:00
BRAEDNX2TYQFYRBX,49900,erp:price_confirmation_sim_2026-09,2026-09-01T09:00:00+00:00
CAGEBTJBUKGHGBSJ,34000,erp:price_confirmation_sim_2026-09,2026-09-01T09:00:00+00:00
BRAE3WVQTK27MVHW,29900,erp:price_confirmation_sim_2026-09,2026-09-01T09:00:00+00:00
AVCEGBFBGFRWJSPS,91600,erp:price_confirmation_sim_2026-09,2026-09-01T09:00:00+00:00
TSHEFJ3FQDCAUU7H,62900,erp:price_confirmation_sim_2026-09,2026-09-01T09:00:00+00:00
NKCE9YFBJWQGF3KF,23900,erp:price_confirmation_sim_2026-09,2026-09-01T09:00:00+00:00
CAGE9ABB78YZUHEQ,31300,erp:price_confirmation_sim_2026-09,2026-09-01T09:00:00+00:00
CRNEE84JTCWGADGY,133200,erp:price_confirmation_sim_2026-09,2026-09-01T09:00:00+00:00
CRTECN2QXHYSFTHY,138000,erp:price_confirmation_sim_2026-09,2026-09-01T09:00:00+00:00
CPCE2ZMDRY5XHUHF,29900,erp:price_confirmation_sim_2026-09,2026-09-01T09:00:00+00:00
BLAEEFFGZVBQYVFP,119500,erp:price_confirmation_sim_2026-09,2026-09-01T09:00:00+00:00
BBAEDPZZUY4JCCCG,38500,erp:price_confirmation_sim_2026-09,2026-09-01T09:00:00+00:00
SHTE38AH8BUBGJ7Y,49900,erp:price_confirmation_sim_2026-09,2026-09-01T09:00:00+00:00
ACCE4NR3ZTDM2UZX,89000,erp:price_confirmation_sim_2026-09,2026-09-01T09:00:00+00:00
DRPEB78QBJGZTHHX,69900,erp:price_confirmation_sim_2026-09,2026-09-01T09:00:00+00:00
AFGEFJSDRYS9ETH2,362200,erp:price_confirmation_sim_2026-09,2026-09-01T09:00:00+00:00
DEOEG9GYZZAFPDPC,44700,erp:price_confirmation_sim_2026-09,2026-09-01T09:00:00+00:00
TSHE993PTQFNVXDZ,59900,erp:price_confirmation_sim_2026-09,2026-09-01T09:00:00+00:00
NKCDSCF3QD5EGFJ2,24900,erp:price_confirmation_sim_2026-09,2026-09-01T09:00:00+00:00
NKCE8P4WBZBDGYEP,49900,erp:price_confirmation_sim_2026-09,2026-09-01T09:00:00+00:00
DIAEBYZFWTGNBASF,89000,erp:price_confirmation_sim_2026-09,2026-09-01T09:00:00+00:00
DREE9ZYASPBJTFEZ,69900,erp:price_confirmation_sim_2026-09,2026-09-01T09:00:00+00:00
NKCDTAXFGBZEGGVX,39700,erp:price_confirmation_sim_2026-09,2026-09-01T09:00:00+00:00
SHOEBQ36GHBZEYHY,149000,erp:price_confirmation_sim_2026-09,2026-09-01T09:00:00+00:00
PCSE3693XHY2PC9H,141100,erp:price_confirmation_sim_2026-09,2026-09-01T09:00:00+00:00
BRAECWP8YJWXFHUH,19900,erp:price_confirmation_sim_2026-09,2026-09-01T09:00:00+00:00
SHTEDAU6ZHWERKGC,47500,erp:price_confirmation_sim_2026-09,2026-09-01T09:00:00+00:00
CRNEFPYY8KFKHBGT,69900,erp:price_confirmation_sim_2026-09,2026-09-01T09:00:00+00:00
SNDECV7CCGVPTAK4,54000,erp:price_confirmation_sim_2026-09,2026-09-01T09:00:00+00:00
DREE978EXDA4XHRY,74900,erp:price_confirmation_sim_2026-09,2026-09-01T09:00:00+00:00
GLSEEANP3Z43QAUA,225700,erp:price_confirmation_sim_2026-09,2026-09-01T09:00:00+00:00
ETHEGNMSZPZDZC6T,79900,erp:price_confirmation_sim_2026-09,2026-09-01T09:00:00+00:00
BALDMEYGWWRZ4DAC,95500,erp:price_confirmation_sim_2026-09,2026-09-01T09:00:00+00:00
NKCE9Q93HGJVPUFS,35000,erp:price_confirmation_sim_2026-09,2026-09-01T09:00:00+00:00
SHOE2PQ4TFG9X8GF,129900,erp:price_confirmation_sim_2026-09,2026-09-01T09:00:00+00:00
PBXE5ZJZJJTCZDBT,24900,erp:price_confirmation_sim_2026-09,2026-09-01T09:00:00+00:00
CAGDTN27KGFHHVHJ,34900,erp:price_confirmation_sim_2026-09,2026-09-01T09:00:00+00:00
TSHEAFE4FUYTFGEG,63000,erp:price_confirmation_sim_2026-09,2026-09-01T09:00:00+00:00
STIE7KFJPVKHZT9F,73000,erp:price_confirmation_sim_2026-09,2026-09-01T09:00:00+00:00
RNGE7M92TD8CMXXF,2181200,erp:price_confirmation_sim_2026-09,2026-09-01T09:00:00+00:00
TSHE993QZARBQPZN,44900,erp:price_confirmation_sim_2026-09,2026-09-01T09:00:00+00:00
MNGEJPR8S6FCYBTG,29900,erp:price_confirmation_sim_2026-09,2026-09-01T09:00:00+00:00
NKCEAPCYJZYZXDKZ,69900,erp:price_confirmation_sim_2026-09,2026-09-01T09:00:00+00:00
KLSEGT8ZP5H3XF95,29900,erp:price_confirmation_sim_2026-09,2026-09-01T09:00:00+00:00
KTAEGX2XSZU5ZBCG,159900,erp:price_confirmation_sim_2026-09,2026-09-01T09:00:00+00:00
BBAE5XHN7VHZGDEG,96000,erp:price_confirmation_sim_2026-09,2026-09-01T09:00:00+00:00
SWDEFYSMVAF3RY8Y,123400,erp:price_confirmation_sim_2026-09,2026-09-01T09:00:00+00:00
VSKEGCZEGAUNNNWR,29900,erp:price_confirmation_sim_2026-09,2026-09-01T09:00:00+00:00
OTAEHTCEMXR3FVVF,20000,erp:price_confirmation_sim_2026-09,2026-09-01T09:00:00+00:00
ACCDY6GYCSJ2UTHY,169900,erp:price_confirmation_sim_2026-09,2026-09-01T09:00:00+00:00
BRAEDUXKYEZXQAXS,22900,erp:price_confirmation_sim_2026-09,2026-09-01T09:00:00+00:00
ACCE6P3A5JC6BDHZ,64900,erp:price_confirmation_sim_2026-09,2026-09-01T09:00:00+00:00
RNGEC8PNVNJQHWNM,2885300,erp:price_confirmation_sim_2026-09,2026-09-01T09:00:00+00:00
WATEHZZSSCU4YXYG,19900,erp:price_confirmation_sim_2026-09,2026-09-01T09:00:00+00:00
WATDGDHYCPR2PPSK,64900,erp:price_confirmation_sim_2026-09,2026-09-01T09:00:00+00:00
DREDZNRZY9MRHGYB,69900,erp:price_confirmation_sim_2026-09,2026-09-01T09:00:00+00:00
JEAEJYRG92HHHQWF,139900,erp:price_confirmation_sim_2026-09,2026-09-01T09:00:00+00:00
JEAE7MP33MGCTPHK,279900,erp:price_confirmation_sim_2026-09,2026-09-01T09:00:00+00:00
PBXECUFGDMEZWMYB,69900,erp:price_confirmation_sim_2026-09,2026-09-01T09:00:00+00:00
RTRE3Y3YZMGCE3AB,300000,erp:price_confirmation_sim_2026-09,2026-09-01T09:00:00+00:00
BBAE6KJ72TSF3JNZ,129000,erp:price_confirmation_sim_2026-09,2026-09-01T09:00:00+00:00
ACBECFGTGFXBKKYH,75600,erp:price_confirmation_sim_2026-09,2026-09-01T09:00:00+00:00
NKCDXH8TSVZPDYNH,24000,erp:price_confirmation_sim_2026-09,2026-09-01T09:00:00+00:00
SGLEGBV7VGZM7BFR,49900,erp:price_confirmation_sim_2026-09,2026-09-01T09:00:00+00:00
ACCE9Z5RZGZGFTXD,59900,erp:price_confirmation_sim_2026-09,2026-09-01T09:00:00+00:00
BTWE9ZPVHHBSREJR,20000,erp:price_confirmation_sim_2026-09,2026-09-01T09:00:00+00:00
ACCED9SFDA6ZQD2J,127600,erp:price_confirmation_sim_2026-09,2026-09-01T09:00:00+00:00
PBXEAT5Y5YSQVE2D,34900,erp:price_confirmation_sim_2026-09,2026-09-01T09:00:00+00:00
ACCEGAMFBVNMRFAU,29900,erp:price_confirmation_sim_2026-09,2026-09-01T09:00:00+00:00
ACCEJQ2SFHSRVK35,29900,erp:price_confirmation_sim_2026-09,2026-09-01T09:00:00+00:00
RNGE82XZSUTZS7F6,3099900,erp:price_confirmation_sim_2026-09,2026-09-01T09:00:00+00:00
SNDEFGEAF4GRHHX8,98800,erp:price_confirmation_sim_2026-09,2026-09-01T09:00:00+00:00
ACBEAGHHRM5FWHXB,71900,erp:price_confirmation_sim_2026-09,2026-09-01T09:00:00+00:00
TOPEEEPVFEVFP99H,69900,erp:price_confirmation_sim_2026-09,2026-09-01T09:00:00+00:00
SHOECV2JYGNRGXBZ,160100,erp:price_confirmation_sim_2026-09,2026-09-01T09:00:00+00:00
SHIEB468NVUG5HMP,39900,erp:price_confirmation_sim_2026-09,2026-09-01T09:00:00+00:00
DREEAXE3W4GCYENW,79700,erp:price_confirmation_sim_2026-09,2026-09-01T09:00:00+00:00
NKCE5UY9F9G7GPE4,29900,erp:price_confirmation_sim_2026-09,2026-09-01T09:00:00+00:00
WATDJTR9HKKRXKTJ,59500,erp:price_confirmation_sim_2026-09,2026-09-01T09:00:00+00:00
WATEFEYNFCM9JJER,95500,erp:price_confirmation_sim_2026-09,2026-09-01T09:00:00+00:00
WCKE26PFQHKXRHZS,74900,erp:price_confirmation_sim_2026-09,2026-09-01T09:00:00+00:00
BRAECGQ4YCUZ7HSW,39900,erp:price_confirmation_sim_2026-09,2026-09-01T09:00:00+00:00
ACBEHFPXNE8ZUSKK,119900,erp:price_confirmation_sim_2026-09,2026-09-01T09:00:00+00:00
BRAEA2E7XHZHG2AG,59900,erp:price_confirmation_sim_2026-09,2026-09-01T09:00:00+00:00
SHIEC8ATXGYEJ4GD,659900,erp:price_confirmation_sim_2026-09,2026-09-01T09:00:00+00:00
CPCEGHG364F5SC6A,74900,erp:price_confirmation_sim_2026-09,2026-09-01T09:00:00+00:00
TSHEGGCHFAHRFARC,39900,erp:price_confirmation_sim_2026-09,2026-09-01T09:00:00+00:00
TSHE2MEVTZCMCYYZ,49900,erp:price_confirmation_sim_2026-09,2026-09-01T09:00:00+00:00
SHVE58VGNPBGHKDR,69900,erp:price_confirmation_sim_2026-09,2026-09-01T09:00:00+00:00
NKCE9YX3QFMDGJQZ,28400,erp:price_confirmation_sim_2026-09,2026-09-01T09:00:00+00:00
RNGEDAPFZQMYMCEB,2850200,erp:price_confirmation_sim_2026-09,2026-09-01T09:00:00+00:00
FAFEG28UD4FC7BNY,39900,erp:price_confirmation_sim_2026-09,2026-09-01T09:00:00+00:00
RNGEDAPYZEFYKN2B,2755800,erp:price_confirmation_sim_2026-09,2026-09-01T09:00:00+00:00
SMCEJV6XGQDBMGGQ,29900,erp:price_confirmation_sim_2026-09,2026-09-01T09:00:00+00:00
SHTE7F94FNDKCBQV,39900,erp:price_confirmation_sim_2026-09,2026-09-01T09:00:00+00:00
SHOECS7FBGSEPW9G,239900,erp:price_confirmation_sim_2026-09,2026-09-01T09:00:00+00:00
TOPEG7HZXTEJMTZH,54900,erp:price_confirmation_sim_2026-09,2026-09-01T09:00:00+00:00
BRAE3TSHYYHHMDRN,11900,erp:price_confirmation_sim_2026-09,2026-09-01T09:00:00+00:00
NKCEANMPRRRUSPZE,23900,erp:price_confirmation_sim_2026-09,2026-09-01T09:00:00+00:00
SUDEGGATFPGVDHXA,19900,erp:price_confirmation_sim_2026-09,2026-09-01T09:00:00+00:00
NKCEC8AZQUFGUXGH,28900,erp:price_confirmation_sim_2026-09,2026-09-01T09:00:00+00:00
RTRD6FYY7B26SHXC,880000,erp:price_confirmation_sim_2026-09,2026-09-01T09:00:00+00:00
CAGE68FFZ2ZWZVHQ,30000,erp:price_confirmation_sim_2026-09,2026-09-01T09:00:00+00:00
SHOE6VTKJZUXHDAT,151900,erp:price_confirmation_sim_2026-09,2026-09-01T09:00:00+00:00
BDAEHFUJVKRGTS2F,35000,erp:price_confirmation_sim_2026-09,2026-09-01T09:00:00+00:00
SWTEC87HBGGCZ5HZ,99900,erp:price_confirmation_sim_2026-09,2026-09-01T09:00:00+00:00
NKCE9HF3S2HTC8FB,23500,erp:price_confirmation_sim_2026-09,2026-09-01T09:00:00+00:00
DREE9QSVADZEKNJS,79900,erp:price_confirmation_sim_2026-09,2026-09-01T09:00:00+00:00
CRTECYY4DCRARYG9,339900,erp:price_confirmation_sim_2026-09,2026-09-01T09:00:00+00:00
SNDEHW9GP5PQGYKH,44900,erp:price_confirmation_sim_2026-09,2026-09-01T09:00:00+00:00
NKCDU4RZQRXJH4JF,36000,erp:price_confirmation_sim_2026-09,2026-09-01T09:00:00+00:00
BRAE8RSAVHEWMGZA,37900,erp:price_confirmation_sim_2026-09,2026-09-01T09:00:00+00:00
TSHE9K9GKQCNY8G8,29900,erp:price_confirmation_sim_2026-09,2026-09-01T09:00:00+00:00
DREEBDE8NWZNJJZE,74900,erp:price_confirmation_sim_2026-09,2026-09-01T09:00:00+00:00
STIE7KFKQDP9JZXF,63000,erp:price_confirmation_sim_2026-09,2026-09-01T09:00:00+00:00
SRTEH2FGBDJGX8FW,37900,erp:price_confirmation_sim_2026-09,2026-09-01T09:00:00+00:00
BBAEDUWFCWY9AGUF,50000,erp:price_confirmation_sim_2026-09,2026-09-01T09:00:00+00:00
TOPE7JZU5WZZVYDT,49900,erp:price_confirmation_sim_2026-09,2026-09-01T09:00:00+00:00
TSHEE4WNPAZGNG97,49900,erp:price_confirmation_sim_2026-09,2026-09-01T09:00:00+00:00
BBAEDVR75HYNAMAP,29900,erp:price_confirmation_sim_2026-09,2026-09-01T09:00:00+00:00
SHTECGNBSAKU7EE4,49900,erp:price_confirmation_sim_2026-09,2026-09-01T09:00:00+00:00
SHOEYAYFZYJEK2TN,99900,erp:price_confirmation_sim_2026-09,2026-09-01T09:00:00+00:00
RNGEDAKBZRJKYHDJ,2194700,erp:price_confirmation_sim_2026-09,2026-09-01T09:00:00+00:00
DREE4FC46AXGNA5V,137600,erp:price_confirmation_sim_2026-09,2026-09-01T09:00:00+00:00
MUGEBJ7XKJDMNXY3,22500,erp:price_confirmation_sim_2026-09,2026-09-01T09:00:00+00:00
CAGEBTJBNDAJ5DHY,35000,erp:price_confirmation_sim_2026-09,2026-09-01T09:00:00+00:00
VASEJQS2YGQRCG5J,40000,erp:price_confirmation_sim_2026-09,2026-09-01T09:00:00+00:00
DREEG7GGPSFWQYBB,119900,erp:price_confirmation_sim_2026-09,2026-09-01T09:00:00+00:00
BBAEBEYR9ZATYRZH,49900,erp:price_confirmation_sim_2026-09,2026-09-01T09:00:00+00:00
ERGE4R887MEWYRHY,60400,erp:price_confirmation_sim_2026-09,2026-09-01T09:00:00+00:00
TOPE8DPRUWZRK9WM,69900,erp:price_confirmation_sim_2026-09,2026-09-01T09:00:00+00:00
VANEABFPKGGZTYVQ,68000,erp:price_confirmation_sim_2026-09,2026-09-01T09:00:00+00:00
SWTEE72YGRZTR9EF,99900,erp:price_confirmation_sim_2026-09,2026-09-01T09:00:00+00:00
ACCEEV5VN3XFH8CH,351200,erp:price_confirmation_sim_2026-09,2026-09-01T09:00:00+00:00
RNGEDAQ3ZF8FDFZF,3178000,erp:price_confirmation_sim_2026-09,2026-09-01T09:00:00+00:00
DREEBMB4YH8FUSHX,94900,erp:price_confirmation_sim_2026-09,2026-09-01T09:00:00+00:00
BLAEE6KTUAKAHYNP,119500,erp:price_confirmation_sim_2026-09,2026-09-01T09:00:00+00:00
ACCEJ6TEHCH7MCQ3,179900,erp:price_confirmation_sim_2026-09,2026-09-01T09:00:00+00:00
SHIEBTT2PX3XCFHU,64900,erp:price_confirmation_sim_2026-09,2026-09-01T09:00:00+00:00
SHOE68H54NZM9MG8,180000,erp:price_confirmation_sim_2026-09,2026-09-01T09:00:00+00:00
CRTECN2QSGDEJKFV,159900,erp:price_confirmation_sim_2026-09,2026-09-01T09:00:00+00:00
CBKEAHJXJQUY9EMV,50400,erp:price_confirmation_sim_2026-09,2026-09-01T09:00:00+00:00
NKCDZFFRZEEMHAFJ,37900,erp:price_confirmation_sim_2026-09,2026-09-01T09:00:00+00:00
SUDEGGB4ES3XZCKP,19900,erp:price_confirmation_sim_2026-09,2026-09-01T09:00:00+00:00
TPMEE6Z2FAWCZZSR,360000,erp:price_confirmation_sim_2026-09,2026-09-01T09:00:00+00:00
WATE26J747RNXYG7,79500,erp:price_confirmation_sim_2026-09,2026-09-01T09:00:00+00:00
ACCDXZK5MGRCNARW,25000,erp:price_confirmation_sim_2026-09,2026-09-01T09:00:00+00:00
CRTECN2QY22FBGAU,92000,erp:price_confirmation_sim_2026-09,2026-09-01T09:00:00+00:00
SHOEH7SY8PZPF9NE,49900,erp:price_confirmation_sim_2026-09,2026-09-01T09:00:00+00:00
MUGEH25ZC3HXZX9Z,19900,erp:price_confirmation_sim_2026-09,2026-09-01T09:00:00+00:00
BRAE7Y46JXZJHN47,12700,erp:price_confirmation_sim_2026-09,2026-09-01T09:00:00+00:00
DREE5TGRJWKBAURG,76000,erp:price_confirmation_sim_2026-09,2026-09-01T09:00:00+00:00
STIE7KFKQB86AJAH,72000,erp:price_confirmation_sim_2026-09,2026-09-01T09:00:00+00:00
SHOEHXFAM2NDZBHW,139900,erp:price_confirmation_sim_2026-09,2026-09-01T09:00:00+00:00
SHTEBS8Z97ECWYXJ,69500,erp:price_confirmation_sim_2026-09,2026-09-01T09:00:00+00:00
JCKEE8F6SYDX4HCY,389900,erp:price_confirmation_sim_2026-09,2026-09-01T09:00:00+00:00
TSHE993QZ4RNC5RS,44900,erp:price_confirmation_sim_2026-09,2026-09-01T09:00:00+00:00
TKSEGVXZ5GCH2TMG,99500,erp:price_confirmation_sim_2026-09,2026-09-01T09:00:00+00:00
PCSE27VV35ZGZBB3,29000,erp:price_confirmation_sim_2026-09,2026-09-01T09:00:00+00:00
DREDUA8QVGCSXWAV,83900,erp:price_confirmation_sim_2026-09,2026-09-01T09:00:00+00:00
JEAE6SRJX3Y8FHN5,259900,erp:price_confirmation_sim_2026-09,2026-09-01T09:00:00+00:00
SMTEHPZJEQWD7SH5,54300,erp:price_confirmation_sim_2026-09,2026-09-01T09:00:00+00:00
BRAE2NF6QBUFMJTU,9900,erp:price_confirmation_sim_2026-09,2026-09-01T09:00:00+00:00
AVCEJCJQGVPZ7RWD,39900,erp:price_confirmation_sim_2026-09,2026-09-01T09:00:00+00:00
SHTEB9BVQ67VUZY6,104900,erp:price_confirmation_sim_2026-09,2026-09-01T09:00:00+00:00
SHTDVC4GXFZM7WGR,49900,erp:price_confirmation_sim_2026-09,2026-09-01T09:00:00+00:00
FABEHAED9RGAMGHN,43500,erp:price_confirmation_sim_2026-09,2026-09-01T09:00:00+00:00
PYJEGR3XNRPRYJZA,149900,erp:price_confirmation_sim_2026-09,2026-09-01T09:00:00+00:00
SNDECV7CHVXFRXZR,54000,erp:price_confirmation_sim_2026-09,2026-09-01T09:00:00+00:00
RNGE8VY8UJCGNCCW,3518000,erp:price_confirmation_sim_2026-09,2026-09-01T09:00:00+00:00
TSHEHU5RTDQ9UJY5,79900,erp:price_confirmation_sim_2026-09,2026-09-01T09:00:00+00:00
NKCEBUPHCTNFDEYY,23900,erp:price_confirmation_sim_2026-09,2026-09-01T09:00:00+00:00
RNGDWKZN9DSHFHYY,883500,erp:price_confirmation_sim_2026-09,2026-09-01T09:00:00+00:00
TSHE9K9GQUKXGKXS,29900,erp:price_confirmation_sim_2026-09,2026-09-01T09:00:00+00:00
CPCEDGM4RPXJHBHG,58000,erp:price_confirmation_sim_2026-09,2026-09-01T09:00:00+00:00
ACCDWJFYSJSH6X4Q,69900,erp:price_confirmation_sim_2026-09,2026-09-01T09:00:00+00:00
FABEJKJ2UAWA3JXC,398500,erp:price_confirmation_sim_2026-09,2026-09-01T09:00:00+00:00
BBAE9YU49THX7DVY,49900,erp:price_confirmation_sim_2026-09,2026-09-01T09:00:00+00:00
VESEGHG7WGPUAAFC,39900,erp:price_confirmation_sim_2026-09,2026-09-01T09:00:00+00:00
STIE88KNVG7YETY6,99900,erp:price_confirmation_sim_2026-09,2026-09-01T09:00:00+00:00
DRPEHYHE9ZXNVZFD,49900,erp:price_confirmation_sim_2026-09,2026-09-01T09:00:00+00:00
CAGEBTGEHMQUS8NH,35000,erp:price_confirmation_sim_2026-09,2026-09-01T09:00:00+00:00
SMTEHQYZRV4SGZSJ,91300,erp:price_confirmation_sim_2026-09,2026-09-01T09:00:00+00:00
CPCE7EQZGWNZE7WS,29900,erp:price_confirmation_sim_2026-09,2026-09-01T09:00:00+00:00
NKCE4TV4CFBGWTYH,59900,erp:price_confirmation_sim_2026-09,2026-09-01T09:00:00+00:00
PTGEGUPGE9HAB84Z,872000,erp:price_confirmation_sim_2026-09,2026-09-01T09:00:00+00:00
RNGE7GVYZGVHDS2V,2444000,erp:price_confirmation_sim_2026-09,2026-09-01T09:00:00+00:00
CRNEE84JGYZZVSEW,133200,erp:price_confirmation_sim_2026-09,2026-09-01T09:00:00+00:00
NKCEBMDCUWFNR7ZC,39000,erp:price_confirmation_sim_2026-09,2026-09-01T09:00:00+00:00
SHOE8YNTDQGYYSHR,40800,erp:price_confirmation_sim_2026-09,2026-09-01T09:00:00+00:00
BBAECWQHFGRHEFAE,44900,erp:price_confirmation_sim_2026-09,2026-09-01T09:00:00+00:00
BBAE66EF9DP5PFTY,59900,erp:price_confirmation_sim_2026-09,2026-09-01T09:00:00+00:00
VLBEGZ7SQGDFUXE7,24400,erp:price_confirmation_sim_2026-09,2026-09-01T09:00:00+00:00
MUGEAGGKFYCFTBUJ,19900,erp:price_confirmation_sim_2026-09,2026-09-01T09:00:00+00:00
BRAEDUXKVAPEV9G6,29900,erp:price_confirmation_sim_2026-09,2026-09-01T09:00:00+00:00
STIE7KFGTZGZRNKA,53000,erp:price_confirmation_sim_2026-09,2026-09-01T09:00:00+00:00
TOPE5W8M8VJMZK35,64900,erp:price_confirmation_sim_2026-09,2026-09-01T09:00:00+00:00
CRNEG8D8R3D8NRYR,59900,erp:price_confirmation_sim_2026-09,2026-09-01T09:00:00+00:00
ACBEAKUFWNGHDNXZ,109900,erp:price_confirmation_sim_2026-09,2026-09-01T09:00:00+00:00
DREDVC24FEG3PFGG,65900,erp:price_confirmation_sim_2026-09,2026-09-01T09:00:00+00:00
WATEE853EXXZWFGD,61900,erp:price_confirmation_sim_2026-09,2026-09-01T09:00:00+00:00
GRKEG679TVS7CSPA,119900,erp:price_confirmation_sim_2026-09,2026-09-01T09:00:00+00:00
ACCECVMN8RYWCW7Z,29900,erp:price_confirmation_sim_2026-09,2026-09-01T09:00:00+00:00
USGEDZUWG5Y26SAZ,51900,erp:price_confirmation_sim_2026-09,2026-09-01T09:00:00+00:00
SWDEJNDYDMSRHGSZ,105000,erp:price_confirmation_sim_2026-09,2026-09-01T09:00:00+00:00
SCHE5Z57P455C5XM,10300,erp:price_confirmation_sim_2026-09,2026-09-01T09:00:00+00:00
NKCE9PFF3WZAZZXG,39900,erp:price_confirmation_sim_2026-09,2026-09-01T09:00:00+00:00
BALEGFXZGSRGJKJY,59500,erp:price_confirmation_sim_2026-09,2026-09-01T09:00:00+00:00
SHOEGEV4TDKWVMAD,25900,erp:price_confirmation_sim_2026-09,2026-09-01T09:00:00+00:00
LINEJS5FBFRF63GJ,99900,erp:price_confirmation_sim_2026-09,2026-09-01T09:00:00+00:00
NKCE3H6BGY7BF6K9,29900,erp:price_confirmation_sim_2026-09,2026-09-01T09:00:00+00:00
ACCE9Y6RPGPSZNB3,59900,erp:price_confirmation_sim_2026-09,2026-09-01T09:00:00+00:00
STIE7KFJAKSTDY9G,73000,erp:price_confirmation_sim_2026-09,2026-09-01T09:00:00+00:00
DREE9QY9NFZ2J7RD,69900,erp:price_confirmation_sim_2026-09,2026-09-01T09:00:00+00:00
SHTEFW55SDW9DECC,29900,erp:price_confirmation_sim_2026-09,2026-09-01T09:00:00+00:00
NKCEEFFZB3AFHB2K,129900,erp:price_confirmation_sim_2026-09,2026-09-01T09:00:00+00:00
BRAEATGY5FGGJAZZ,49000,erp:price_confirmation_sim_2026-09,2026-09-01T09:00:00+00:00
TSHE993QKHQB6W8V,44900,erp:price_confirmation_sim_2026-09,2026-09-01T09:00:00+00:00
NKCE5QSZ6FQSNBDF,24900,erp:price_confirmation_sim_2026-09,2026-09-01T09:00:00+00:00
BCHEF5M6ECJAHRHU,54700,erp:price_confirmation_sim_2026-09,2026-09-01T09:00:00+00:00
BRAEDQDFPNUQGUVG,19900,erp:price_confirmation_sim_2026-09,2026-09-01T09:00:00+00:00
PCSEAH5WCWFSNX4Y,75000,erp:price_confirmation_sim_2026-09,2026-09-01T09:00:00+00:00
SNDECRS4R3DV9QXU,149900,erp:price_confirmation_sim_2026-09,2026-09-01T09:00:00+00:00
WATDZNSHJHDTS9GN,89900,erp:price_confirmation_sim_2026-09,2026-09-01T09:00:00+00:00
ETHEGNMRJPGFMHVN,159600,erp:price_confirmation_sim_2026-09,2026-09-01T09:00:00+00:00
PAEEANFJ3QQSZJYV,15000,erp:price_confirmation_sim_2026-09,2026-09-01T09:00:00+00:00
NKCE5ZHWX6Z8PBFH,29900,erp:price_confirmation_sim_2026-09,2026-09-01T09:00:00+00:00
ETHEGYKNVYSYNBJF,49900,erp:price_confirmation_sim_2026-09,2026-09-01T09:00:00+00:00
NKCED6HGZQZFG7VQ,39900,erp:price_confirmation_sim_2026-09,2026-09-01T09:00:00+00:00
SHOEBG6ZGRJ9BGGN,255900,erp:price_confirmation_sim_2026-09,2026-09-01T09:00:00+00:00
CTTEH9FTNJRCRDHX,44800,erp:price_confirmation_sim_2026-09,2026-09-01T09:00:00+00:00
ACCE6DZCGNZWZJYR,64900,erp:price_confirmation_sim_2026-09,2026-09-01T09:00:00+00:00
SRTEHHXG8MUXTGPA,52900,erp:price_confirmation_sim_2026-09,2026-09-01T09:00:00+00:00
RNGE8GBYZTPDC3CS,2730000,erp:price_confirmation_sim_2026-09,2026-09-01T09:00:00+00:00
MUGEGZUGKCVTS27W,25900,erp:price_confirmation_sim_2026-09,2026-09-01T09:00:00+00:00
ACCDY6GXEZDPDUCA,169900,erp:price_confirmation_sim_2026-09,2026-09-01T09:00:00+00:00
SHTE6P4EQHBG7VWY,35600,erp:price_confirmation_sim_2026-09,2026-09-01T09:00:00+00:00
USGECNEZPYBCAWGU,59900,erp:price_confirmation_sim_2026-09,2026-09-01T09:00:00+00:00
ACCEFYBAHHZJJK6Y,70000,erp:price_confirmation_sim_2026-09,2026-09-01T09:00:00+00:00
TOPE7WAUFEYYDXKG,49900,erp:price_confirmation_sim_2026-09,2026-09-01T09:00:00+00:00
TLPEGUHZHDWZN2QD,55000,erp:price_confirmation_sim_2026-09,2026-09-01T09:00:00+00:00
TSHEBMZ9STP7ZVRP,79900,erp:price_confirmation_sim_2026-09,2026-09-01T09:00:00+00:00
CRNEE84J6RFBY57B,133200,erp:price_confirmation_sim_2026-09,2026-09-01T09:00:00+00:00
SHIE8QE6TZTDVCGZ,124000,erp:price_confirmation_sim_2026-09,2026-09-01T09:00:00+00:00
BLAEB3XANVZX7KXN,399900,erp:price_confirmation_sim_2026-09,2026-09-01T09:00:00+00:00
SHTE6F3CUWEURTKB,49900,erp:price_confirmation_sim_2026-09,2026-09-01T09:00:00+00:00
KRTEBTFVNGVVBNFY,39900,erp:price_confirmation_sim_2026-09,2026-09-01T09:00:00+00:00
NKCE6Y3M64RTXY2F,39900,erp:price_confirmation_sim_2026-09,2026-09-01T09:00:00+00:00
CAGEBTJBA4ARHRUC,35000,erp:price_confirmation_sim_2026-09,2026-09-01T09:00:00+00:00
SHOEC88MHGKHKJHQ,179500,erp:price_confirmation_sim_2026-09,2026-09-01T09:00:00+00:00
CRNEEABUMPW6BZ8C,59900,erp:price_confirmation_sim_2026-09,2026-09-01T09:00:00+00:00
TSHE5VVMUDRMHUFB,33900,erp:price_confirmation_sim_2026-09,2026-09-01T09:00:00+00:00
BOTEJRZF6THZAYNT,74900,erp:price_confirmation_sim_2026-09,2026-09-01T09:00:00+00:00
SNDE9B8FER3FJVJ7,79900,erp:price_confirmation_sim_2026-09,2026-09-01T09:00:00+00:00
SHIE93YGTRAV6XTW,69900,erp:price_confirmation_sim_2026-09,2026-09-01T09:00:00+00:00
DREECHFUUCYNCQHM,69900,erp:price_confirmation_sim_2026-09,2026-09-01T09:00:00+00:00
ERGE8E8NWQZCRSDD,84900,erp:price_confirmation_sim_2026-09,2026-09-01T09:00:00+00:00
SHOECB9GFED2RW7A,129900,erp:price_confirmation_sim_2026-09,2026-09-01T09:00:00+00:00
SHOEC89GW4YEXFHG,129500,erp:price_confirmation_sim_2026-09,2026-09-01T09:00:00+00:00
SHOEA4HAJ8FZ5HCX,99900,erp:price_confirmation_sim_2026-09,2026-09-01T09:00:00+00:00
PELEFH68CW8PKY46,219900,erp:price_confirmation_sim_2026-09,2026-09-01T09:00:00+00:00
SNDEC9REFMEKRZYT,99900,erp:price_confirmation_sim_2026-09,2026-09-01T09:00:00+00:00
ACCE7NQEW82AW6HY,29900,erp:price_confirmation_sim_2026-09,2026-09-01T09:00:00+00:00
SNDEGQ7M7EHGY3SG,89500,erp:price_confirmation_sim_2026-09,2026-09-01T09:00:00+00:00
BRAE5SRETZMB5QYH,25500,erp:price_confirmation_sim_2026-09,2026-09-01T09:00:00+00:00
RTRE3KKX6DHYNZBK,192000,erp:price_confirmation_sim_2026-09,2026-09-01T09:00:00+00:00
BLAEE3GCCPCVAMVJ,71200,erp:price_confirmation_sim_2026-09,2026-09-01T09:00:00+00:00
DREE8UGV234TMGDZ,69900,erp:price_confirmation_sim_2026-09,2026-09-01T09:00:00+00:00
KRTE5PEEG7YAGENZ,44900,erp:price_confirmation_sim_2026-09,2026-09-01T09:00:00+00:00
RNGE9HDBZBRM5ZKG,3698700,erp:price_confirmation_sim_2026-09,2026-09-01T09:00:00+00:00
TWTEHH2B5SJAKDBD,279000,erp:price_confirmation_sim_2026-09,2026-09-01T09:00:00+00:00
BBAEJNHTYYUXBAHY,149900,erp:price_confirmation_sim_2026-09,2026-09-01T09:00:00+00:00
NKCDYQ3REN9WJEAF,39000,erp:price_confirmation_sim_2026-09,2026-09-01T09:00:00+00:00
CBKEJ3ANQCWMBW57,39900,erp:price_confirmation_sim_2026-09,2026-09-01T09:00:00+00:00
PBXE8WQTZ5GA2YYQ,9900,erp:price_confirmation_sim_2026-09,2026-09-01T09:00:00+00:00
TSHE8NSBZTMPWDZH,59900,erp:price_confirmation_sim_2026-09,2026-09-01T09:00:00+00:00
NKCEBMDCG3PEZTHX,42500,erp:price_confirmation_sim_2026-09,2026-09-01T09:00:00+00:00
ACCEGUY9UY7UQTNF,44900,erp:price_confirmation_sim_2026-09,2026-09-01T09:00:00+00:00
RTRDW77Y4D3QTBUG,108000,erp:price_confirmation_sim_2026-09,2026-09-01T09:00:00+00:00
ACCDUV7ZKGJGMHKJ,169900,erp:price_confirmation_sim_2026-09,2026-09-01T09:00:00+00:00
DREDZT5WGMYXBSWY,89800,erp:price_confirmation_sim_2026-09,2026-09-01T09:00:00+00:00
DREEBQF7QMZVYNMB,99900,erp:price_confirmation_sim_2026-09,2026-09-01T09:00:00+00:00
MUGEB7J7SPWJTRDC,22500,erp:price_confirmation_sim_2026-09,2026-09-01T09:00:00+00:00
SHOEBGDFN67TZGXF,195900,erp:price_confirmation_sim_2026-09,2026-09-01T09:00:00+00:00
ACCE9YWEFM7KTXVS,59900,erp:price_confirmation_sim_2026-09,2026-09-01T09:00:00+00:00
RNGEA9ZWUESYHZWU,3204400,erp:price_confirmation_sim_2026-09,2026-09-01T09:00:00+00:00
CAGE7GUFJG7JZ3HC,26800,erp:price_confirmation_sim_2026-09,2026-09-01T09:00:00+00:00
RNGE7M92VPHQ6NJS,1548900,erp:price_confirmation_sim_2026-09,2026-09-01T09:00:00+00:00
ETHEGDRCZHGFREBW,69900,erp:price_confirmation_sim_2026-09,2026-09-01T09:00:00+00:00
NKCDUPYY3XUKW6HX,49800,erp:price_confirmation_sim_2026-09,2026-09-01T09:00:00+00:00
SHIE9GH8DZF3APB9,69900,erp:price_confirmation_sim_2026-09,2026-09-01T09:00:00+00:00
AFGEH755PDVHVVCJ,29900,erp:price_confirmation_sim_2026-09,2026-09-01T09:00:00+00:00
ACCE6SJGYJUNHPZM,54900,erp:price_confirmation_sim_2026-09,2026-09-01T09:00:00+00:00
SHOEYCF6GWHZNQZ3,179000,erp:price_confirmation_sim_2026-09,2026-09-01T09:00:00+00:00
CRTECN2QYG6SNGZE,159900,erp:price_confirmation_sim_2026-09,2026-09-01T09:00:00+00:00
WLPEJ5VGBMZKHWAZ,29900,erp:price_confirmation_sim_2026-09,2026-09-01T09:00:00+00:00
TOPECAE3JJMVYJFF,109900,erp:price_confirmation_sim_2026-09,2026-09-01T09:00:00+00:00
BRAE785SGF7FDQ2P,55000,erp:price_confirmation_sim_2026-09,2026-09-01T09:00:00+00:00
NSTEG6X5BZEGXPZ2,39900,erp:price_confirmation_sim_2026-09,2026-09-01T09:00:00+00:00
BLAEAWABSWRWCV7V,549900,erp:price_confirmation_sim_2026-09,2026-09-01T09:00:00+00:00
BRAE6FMZXSZWA2QY,29900,erp:price_confirmation_sim_2026-09,2026-09-01T09:00:00+00:00
PCSEDE6ZNWQCXWDY,50000,erp:price_confirmation_sim_2026-09,2026-09-01T09:00:00+00:00
NKCE49ATZKM7MGZA,44900,erp:price_confirmation_sim_2026-09,2026-09-01T09:00:00+00:00
RTRD8FPJEQRZ6BEM,195000,erp:price_confirmation_sim_2026-09,2026-09-01T09:00:00+00:00
WBTEEJF362PCQUAA,99900,erp:price_confirmation_sim_2026-09,2026-09-01T09:00:00+00:00
SNDECS56GGPKKSQE,74900,erp:price_confirmation_sim_2026-09,2026-09-01T09:00:00+00:00
TSHEGHHNH8AEGG7V,25500,erp:price_confirmation_sim_2026-09,2026-09-01T09:00:00+00:00
NKCE5V95CDGRTE2F,49900,erp:price_confirmation_sim_2026-09,2026-09-01T09:00:00+00:00
RNGE88FRQJ9ZENJG,3081700,erp:price_confirmation_sim_2026-09,2026-09-01T09:00:00+00:00
SNDEHZQ7YZAHAZYP,88500,erp:price_confirmation_sim_2026-09,2026-09-01T09:00:00+00:00
SHOE4RYRMHQ5NAYY,150000,erp:price_confirmation_sim_2026-09,2026-09-01T09:00:00+00:00
DREEC88PDXYHGGTC,111900,erp:price_confirmation_sim_2026-09,2026-09-01T09:00:00+00:00
TSHEGGCYZT5VYAGD,54900,erp:price_confirmation_sim_2026-09,2026-09-01T09:00:00+00:00
TSHE9YDHZDDYKACQ,59900,erp:price_confirmation_sim_2026-09,2026-09-01T09:00:00+00:00
CRTECN2QZVH3J8PV,159900,erp:price_confirmation_sim_2026-09,2026-09-01T09:00:00+00:00
USGEDSKFXUHKEGME,19900,erp:price_confirmation_sim_2026-09,2026-09-01T09:00:00+00:00
SHTE37DQJWSQ4VGH,65000,erp:price_confirmation_sim_2026-09,2026-09-01T09:00:00+00:00
WATE3FAGH3DKJSFC,139500,erp:price_confirmation_sim_2026-09,2026-09-01T09:00:00+00:00
BBAEGJFQYX2ENC4X,22500,erp:price_confirmation_sim_2026-09,2026-09-01T09:00:00+00:00
BBAE5W98UMWFFCJR,29900,erp:price_confirmation_sim_2026-09,2026-09-01T09:00:00+00:00
CSPEGWZGYJGRK4XZ,32500,erp:price_confirmation_sim_2026-09,2026-09-01T09:00:00+00:00
SHIE5C2HZK2RARWA,77500,erp:price_confirmation_sim_2026-09,2026-09-01T09:00:00+00:00
ACCDHHWFSWVWGXDY,119900,erp:price_confirmation_sim_2026-09,2026-09-01T09:00:00+00:00
RNGE9HDFY49RXJSZ,3490000,erp:price_confirmation_sim_2026-09,2026-09-01T09:00:00+00:00
RTRDZK8XZBQDJ35U,339900,erp:price_confirmation_sim_2026-09,2026-09-01T09:00:00+00:00
DREEAW2FTWYNF7UQ,60200,erp:price_confirmation_sim_2026-09,2026-09-01T09:00:00+00:00
NKCEAZ6FXQFHJH2Z,29900,erp:price_confirmation_sim_2026-09,2026-09-01T09:00:00+00:00
BRAE74BRNMBXXFHD,16900,erp:price_confirmation_sim_2026-09,2026-09-01T09:00:00+00:00
ACCDNSFXZHAFM2Z4,122500,erp:price_confirmation_sim_2026-09,2026-09-01T09:00:00+00:00
SHTE43Q9CZDQTNMP,161600,erp:price_confirmation_sim_2026-09,2026-09-01T09:00:00+00:00
NKCEC8ASYCY89ATW,42800,erp:price_confirmation_sim_2026-09,2026-09-01T09:00:00+00:00
BZREHKG23PKHXCNC,377500,erp:price_confirmation_sim_2026-09,2026-09-01T09:00:00+00:00
CRTECN2QYC2EM7ZR,92000,erp:price_confirmation_sim_2026-09,2026-09-01T09:00:00+00:00
BKPED5CV3NZFYFYW,64500,erp:price_confirmation_sim_2026-09,2026-09-01T09:00:00+00:00
SNDEBKWJFZPFH8ZG,49900,erp:price_confirmation_sim_2026-09,2026-09-01T09:00:00+00:00
TOPE593EQJA4WW4Z,39900,erp:price_confirmation_sim_2026-09,2026-09-01T09:00:00+00:00
SHIE7BZ9XWCHEYPG,509900,erp:price_confirmation_sim_2026-09,2026-09-01T09:00:00+00:00
CDBEBRCY4WGWRTBH,44900,erp:price_confirmation_sim_2026-09,2026-09-01T09:00:00+00:00
SHTE63XZJFHSSEQA,49900,erp:price_confirmation_sim_2026-09,2026-09-01T09:00:00+00:00
ACCE73VFWU9JYKEF,14500,erp:price_confirmation_sim_2026-09,2026-09-01T09:00:00+00:00
MUGEB7J7SENGQCZK,22500,erp:price_confirmation_sim_2026-09,2026-09-01T09:00:00+00:00
NKCEASN6ED2AZSGJ,38900,erp:price_confirmation_sim_2026-09,2026-09-01T09:00:00+00:00
CPBEF7N4YFPB9EEQ,19900,erp:price_confirmation_sim_2026-09,2026-09-01T09:00:00+00:00
CBKEAHJXW4AFN4G7,92900,erp:price_confirmation_sim_2026-09,2026-09-01T09:00:00+00:00
BRAE7SQFKFNVCTB9,29900,erp:price_confirmation_sim_2026-09,2026-09-01T09:00:00+00:00
DSUEAC6SFWFUDRPB,549900,erp:price_confirmation_sim_2026-09,2026-09-01T09:00:00+00:00
TOPEHHSZZTPRT8C8,44900,erp:price_confirmation_sim_2026-09,2026-09-01T09:00:00+00:00
SHIE7VFYJHKGMXUR,134800,erp:price_confirmation_sim_2026-09,2026-09-01T09:00:00+00:00
JWSEBZN9X49CPUFH,69900,erp:price_confirmation_sim_2026-09,2026-09-01T09:00:00+00:00
SNDE9TK26RTFHUXH,29900,erp:price_confirmation_sim_2026-09,2026-09-01T09:00:00+00:00
TOPE5FA7KRE3UKFR,31900,erp:price_confirmation_sim_2026-09,2026-09-01T09:00:00+00:00
PCSEE4H5JMQQK2N5,59900,erp:price_confirmation_sim_2026-09,2026-09-01T09:00:00+00:00
BRAECFKHXZ5TNW4N,34900,erp:price_confirmation_sim_2026-09,2026-09-01T09:00:00+00:00
USGEDSGQ9W2FYVYT,9800,erp:price_confirmation_sim_2026-09,2026-09-01T09:00:00+00:00
NKCE5H4XW2PH6KFH,11900,erp:price_confirmation_sim_2026-09,2026-09-01T09:00:00+00:00
VESEGHG7JH79NGZX,39900,erp:price_confirmation_sim_2026-09,2026-09-01T09:00:00+00:00
LJGE9YJHTJZCQ5VP,78800,erp:price_confirmation_sim_2026-09,2026-09-01T09:00:00+00:00
TSHE94UKGAFFG8AH,27200,erp:price_confirmation_sim_2026-09,2026-09-01T09:00:00+00:00
BBAEEYH6STZFQWVH,90000,erp:price_confirmation_sim_2026-09,2026-09-01T09:00:00+00:00
PELEG5D47TPA27QZ,184900,erp:price_confirmation_sim_2026-09,2026-09-01T09:00:00+00:00
MUGE9WYRNFEG66S2,19900,erp:price_confirmation_sim_2026-09,2026-09-01T09:00:00+00:00
MUGEAGGKSGCWPFTG,19900,erp:price_confirmation_sim_2026-09,2026-09-01T09:00:00+00:00
TSHE8KHYFHKXHRXX,29900,erp:price_confirmation_sim_2026-09,2026-09-01T09:00:00+00:00
PBXEBHJDU6WMEJYT,44900,erp:price_confirmation_sim_2026-09,2026-09-01T09:00:00+00:00
BRAE6ZCHAHQE5HD9,9400,erp:price_confirmation_sim_2026-09,2026-09-01T09:00:00+00:00
DREEJ3V5R9GQJNSY,159800,erp:price_confirmation_sim_2026-09,2026-09-01T09:00:00+00:00
VANEB97USJ7GYHTF,52200,erp:price_confirmation_sim_2026-09,2026-09-01T09:00:00+00:00
JEAEHYZMPCBH3HCZ,59900,erp:price_confirmation_sim_2026-09,2026-09-01T09:00:00+00:00
BLREFZGNFDU3KFPH,39800,erp:price_confirmation_sim_2026-09,2026-09-01T09:00:00+00:00
NKCEDCT9R2VQYZJS,39900,erp:price_confirmation_sim_2026-09,2026-09-01T09:00:00+00:00
NKCDYYQWT2ZZUYZD,37500,erp:price_confirmation_sim_2026-09,2026-09-01T09:00:00+00:00
BRAE5F3KHPGUMPCW,19900,erp:price_confirmation_sim_2026-09,2026-09-01T09:00:00+00:00
AFGEFM63KZJ577GG,350300,erp:price_confirmation_sim_2026-09,2026-09-01T09:00:00+00:00
SHIEAF2JJFSBXFMH,52000,erp:price_confirmation_sim_2026-09,2026-09-01T09:00:00+00:00
WCKEGGN2J66F3KAF,179900,erp:price_confirmation_sim_2026-09,2026-09-01T09:00:00+00:00
MBDEFP93WQJBKTRY,679900,erp:price_confirmation_sim_2026-09,2026-09-01T09:00:00+00:00
SHIEYZF6HGDHE8NQ,99900,erp:price_confirmation_sim_2026-09,2026-09-01T09:00:00+00:00
TUNE5Y75EKJKWVRM,89900,erp:price_confirmation_sim_2026-09,2026-09-01T09:00:00+00:00
SHIEBZB44JP2JZNG,420000,erp:price_confirmation_sim_2026-09,2026-09-01T09:00:00+00:00
CKWE8PY7AHZXK7FZ,126100,erp:price_confirmation_sim_2026-09,2026-09-01T09:00:00+00:00
PBXED6AV4G8BYGNF,53000,erp:price_confirmation_sim_2026-09,2026-09-01T09:00:00+00:00
SNDDXFF3ZYGKRCYK,169000,erp:price_confirmation_sim_2026-09,2026-09-01T09:00:00+00:00
JEAEHA49Q7GUXNW3,97400,erp:price_confirmation_sim_2026-09,2026-09-01T09:00:00+00:00
TOPE8FH7HKPMMEZK,57900,erp:price_confirmation_sim_2026-09,2026-09-01T09:00:00+00:00
CAGEYFZWNWG6SMHG,29500,erp:price_confirmation_sim_2026-09,2026-09-01T09:00:00+00:00
SHOEAP3QYFUR6QQB,49900,erp:price_confirmation_sim_2026-09,2026-09-01T09:00:00+00:00
DREEC88GXMHEQMRN,97900,erp:price_confirmation_sim_2026-09,2026-09-01T09:00:00+00:00
BRAE2NF6YG24FGDW,9900,erp:price_confirmation_sim_2026-09,2026-09-01T09:00:00+00:00
TSHE4S257WYDXMMX,40000,erp:price_confirmation_sim_2026-09,2026-09-01T09:00:00+00:00
CAGE5HPCQHDXS9XR,40000,erp:price_confirmation_sim_2026-09,2026-09-01T09:00:00+00:00
NSTECQBQFGMTK9TE,45500,erp:price_confirmation_sim_2026-09,2026-09-01T09:00:00+00:00
NKCECGT3EZHNNRAT,34900,erp:price_confirmation_sim_2026-09,2026-09-01T09:00:00+00:00
PCSE4FKCGZNGNHFN,44400,erp:price_confirmation_sim_2026-09,2026-09-01T09:00:00+00:00
BRAEAR7WUYD3CZAT,27000,erp:price_confirmation_sim_2026-09,2026-09-01T09:00:00+00:00
SNDEAN42DDAZKQEN,95600,erp:price_confirmation_sim_2026-09,2026-09-01T09:00:00+00:00
PBXEDDEFTWAW3HCU,55000,erp:price_confirmation_sim_2026-09,2026-09-01T09:00:00+00:00
NKCE3Y5PSKAJSBPY,37800,erp:price_confirmation_sim_2026-09,2026-09-01T09:00:00+00:00
ACCEH5SDB7WJKN3F,79000,erp:price_confirmation_sim_2026-09,2026-09-01T09:00:00+00:00
TOPEC8AR9XBZHQGH,29900,erp:price_confirmation_sim_2026-09,2026-09-01T09:00:00+00:00
KRTEDE5JSEMGBTYJ,49900,erp:price_confirmation_sim_2026-09,2026-09-01T09:00:00+00:00
CPCE2ZME2P7BMJFB,29900,erp:price_confirmation_sim_2026-09,2026-09-01T09:00:00+00:00
NDNEGGFNYQKXNSGZ,72500,erp:price_confirmation_sim_2026-09,2026-09-01T09:00:00+00:00
SNDEGQ7HHJBEQXAM,149900,erp:price_confirmation_sim_2026-09,2026-09-01T09:00:00+00:00
SHOEJMKJJAPQBCNY,34900,erp:price_confirmation_sim_2026-09,2026-09-01T09:00:00+00:00
TUNE8XCD5NGNPDYJ,141900,erp:price_confirmation_sim_2026-09,2026-09-01T09:00:00+00:00
PTPEAPCXUNAJKUHZ,42300,erp:price_confirmation_sim_2026-09,2026-09-01T09:00:00+00:00
TSHEDF3JFJHZF7X2,89900,erp:price_confirmation_sim_2026-09,2026-09-01T09:00:00+00:00
TOPEA6CKSH7G8GHE,39900,erp:price_confirmation_sim_2026-09,2026-09-01T09:00:00+00:00
NKCEAWAHSKMZKCAG,39900,erp:price_confirmation_sim_2026-09,2026-09-01T09:00:00+00:00
MATEHFNMZVV9HYUV,38400,erp:price_confirmation_sim_2026-09,2026-09-01T09:00:00+00:00
MUGE8VY8HZAM3ZRK,25000,erp:price_confirmation_sim_2026-09,2026-09-01T09:00:00+00:00
PBXE829GJ3ESYYMQ,9900,erp:price_confirmation_sim_2026-09,2026-09-01T09:00:00+00:00
ACCEGP52WRHFURYZ,24900,erp:price_confirmation_sim_2026-09,2026-09-01T09:00:00+00:00
SHIECMYEYQSZ7RJJ,59900,erp:price_confirmation_sim_2026-09,2026-09-01T09:00:00+00:00
NKCEGMVCHERZZQMW,169000,erp:price_confirmation_sim_2026-09,2026-09-01T09:00:00+00:00
PTLEH3D3VTGUCQBK,59900,erp:price_confirmation_sim_2026-09,2026-09-01T09:00:00+00:00
MUGEAYHP2YTXUDBB,17500,erp:price_confirmation_sim_2026-09,2026-09-01T09:00:00+00:00
FAFEG3ZDZEGF3XVR,48500,erp:price_confirmation_sim_2026-09,2026-09-01T09:00:00+00:00
NKCE6SR49QBZZHMP,36900,erp:price_confirmation_sim_2026-09,2026-09-01T09:00:00+00:00
FRAEGC94M7MZUU2G,44900,erp:price_confirmation_sim_2026-09,2026-09-01T09:00:00+00:00
ERGEYTTPYVDBXKQK,189900,erp:price_confirmation_sim_2026-09,2026-09-01T09:00:00+00:00
SHIE3FHYRRQGFFXN,890000,erp:price_confirmation_sim_2026-09,2026-09-01T09:00:00+00:00
TSHECXA5UGE8GKJA,39900,erp:price_confirmation_sim_2026-09,2026-09-01T09:00:00+00:00
SHOE7FC8SKGXN3YZ,174100,erp:price_confirmation_sim_2026-09,2026-09-01T09:00:00+00:00
TSHE967UGZGM5GUB,29900,erp:price_confirmation_sim_2026-09,2026-09-01T09:00:00+00:00
TOPECJFAHFF9PB94,71000,erp:price_confirmation_sim_2026-09,2026-09-01T09:00:00+00:00
MUGEACY8NCCXXWJZ,19900,erp:price_confirmation_sim_2026-09,2026-09-01T09:00:00+00:00
BBAEDVQE5QNN37ZT,24900,erp:price_confirmation_sim_2026-09,2026-09-01T09:00:00+00:00
NKCEB98TFGDFKT9G,23900,erp:price_confirmation_sim_2026-09,2026-09-01T09:00:00+00:00
PBXE4Q7YW6GNMRTE,4100,erp:price_confirmation_sim_2026-09,2026-09-01T09:00:00+00:00
SHTEGXV5HJXKTCHQ,99900,erp:price_confirmation_sim_2026-09,2026-09-01T09:00:00+00:00
ACCDZMAZ8XHR482E,149900,erp:price_confirmation_sim_2026-09,2026-09-01T09:00:00+00:00
MUGEAGGKTJMC9FZB,19900,erp:price_confirmation_sim_2026-09,2026-09-01T09:00:00+00:00
SHTEDCZWTUGKACUH,74900,erp:price_confirmation_sim_2026-09,2026-09-01T09:00:00+00:00
SHOEEPF8KWHTJ9A7,48900,erp:price_confirmation_sim_2026-09,2026-09-01T09:00:00+00:00
BLAEE9CRQZKT2HQ2,139900,erp:price_confirmation_sim_2026-09,2026-09-01T09:00:00+00:00
PBXED6C4RXFZXDFY,10500,erp:price_confirmation_sim_2026-09,2026-09-01T09:00:00+00:00
DREEFG6HR8AV8H96,99900,erp:price_confirmation_sim_2026-09,2026-09-01T09:00:00+00:00
TSHE75PWXGWGHTYH,83900,erp:price_confirmation_sim_2026-09,2026-09-01T09:00:00+00:00
RNGE7GVYWNFXZFZ7,2789300,erp:price_confirmation_sim_2026-09,2026-09-01T09:00:00+00:00
PCSE4VAVGZGPZGF2,339900,erp:price_confirmation_sim_2026-09,2026-09-01T09:00:00+00:00
SHTEJT4DCZAKK3YW,34900,erp:price_confirmation_sim_2026-09,2026-09-01T09:00:00+00:00
TBREJS7B3SHHS33Y,36900,erp:price_confirmation_sim_2026-09,2026-09-01T09:00:00+00:00
CAGE6HYJ89ZQMNFR,33500,erp:price_confirmation_sim_2026-09,2026-09-01T09:00:00+00:00
CRTECN2QYXNQ52NN,138000,erp:price_confirmation_sim_2026-09,2026-09-01T09:00:00+00:00
NKCEGZZGGGDCERGH,149900,erp:price_confirmation_sim_2026-09,2026-09-01T09:00:00+00:00
SHOEDNVZFZZ9ZK92,159900,erp:price_confirmation_sim_2026-09,2026-09-01T09:00:00+00:00
PCSEAH5WCDGS8YCZ,99900,erp:price_confirmation_sim_2026-09,2026-09-01T09:00:00+00:00
VHREBBHBCFFWVCTR,34900,erp:price_confirmation_sim_2026-09,2026-09-01T09:00:00+00:00
USGEE3GGQGMPFM8E,19500,erp:price_confirmation_sim_2026-09,2026-09-01T09:00:00+00:00
BRAE8QNFJPKUJVJM,29900,erp:price_confirmation_sim_2026-09,2026-09-01T09:00:00+00:00
TSHE66CGXKU2BF7C,29900,erp:price_confirmation_sim_2026-09,2026-09-01T09:00:00+00:00
ACCEE4VZYMVGUFNH,199900,erp:price_confirmation_sim_2026-09,2026-09-01T09:00:00+00:00
STIE8YSWR2TBAGDY,99900,erp:price_confirmation_sim_2026-09,2026-09-01T09:00:00+00:00
CAGDRJJ3HUNXZPND,36000,erp:price_confirmation_sim_2026-09,2026-09-01T09:00:00+00:00
PEBEDMZDZYVYZHFQ,124900,erp:price_confirmation_sim_2026-09,2026-09-01T09:00:00+00:00
RNGEYCJTKYZWR4GK,3340500,erp:price_confirmation_sim_2026-09,2026-09-01T09:00:00+00:00
BBAE2YBX9HNXXRV4,52800,erp:price_confirmation_sim_2026-09,2026-09-01T09:00:00+00:00
WATE8H957FY57WCH,55000,erp:price_confirmation_sim_2026-09,2026-09-01T09:00:00+00:00
TSHEA527ZPQQQMTZ,49900,erp:price_confirmation_sim_2026-09,2026-09-01T09:00:00+00:00
NKCE25R8XM3B6Y96,41600,erp:price_confirmation_sim_2026-09,2026-09-01T09:00:00+00:00
NKCE87C3JQKHQ34N,48600,erp:price_confirmation_sim_2026-09,2026-09-01T09:00:00+00:00
NKCE64Z4PHQRV7UG,49500,erp:price_confirmation_sim_2026-09,2026-09-01T09:00:00+00:00
PCSE4SFFFEAJQ4QC,75000,erp:price_confirmation_sim_2026-09,2026-09-01T09:00:00+00:00
SHOECW3RYSYWGZBH,159900,erp:price_confirmation_sim_2026-09,2026-09-01T09:00:00+00:00
PBXEBHJDYTYCFFNB,42500,erp:price_confirmation_sim_2026-09,2026-09-01T09:00:00+00:00
NKCEC8AZHBUEHH6Y,26900,erp:price_confirmation_sim_2026-09,2026-09-01T09:00:00+00:00
RNGEYRXFZYKVWFGX,3255000,erp:price_confirmation_sim_2026-09,2026-09-01T09:00:00+00:00
TOPEDFFJMUYZFYW3,149700,erp:price_confirmation_sim_2026-09,2026-09-01T09:00:00+00:00
NKCE2F5HXGKRMKYZ,9900,erp:price_confirmation_sim_2026-09,2026-09-01T09:00:00+00:00
ACCE9Y6QSTDPGGSD,59900,erp:price_confirmation_sim_2026-09,2026-09-01T09:00:00+00:00
VAREGHJHEWTEXDVW,129800,erp:price_confirmation_sim_2026-09,2026-09-01T09:00:00+00:00
RNGDQ5GGSFNHNANZ,2698400,erp:price_confirmation_sim_2026-09,2026-09-01T09:00:00+00:00
SRTEAHH2HK7NQS98,29900,erp:price_confirmation_sim_2026-09,2026-09-01T09:00:00+00:00
BRAE86C6TR2DCC7C,29900,erp:price_confirmation_sim_2026-09,2026-09-01T09:00:00+00:00
TLPEGUHPCCY9XYMQ,65000,erp:price_confirmation_sim_2026-09,2026-09-01T09:00:00+00:00
TOPEBRC6ZHWGYHFD,59300,erp:price_confirmation_sim_2026-09,2026-09-01T09:00:00+00:00
BTWECFNXKR9RN2UE,26900,erp:price_confirmation_sim_2026-09,2026-09-01T09:00:00+00:00
SHTDXUZWDBXHW9WE,44900,erp:price_confirmation_sim_2026-09,2026-09-01T09:00:00+00:00
RTRDYKU6F2GVR3CR,555500,erp:price_confirmation_sim_2026-09,2026-09-01T09:00:00+00:00
SFFEHW2MKEGWVDEV,24900,erp:price_confirmation_sim_2026-09,2026-09-01T09:00:00+00:00
BRAEBGGVYKJZAZYV,39900,erp:price_confirmation_sim_2026-09,2026-09-01T09:00:00+00:00
ACCE9Y6MAQHSJ9ZZ,59900,erp:price_confirmation_sim_2026-09,2026-09-01T09:00:00+00:00
TROEJF3VVVJHAGBJ,49500,erp:price_confirmation_sim_2026-09,2026-09-01T09:00:00+00:00
RNGEH3EUZSMGYMU2,47500,erp:price_confirmation_sim_2026-09,2026-09-01T09:00:00+00:00
DREE6TGFWYMBAJMF,77900,erp:price_confirmation_sim_2026-09,2026-09-01T09:00:00+00:00
NKCDTAXFEWQVP9HE,41500,erp:price_confirmation_sim_2026-09,2026-09-01T09:00:00+00:00
PANEGYWYNG3DTDCZ,29900,erp:price_confirmation_sim_2026-09,2026-09-01T09:00:00+00:00
INSDZKFYUEHRDXJH,52500,erp:price_confirmation_sim_2026-09,2026-09-01T09:00:00+00:00
BKPEFKJYGPRQWMZ7,57500,erp:price_confirmation_sim_2026-09,2026-09-01T09:00:00+00:00
BALEYMGAD5F63Z6P,62300,erp:price_confirmation_sim_2026-09,2026-09-01T09:00:00+00:00
TROEH8YNHZKBZJVB,59900,erp:price_confirmation_sim_2026-09,2026-09-01T09:00:00+00:00
FABEGC2G3CVZUT5Y,43400,erp:price_confirmation_sim_2026-09,2026-09-01T09:00:00+00:00
BBAEDNAEHBHXU3FR,129900,erp:price_confirmation_sim_2026-09,2026-09-01T09:00:00+00:00
BBAEDQFTZSXGJZXE,69900,erp:price_confirmation_sim_2026-09,2026-09-01T09:00:00+00:00
MUGEAGGKKZ7ADH6X,19900,erp:price_confirmation_sim_2026-09,2026-09-01T09:00:00+00:00
RTRE7DBH3ZDKADUS,170500,erp:price_confirmation_sim_2026-09,2026-09-01T09:00:00+00:00
PANEHYNVHFCXGGMB,48500,erp:price_confirmation_sim_2026-09,2026-09-01T09:00:00+00:00
BRAE7FNDZG77GEZH,33900,erp:price_confirmation_sim_2026-09,2026-09-01T09:00:00+00:00
ACCE4HJZJYY9TWVF,71200,erp:price_confirmation_sim_2026-09,2026-09-01T09:00:00+00:00
BDSEJTHGGZH3HSJF,69800,erp:price_confirmation_sim_2026-09,2026-09-01T09:00:00+00:00
PCSEAKVBRR8TKKZG,47500,erp:price_confirmation_sim_2026-09,2026-09-01T09:00:00+00:00
CRTECN2QZMHUEG89,159900,erp:price_confirmation_sim_2026-09,2026-09-01T09:00:00+00:00
RNGEAM4NQRDT26B7,1569900,erp:price_confirmation_sim_2026-09,2026-09-01T09:00:00+00:00
KRTEC89NQNYTJC9S,49600,erp:price_confirmation_sim_2026-09,2026-09-01T09:00:00+00:00
BAGEH2A4GHTVQYX5,159900,erp:price_confirmation_sim_2026-09,2026-09-01T09:00:00+00:00
RTRDNGVMSXKSREUJ,360000,erp:price_confirmation_sim_2026-09,2026-09-01T09:00:00+00:00
FABE7D5ZH3MPNEQV,32900,erp:price_confirmation_sim_2026-09,2026-09-01T09:00:00+00:00
CRTECN2QXBKG9MZF,159900,erp:price_confirmation_sim_2026-09,2026-09-01T09:00:00+00:00
SHTEEEWGPKP9FGA3,59900,erp:price_confirmation_sim_2026-09,2026-09-01T09:00:00+00:00
BRAEDQEDZ5HPXCY8,28900,erp:price_confirmation_sim_2026-09,2026-09-01T09:00:00+00:00
HRCEGVZ9GNYJNREX,329500,erp:price_confirmation_sim_2026-09,2026-09-01T09:00:00+00:00
KRTECH8XA8YFA5TP,57900,erp:price_confirmation_sim_2026-09,2026-09-01T09:00:00+00:00
ACCEKFVX9RJR743C,24900,erp:price_confirmation_sim_2026-09,2026-09-01T09:00:00+00:00
BRAEA8YRRGJJWVHB,41000,erp:price_confirmation_sim_2026-09,2026-09-01T09:00:00+00:00
PANEGYWYVSTHAZQE,19900,erp:price_confirmation_sim_2026-09,2026-09-01T09:00:00+00:00
ACCE9DJKRYYFFZHU,168500,erp:price_confirmation_sim_2026-09,2026-09-01T09:00:00+00:00
CPCED7MFHVGEX4NT,39000,erp:price_confirmation_sim_2026-09,2026-09-01T09:00:00+00:00
SNDEC87JCXXKG9HJ,49900,erp:price_confirmation_sim_2026-09,2026-09-01T09:00:00+00:00
BTWDZHJG9GYG646G,54500,erp:price_confirmation_sim_2026-09,2026-09-01T09:00:00+00:00
NKCECKHZHQ8HGQXD,49900,erp:price_confirmation_sim_2026-09,2026-09-01T09:00:00+00:00
TKPEJNSQMHREJYRD,109900,erp:price_confirmation_sim_2026-09,2026-09-01T09:00:00+00:00
AFGEH6YAGHPJATZB,29900,erp:price_confirmation_sim_2026-09,2026-09-01T09:00:00+00:00
RTREY7SCBFRRC9Z3,255900,erp:price_confirmation_sim_2026-09,2026-09-01T09:00:00+00:00
SKIE9MT6ZYHHSGW8,54900,erp:price_confirmation_sim_2026-09,2026-09-01T09:00:00+00:00
CAGEBTGEFEJMCGFF,35000,erp:price_confirmation_sim_2026-09,2026-09-01T09:00:00+00:00
PBXEAEN4R6HUGZJV,27500,erp:price_confirmation_sim_2026-09,2026-09-01T09:00:00+00:00
SHTE8YUNZZ2Q26HX,49900,erp:price_confirmation_sim_2026-09,2026-09-01T09:00:00+00:00
FABE8W55CVM5GCX7,46200,erp:price_confirmation_sim_2026-09,2026-09-01T09:00:00+00:00
RNGEBWZUTZFZHBWN,1022700,erp:price_confirmation_sim_2026-09,2026-09-01T09:00:00+00:00
CAGE22EETSQPZKZA,19900,erp:price_confirmation_sim_2026-09,2026-09-01T09:00:00+00:00
WATE69MYDNGXMHYU,38900,erp:price_confirmation_sim_2026-09,2026-09-01T09:00:00+00:00
ACCE9Z5VAYCHTNUU,59900,erp:price_confirmation_sim_2026-09,2026-09-01T09:00:00+00:00
ACCDUV7ZQJRDRS8G,149900,erp:price_confirmation_sim_2026-09,2026-09-01T09:00:00+00:00
BRAE825JNJFFJYSU,29900,erp:price_confirmation_sim_2026-09,2026-09-01T09:00:00+00:00
TSHE5W6UDHYGYUWJ,49900,erp:price_confirmation_sim_2026-09,2026-09-01T09:00:00+00:00
NKCE5PP5BKPGUKJX,14900,erp:price_confirmation_sim_2026-09,2026-09-01T09:00:00+00:00
NKCEFXYQ3DCCYFFW,24900,erp:price_confirmation_sim_2026-09,2026-09-01T09:00:00+00:00
LTNEHQSP8TGD3ZBG,51500,erp:price_confirmation_sim_2026-09,2026-09-01T09:00:00+00:00
SHIECH3WTZ9GH3RU,49900,erp:price_confirmation_sim_2026-09,2026-09-01T09:00:00+00:00
RNGE7M92AC8CFMM8,2350300,erp:price_confirmation_sim_2026-09,2026-09-01T09:00:00+00:00
BBAE7F9BYJ5U8QUE,44900,erp:price_confirmation_sim_2026-09,2026-09-01T09:00:00+00:00
JUMEGAGVVND97V6U,71900,erp:price_confirmation_sim_2026-09,2026-09-01T09:00:00+00:00
SKIECRUMAX5GBSCB,38500,erp:price_confirmation_sim_2026-09,2026-09-01T09:00:00+00:00
RNGE7GVYBVQTKEZY,2986200,erp:price_confirmation_sim_2026-09,2026-09-01T09:00:00+00:00
ACBEA449EDYHB9ZA,47900,erp:price_confirmation_sim_2026-09,2026-09-01T09:00:00+00:00
SUSEE6Y3NMPS9GRR,25800,erp:price_confirmation_sim_2026-09,2026-09-01T09:00:00+00:00
RTRE3F95FDUDKB8Z,132500,erp:price_confirmation_sim_2026-09,2026-09-01T09:00:00+00:00
CRTECN2QVMHWASTG,159900,erp:price_confirmation_sim_2026-09,2026-09-01T09:00:00+00:00
VANEE2FFWVZZQHJV,149900,erp:price_confirmation_sim_2026-09,2026-09-01T09:00:00+00:00
SHTE83XZYCAJEPJC,49900,erp:price_confirmation_sim_2026-09,2026-09-01T09:00:00+00:00
SHTEB3NEBYFFCWFW,159900,erp:price_confirmation_sim_2026-09,2026-09-01T09:00:00+00:00
PYJEJENKGGSEC33V,29900,erp:price_confirmation_sim_2026-09,2026-09-01T09:00:00+00:00
DREDPSWBYRPGWXJ7,80000,erp:price_confirmation_sim_2026-09,2026-09-01T09:00:00+00:00
ACCEGZ6BJZXBSCCG,53900,erp:price_confirmation_sim_2026-09,2026-09-01T09:00:00+00:00
RNGE8UGWZYBGJRSB,2686800,erp:price_confirmation_sim_2026-09,2026-09-01T09:00:00+00:00
BBADR66XXFKCHXCM,59900,erp:price_confirmation_sim_2026-09,2026-09-01T09:00:00+00:00
TOPEYP876AAGE9NC,43900,erp:price_confirmation_sim_2026-09,2026-09-01T09:00:00+00:00
RNGDVVYB6RGSAWRZ,1122900,erp:price_confirmation_sim_2026-09,2026-09-01T09:00:00+00:00
KRTEEGQYSFZXSJ86,49900,erp:price_confirmation_sim_2026-09,2026-09-01T09:00:00+00:00
TSHE993ZREQFCH5G,59900,erp:price_confirmation_sim_2026-09,2026-09-01T09:00:00+00:00
KRTECB9G5PYEHZEH,39900,erp:price_confirmation_sim_2026-09,2026-09-01T09:00:00+00:00
STIE9F5UHFFSB4EP,62300,erp:price_confirmation_sim_2026-09,2026-09-01T09:00:00+00:00
SFFEJT5THKSESHQJ,44900,erp:price_confirmation_sim_2026-09,2026-09-01T09:00:00+00:00
RNGEBWEAGNSJF9HA,2899600,erp:price_confirmation_sim_2026-09,2026-09-01T09:00:00+00:00
BLAEDJNKEWUHHBF5,79900,erp:price_confirmation_sim_2026-09,2026-09-01T09:00:00+00:00
ECOEH3DPYUSTWUE6,24900,erp:price_confirmation_sim_2026-09,2026-09-01T09:00:00+00:00
ACCE9Y6QGXDGPUJH,59900,erp:price_confirmation_sim_2026-09,2026-09-01T09:00:00+00:00
KRTECARAFGAGAMNE,69900,erp:price_confirmation_sim_2026-09,2026-09-01T09:00:00+00:00
VESEGPYTNCPEGMNY,24900,erp:price_confirmation_sim_2026-09,2026-09-01T09:00:00+00:00
MUGEAGGKZFYBUMP9,19900,erp:price_confirmation_sim_2026-09,2026-09-01T09:00:00+00:00
SNRE9ZQNP9YE6CG8,99500,erp:price_confirmation_sim_2026-09,2026-09-01T09:00:00+00:00
USGEDSGQYRHNXWZU,9900,erp:price_confirmation_sim_2026-09,2026-09-01T09:00:00+00:00
PBXE6677X2D6UFZZ,20900,erp:price_confirmation_sim_2026-09,2026-09-01T09:00:00+00:00
PCSE4TF4R4GG6K2D,129900,erp:price_confirmation_sim_2026-09,2026-09-01T09:00:00+00:00
KRTE92H8GPYRZHVD,39900,erp:price_confirmation_sim_2026-09,2026-09-01T09:00:00+00:00
CRTECYY4GFDJFKBD,339900,erp:price_confirmation_sim_2026-09,2026-09-01T09:00:00+00:00
TOPE8QNKRJHBNWNV,74900,erp:price_confirmation_sim_2026-09,2026-09-01T09:00:00+00:00
BBAEYB4V9HHXVVHE,21000,erp:price_confirmation_sim_2026-09,2026-09-01T09:00:00+00:00
RNGEC8PNXPFVNXFE,3264100,erp:price_confirmation_sim_2026-09,2026-09-01T09:00:00+00:00
TOPECWG8VERZQNGA,89900,erp:price_confirmation_sim_2026-09,2026-09-01T09:00:00+00:00
WATE8E8PATYHTDMD,99900,erp:price_confirmation_sim_2026-09,2026-09-01T09:00:00+00:00
SHIDZ3SWEEKCJ8PM,79900,erp:price_confirmation_sim_2026-09,2026-09-01T09:00:00+00:00
USGEBSK8VVGZCHPF,149000,erp:price_confirmation_sim_2026-09,2026-09-01T09:00:00+00:00
BRAEBBYRZJZFGSYY,27500,erp:price_confirmation_sim_2026-09,2026-09-01T09:00:00+00:00
SOPEGSG5GDGFPFPG,47500,erp:price_confirmation_sim_2026-09,2026-09-01T09:00:00+00:00
RUGEHKBZ2SS8TH6Q,74900,erp:price_confirmation_sim_2026-09,2026-09-01T09:00:00+00:00
NKCDWBPZJHAADM2P,41000,erp:price_confirmation_sim_2026-09,2026-09-01T09:00:00+00:00
CNTEJTCFXUFR3HSY,69900,erp:price_confirmation_sim_2026-09,2026-09-01T09:00:00+00:00
DREE88DFJHHS9RBG,74900,erp:price_confirmation_sim_2026-09,2026-09-01T09:00:00+00:00
SAREGJY7NJ9QSCA8,55500,erp:price_confirmation_sim_2026-09,2026-09-01T09:00:00+00:00
SHIE7ZWA4HYWCZS4,74900,erp:price_confirmation_sim_2026-09,2026-09-01T09:00:00+00:00
BBAEECVVGEXSKGUD,69900,erp:price_confirmation_sim_2026-09,2026-09-01T09:00:00+00:00
CRTECN2QWV4QEM9Z,159900,erp:price_confirmation_sim_2026-09,2026-09-01T09:00:00+00:00
PBXE9242JZFTYT28,7600,erp:price_confirmation_sim_2026-09,2026-09-01T09:00:00+00:00
SHIEYZ3F3QWMYNEC,149900,erp:price_confirmation_sim_2026-09,2026-09-01T09:00:00+00:00
CRTECN2QSGBHXGMN,159900,erp:price_confirmation_sim_2026-09,2026-09-01T09:00:00+00:00
HOFEYQZPKEMRTVHH,80000,erp:price_confirmation_sim_2026-09,2026-09-01T09:00:00+00:00
ACCDXH5H3FVMCQT8,64900,erp:price_confirmation_sim_2026-09,2026-09-01T09:00:00+00:00
CAGE92ZXMD5BG34Y,41700,erp:price_confirmation_sim_2026-09,2026-09-01T09:00:00+00:00
AVCEGCNNRVZUXF4H,299900,erp:price_confirmation_sim_2026-09,2026-09-01T09:00:00+00:00
SRTEG78F2PFK24ZJ,54900,erp:price_confirmation_sim_2026-09,2026-09-01T09:00:00+00:00
CRTECN2QY9DJX5HV,138000,erp:price_confirmation_sim_2026-09,2026-09-01T09:00:00+00:00
TSHDVN8MYCSVX7YB,77900,erp:price_confirmation_sim_2026-09,2026-09-01T09:00:00+00:00
MUGEACY87DHFDDZC,29900,erp:price_confirmation_sim_2026-09,2026-09-01T09:00:00+00:00
DREE9R3RPAGHHCT2,62900,erp:price_confirmation_sim_2026-09,2026-09-01T09:00:00+00:00
BRFEJYHNGYSX9T9D,31000,erp:price_confirmation_sim_2026-09,2026-09-01T09:00:00+00:00
CRTECN2QVFSUG9FR,159900,erp:price_confirmation_sim_2026-09,2026-09-01T09:00:00+00:00
BBAEBEYRUHGEARGR,19900,erp:price_confirmation_sim_2026-09,2026-09-01T09:00:00+00:00
BBAE5AKCDFDZ2FWQ,19900,erp:price_confirmation_sim_2026-09,2026-09-01T09:00:00+00:00
BRAEE6YMRVXF3HNV,39900,erp:price_confirmation_sim_2026-09,2026-09-01T09:00:00+00:00
JWSEAP5VZGG2FUYR,149900,erp:price_confirmation_sim_2026-09,2026-09-01T09:00:00+00:00
LCHEGGEKN7MH2G2Z,254900,erp:price_confirmation_sim_2026-09,2026-09-01T09:00:00+00:00
CRTECN2QZD4WXYG8,92000,erp:price_confirmation_sim_2026-09,2026-09-01T09:00:00+00:00
SHTE6RHTHFGZE6VV,44900,erp:price_confirmation_sim_2026-09,2026-09-01T09:00:00+00:00
BBAEEEGYGJPDYAR4,66900,erp:price_confirmation_sim_2026-09,2026-09-01T09:00:00+00:00
SNDEJU7GGGXMAXZS,69900,erp:price_confirmation_sim_2026-09,2026-09-01T09:00:00+00:00
CRTEJQ9W3VZRQKCY,185000,erp:price_confirmation_sim_2026-09,2026-09-01T09:00:00+00:00
SNDEB7AZS33VMN66,79900,erp:price_confirmation_sim_2026-09,2026-09-01T09:00:00+00:00
NKCEANMP59KZZGKM,23900,erp:price_confirmation_sim_2026-09,2026-09-01T09:00:00+00:00
GCBEGY2PHUY2VVUH,39900,erp:price_confirmation_sim_2026-09,2026-09-01T09:00:00+00:00
BBAE8HKQYYNN4ZG3,34900,erp:price_confirmation_sim_2026-09,2026-09-01T09:00:00+00:00
KRTDZ4J6JYACSVY3,39900,erp:price_confirmation_sim_2026-09,2026-09-01T09:00:00+00:00
RNGE7GVY9GPQVPP8,2950800,erp:price_confirmation_sim_2026-09,2026-09-01T09:00:00+00:00
CAGE44J56KZG2CH3,34400,erp:price_confirmation_sim_2026-09,2026-09-01T09:00:00+00:00
ACCE9DK69UVANMJX,168500,erp:price_confirmation_sim_2026-09,2026-09-01T09:00:00+00:00
TOPE7QTU4UWCYJJD,49900,erp:price_confirmation_sim_2026-09,2026-09-01T09:00:00+00:00
BLAEEFFGGZ4GHJ3S,119500,erp:price_confirmation_sim_2026-09,2026-09-01T09:00:00+00:00
MNKE24MA8KWPREQT,18000,erp:price_confirmation_sim_2026-09,2026-09-01T09:00:00+00:00
SHTEYQDB4JHRTCRR,45000,erp:price_confirmation_sim_2026-09,2026-09-01T09:00:00+00:00
SHODYKR8QFMVYHT9,195900,erp:price_confirmation_sim_2026-09,2026-09-01T09:00:00+00:00
PCSEDCWJBHDR9EYU,25000,erp:price_confirmation_sim_2026-09,2026-09-01T09:00:00+00:00
TSHE5NYHDUWKKFNF,111800,erp:price_confirmation_sim_2026-09,2026-09-01T09:00:00+00:00
SHTEBS8ZRBGG6ZXT,69500,erp:price_confirmation_sim_2026-09,2026-09-01T09:00:00+00:00
TSHDUXJ2AUQPGHZT,67800,erp:price_confirmation_sim_2026-09,2026-09-01T09:00:00+00:00
SHOECH62BAKKHHFA,56000,erp:price_confirmation_sim_2026-09,2026-09-01T09:00:00+00:00
SHODF2C2WGTMVQFZ,153600,erp:price_confirmation_sim_2026-09,2026-09-01T09:00:00+00:00
SHVDNAZR4CJHKTQK,86500,erp:price_confirmation_sim_2026-09,2026-09-01T09:00:00+00:00
TSHEA48ZVHUBNESV,20000,erp:price_confirmation_sim_2026-09,2026-09-01T09:00:00+00:00
PCSE4V8GX9QCUTYN,179900,erp:price_confirmation_sim_2026-09,2026-09-01T09:00:00+00:00
NKCE9RFZHB9BVVTV,32900,erp:price_confirmation_sim_2026-09,2026-09-01T09:00:00+00:00
CRNEG8DTZRN5EHT6,49900,erp:price_confirmation_sim_2026-09,2026-09-01T09:00:00+00:00
TOPEBNGP7UKPXDJD,36500,erp:price_confirmation_sim_2026-09,2026-09-01T09:00:00+00:00
SHTEGZ4NH8VHNXKX,80500,erp:price_confirmation_sim_2026-09,2026-09-01T09:00:00+00:00
RNGDTBQUAZJK4SW9,153700,erp:price_confirmation_sim_2026-09,2026-09-01T09:00:00+00:00
NKCDXPZS8AZMWHZB,35000,erp:price_confirmation_sim_2026-09,2026-09-01T09:00:00+00:00
JEAECSV8QADPGRSY,89900,erp:price_confirmation_sim_2026-09,2026-09-01T09:00:00+00:00
WATE7VE24DXUPMAG,69500,erp:price_confirmation_sim_2026-09,2026-09-01T09:00:00+00:00
FDMEEHE6PWNXWYMK,265000,erp:price_confirmation_sim_2026-09,2026-09-01T09:00:00+00:00
ACCEJUD92GWTPCN2,11900,erp:price_confirmation_sim_2026-09,2026-09-01T09:00:00+00:00
BRAEDQEETE3Y2CZJ,28900,erp:price_confirmation_sim_2026-09,2026-09-01T09:00:00+00:00
TSHE8HQPNBGJVF3C,69900,erp:price_confirmation_sim_2026-09,2026-09-01T09:00:00+00:00
AFGEFM63YQH4WHRH,971900,erp:price_confirmation_sim_2026-09,2026-09-01T09:00:00+00:00
CRTEA7HA7X3CW7YQ,149000,erp:price_confirmation_sim_2026-09,2026-09-01T09:00:00+00:00
SNDEF3R3VB55PJBX,49900,erp:price_confirmation_sim_2026-09,2026-09-01T09:00:00+00:00
ACCEDQ5CYXS7E7HZ,29900,erp:price_confirmation_sim_2026-09,2026-09-01T09:00:00+00:00
RNGEDAPXZMJYTAGH,2642600,erp:price_confirmation_sim_2026-09,2026-09-01T09:00:00+00:00
NKCE9PFFVPDMZUUR,39900,erp:price_confirmation_sim_2026-09,2026-09-01T09:00:00+00:00
SOCEGHM6YYCTBXHS,51000,erp:price_confirmation_sim_2026-09,2026-09-01T09:00:00+00:00
BTWEYXGCCHGW72PE,99900,erp:price_confirmation_sim_2026-09,2026-09-01T09:00:00+00:00
MUGEGZUHP8QZVFGF,25900,erp:price_confirmation_sim_2026-09,2026-09-01T09:00:00+00:00
BRAEBBYRUG384YFE,30000,erp:price_confirmation_sim_2026-09,2026-09-01T09:00:00+00:00
WATEHVHJHMCGW3VN,44900,erp:price_confirmation_sim_2026-09,2026-09-01T09:00:00+00:00
WCKEDVH6WZBMEKHN,94900,erp:price_confirmation_sim_2026-09,2026-09-01T09:00:00+00:00
BLAEAWAA4EZN6YFG,599900,erp:price_confirmation_sim_2026-09,2026-09-01T09:00:00+00:00
SHTECG6KU2YWWGCG,49900,erp:price_confirmation_sim_2026-09,2026-09-01T09:00:00+00:00
RNGEBQZRSFJHG9UA,3344100,erp:price_confirmation_sim_2026-09,2026-09-01T09:00:00+00:00
SNDE9ET8T6HZQKGW,165000,erp:price_confirmation_sim_2026-09,2026-09-01T09:00:00+00:00
KRTEBSF5NPC5EVE5,54900,erp:price_confirmation_sim_2026-09,2026-09-01T09:00:00+00:00
NKCEB774ZFTSYG2V,32500,erp:price_confirmation_sim_2026-09,2026-09-01T09:00:00+00:00
NKCEB774SNZGVYW3,32500,erp:price_confirmation_sim_2026-09,2026-09-01T09:00:00+00:00
SHTE3FCVRR7RXQ7W,49900,erp:price_confirmation_sim_2026-09,2026-09-01T09:00:00+00:00
LJGEG6UDW2EBZQQ2,51900,erp:price_confirmation_sim_2026-09,2026-09-01T09:00:00+00:00
TSHE993QZPQGKRZA,44900,erp:price_confirmation_sim_2026-09,2026-09-01T09:00:00+00:00
LJGEGJJ3A3YPGNMP,49900,erp:price_confirmation_sim_2026-09,2026-09-01T09:00:00+00:00
NKCE8NX2QRFPAZMM,19900,erp:price_confirmation_sim_2026-09,2026-09-01T09:00:00+00:00
WATE26J7Z9MEZZKH,79500,erp:price_confirmation_sim_2026-09,2026-09-01T09:00:00+00:00
NKCE6Y8DU9MVYAZA,29900,erp:price_confirmation_sim_2026-09,2026-09-01T09:00:00+00:00
BRAEDTPDZSCRZCYG,28900,erp:price_confirmation_sim_2026-09,2026-09-01T09:00:00+00:00
LTBE4HAWXFCXZJZB,59900,erp:price_confirmation_sim_2026-09,2026-09-01T09:00:00+00:00
KRTEDCQBDWGR6GMJ,52500,erp:price_confirmation_sim_2026-09,2026-09-01T09:00:00+00:00
SHTE8E6Y7ZDMQAZH,43500,erp:price_confirmation_sim_2026-09,2026-09-01T09:00:00+00:00
FABE7ZDZQWWXKRUZ,149000,erp:price_confirmation_sim_2026-09,2026-09-01T09:00:00+00:00
PTPE6NZAWWHNJHJ4,71500,erp:price_confirmation_sim_2026-09,2026-09-01T09:00:00+00:00
ACCDWRBGHTDGF8HK,69900,erp:price_confirmation_sim_2026-09,2026-09-01T09:00:00+00:00
ACCE9Y6QVZUBDDHK,59900,erp:price_confirmation_sim_2026-09,2026-09-01T09:00:00+00:00
ACCED9SYEFGGKHZJ,31000,erp:price_confirmation_sim_2026-09,2026-09-01T09:00:00+00:00
BALE8ZABFPZGSGFX,40600,erp:price_confirmation_sim_2026-09,2026-09-01T09:00:00+00:00
BRAECKHYZGUPRPFB,30000,erp:price_confirmation_sim_2026-09,2026-09-01T09:00:00+00:00
SHTE9Q5YZVJZZXCR,47800,erp:price_confirmation_sim_2026-09,2026-09-01T09:00:00+00:00
TSHECB2GBG3D2AWH,21000,erp:price_confirmation_sim_2026-09,2026-09-01T09:00:00+00:00
RTREFDXTZ4GGGAEX,135000,erp:price_confirmation_sim_2026-09,2026-09-01T09:00:00+00:00
TSHDXWECXZ5HWJCA,69500,erp:price_confirmation_sim_2026-09,2026-09-01T09:00:00+00:00
TRODSPHZZDRRZGUX,27000,erp:price_confirmation_sim_2026-09,2026-09-01T09:00:00+00:00
KTAEGFPRCCS46ZMA,44900,erp:price_confirmation_sim_2026-09,2026-09-01T09:00:00+00:00
BRAEE4UZZVMJUGE3,14000,erp:price_confirmation_sim_2026-09,2026-09-01T09:00:00+00:00
SHTE5GZ2HUTH4YVV,44900,erp:price_confirmation_sim_2026-09,2026-09-01T09:00:00+00:00
RNGDUZU5VCYXAAEM,825500,erp:price_confirmation_sim_2026-09,2026-09-01T09:00:00+00:00
BBAEE6ZDKHPTFFDA,89900,erp:price_confirmation_sim_2026-09,2026-09-01T09:00:00+00:00
ACCE5K5HMGMMYCHH,25000,erp:price_confirmation_sim_2026-09,2026-09-01T09:00:00+00:00
RNGE4YPTQYRECV9J,1783700,erp:price_confirmation_sim_2026-09,2026-09-01T09:00:00+00:00
RTRDRSBNRDBZEPTY,139000,erp:price_confirmation_sim_2026-09,2026-09-01T09:00:00+00:00
BBAE9YU4HCTYSFZ5,69900,erp:price_confirmation_sim_2026-09,2026-09-01T09:00:00+00:00
JEAECMCFHX2HDQUZ,899900,erp:price_confirmation_sim_2026-09,2026-09-01T09:00:00+00:00
SHTECS552ZY62VPS,77900,erp:price_confirmation_sim_2026-09,2026-09-01T09:00:00+00:00
MUGE6SYUHXASZBRF,17500,erp:price_confirmation_sim_2026-09,2026-09-01T09:00:00+00:00
WCKE56UCYBASJZUZ,74900,erp:price_confirmation_sim_2026-09,2026-09-01T09:00:00+00:00
BRAECVGYZGZT5VU5,54900,erp:price_confirmation_sim_2026-09,2026-09-01T09:00:00+00:00
DCVEJHVEMXYT6UF6,116000,erp:price_confirmation_sim_2026-09,2026-09-01T09:00:00+00:00
TOPEGF6PWBFXSEQ9,29900,erp:price_confirmation_sim_2026-09,2026-09-01T09:00:00+00:00
TOPDXQWEF87REHYJ,39900,erp:price_confirmation_sim_2026-09,2026-09-01T09:00:00+00:00
TSHEE99HHWZMMGCF,59900,erp:price_confirmation_sim_2026-09,2026-09-01T09:00:00+00:00
SHTDCFZRMHZFFUK3,120900,erp:price_confirmation_sim_2026-09,2026-09-01T09:00:00+00:00
BRAE9WNZYBZPXK2X,25000,erp:price_confirmation_sim_2026-09,2026-09-01T09:00:00+00:00
ACCE9Y6QZYJ5SUPZ,59900,erp:price_confirmation_sim_2026-09,2026-09-01T09:00:00+00:00
TROEGWHHRHGBEZS9,199900,erp:price_confirmation_sim_2026-09,2026-09-01T09:00:00+00:00
VWCEGYW3YTRFUT8B,37500,erp:price_confirmation_sim_2026-09,2026-09-01T09:00:00+00:00
PBXE7YBGGQSJXDNZ,45000,erp:price_confirmation_sim_2026-09,2026-09-01T09:00:00+00:00
TSHEFC49GXXR8SYG,47900,erp:price_confirmation_sim_2026-09,2026-09-01T09:00:00+00:00
VAREJGRESXVGASMN,99900,erp:price_confirmation_sim_2026-09,2026-09-01T09:00:00+00:00
ACCE9Y6PVVADKD8K,59900,erp:price_confirmation_sim_2026-09,2026-09-01T09:00:00+00:00
SHOEGEV4PTVSQTER,38000,erp:price_confirmation_sim_2026-09,2026-09-01T09:00:00+00:00
BLAEEJGJHUDRK3RK,149900,erp:price_confirmation_sim_2026-09,2026-09-01T09:00:00+00:00
BRAE6Z79P4B94Y4T,9900,erp:price_confirmation_sim_2026-09,2026-09-01T09:00:00+00:00
MLBEHCAYU8TGRGGJ,149900,erp:price_confirmation_sim_2026-09,2026-09-01T09:00:00+00:00
SHOECQP4GGYF9GPN,79900,erp:price_confirmation_sim_2026-09,2026-09-01T09:00:00+00:00
JWSEDYHYRURHGUNG,22500,erp:price_confirmation_sim_2026-09,2026-09-01T09:00:00+00:00
RNGE88FQ5SDTSFY7,3623400,erp:price_confirmation_sim_2026-09,2026-09-01T09:00:00+00:00
JWSE346HBDCSUGR6,65900,erp:price_confirmation_sim_2026-09,2026-09-01T09:00:00+00:00
TSHEARHHM8GTHY7R,59900,erp:price_confirmation_sim_2026-09,2026-09-01T09:00:00+00:00
BLAEAWAAAQEUY6SW,499900,erp:price_confirmation_sim_2026-09,2026-09-01T09:00:00+00:00
NKCEGE6V8DZ9PHBV,69900,erp:price_confirmation_sim_2026-09,2026-09-01T09:00:00+00:00
NDNEGCU4QZJUYCWG,89500,erp:price_confirmation_sim_2026-09,2026-09-01T09:00:00+00:00
NKCE88AHK5UXRBUB,49900,erp:price_confirmation_sim_2026-09,2026-09-01T09:00:00+00:00
BRAE8WPSG4FMHFXF,32900,erp:price_confirmation_sim_2026-09,2026-09-01T09:00:00+00:00
PTGEJCMNCFZY78FP,59900,erp:price_confirmation_sim_2026-09,2026-09-01T09:00:00+00:00
IRNEGYYUJVPHTSQW,110000,erp:price_confirmation_sim_2026-09,2026-09-01T09:00:00+00:00
SHTDUS8RJ7ZBDSBK,36000,erp:price_confirmation_sim_2026-09,2026-09-01T09:00:00+00:00
WATEAYYG5EDFWTCS,54900,erp:price_confirmation_sim_2026-09,2026-09-01T09:00:00+00:00
ACCE9DK9UZUH5TBD,168500,erp:price_confirmation_sim_2026-09,2026-09-01T09:00:00+00:00
NKCEA5FHSF4NWKBT,29900,erp:price_confirmation_sim_2026-09,2026-09-01T09:00:00+00:00
BLAEAWAAPRBM9DRD,439900,erp:price_confirmation_sim_2026-09,2026-09-01T09:00:00+00:00
NDNEGCSGGMCWGFNW,89500,erp:price_confirmation_sim_2026-09,2026-09-01T09:00:00+00:00
NKCE4EVCXSYXTFCH,22400,erp:price_confirmation_sim_2026-09,2026-09-01T09:00:00+00:00
NKCEBFWTHMVVNRDP,45000,erp:price_confirmation_sim_2026-09,2026-09-01T09:00:00+00:00
JWSDYQDEHVPZUYMZ,79900,erp:price_confirmation_sim_2026-09,2026-09-01T09:00:00+00:00
NKCE7MBRFZQHBGY4,32000,erp:price_confirmation_sim_2026-09,2026-09-01T09:00:00+00:00
STIEC8893KZ4FYWX,223000,erp:price_confirmation_sim_2026-09,2026-09-01T09:00:00+00:00
SOFEDVYZVFTZHMYT,4450000,erp:price_confirmation_sim_2026-09,2026-09-01T09:00:00+00:00
SHTE6P4FWF9NHF3V,47900,erp:price_confirmation_sim_2026-09,2026-09-01T09:00:00+00:00
SHOEBDTHZDHFPHHG,189900,erp:price_confirmation_sim_2026-09,2026-09-01T09:00:00+00:00
DREEAZADFS2BYSY5,93000,erp:price_confirmation_sim_2026-09,2026-09-01T09:00:00+00:00
DREECRS4FHNBDJHY,199000,erp:price_confirmation_sim_2026-09,2026-09-01T09:00:00+00:00
BDDEH29DNAN4AKYH,2499900,erp:price_confirmation_sim_2026-09,2026-09-01T09:00:00+00:00
TIEEEAHSK2GGGAEQ,30100,erp:price_confirmation_sim_2026-09,2026-09-01T09:00:00+00:00
TSHE7G27ZZKCTNDF,59000,erp:price_confirmation_sim_2026-09,2026-09-01T09:00:00+00:00
ACCE9DJM8WYHZFZZ,168500,erp:price_confirmation_sim_2026-09,2026-09-01T09:00:00+00:00
BRAE74BRGZGWZPCR,16900,erp:price_confirmation_sim_2026-09,2026-09-01T09:00:00+00:00
SNRE777GADUHTECX,154000,erp:price_confirmation_sim_2026-09,2026-09-01T09:00:00+00:00
ACCEKFVWGNASHCFK,24900,erp:price_confirmation_sim_2026-09,2026-09-01T09:00:00+00:00
NKCECG6ZNH9NXFFH,31900,erp:price_confirmation_sim_2026-09,2026-09-01T09:00:00+00:00
NDNEGCSG7UGYCVR6,89500,erp:price_confirmation_sim_2026-09,2026-09-01T09:00:00+00:00
BBAE7AGX8CF7TY8U,41700,erp:price_confirmation_sim_2026-09,2026-09-01T09:00:00+00:00
ACCE6DZC6Y5ZYCZ7,64900,erp:price_confirmation_sim_2026-09,2026-09-01T09:00:00+00:00
PRCEA7HFDBNGFFM4,339900,erp:price_confirmation_sim_2026-09,2026-09-01T09:00:00+00:00
STIE8YSWM4FXPEGF,99900,erp:price_confirmation_sim_2026-09,2026-09-01T09:00:00+00:00
SNDEJMK8HWAQEPQY,29500,erp:price_confirmation_sim_2026-09,2026-09-01T09:00:00+00:00
CRTECUWZGQQEHYSC,179900,erp:price_confirmation_sim_2026-09,2026-09-01T09:00:00+00:00
MUGEAGGKYUB8SYA5,19900,erp:price_confirmation_sim_2026-09,2026-09-01T09:00:00+00:00
CRNEE84JQGQHBTQU,133200,erp:price_confirmation_sim_2026-09,2026-09-01T09:00:00+00:00
LJGEYFMTXDEYDVVF,49900,erp:price_confirmation_sim_2026-09,2026-09-01T09:00:00+00:00
ACCEAZCV5BHHDHFK,59900,erp:price_confirmation_sim_2026-09,2026-09-01T09:00:00+00:00
NKCEA5FHHMA552S2,39900,erp:price_confirmation_sim_2026-09,2026-09-01T09:00:00+00:00
TOPEBJBB4TT4FWPD,31000,erp:price_confirmation_sim_2026-09,2026-09-01T09:00:00+00:00
SMTEJHQAWW2WTHXA,65000,erp:price_confirmation_sim_2026-09,2026-09-01T09:00:00+00:00
DREE2SZ4GMNSCZCM,69900,erp:price_confirmation_sim_2026-09,2026-09-01T09:00:00+00:00
PPMEAGQAMGRKVRTA,24900,erp:price_confirmation_sim_2026-09,2026-09-01T09:00:00+00:00
PCSE98DZGXUN5KSW,30000,erp:price_confirmation_sim_2026-09,2026-09-01T09:00:00+00:00
CAGE6XN5AEG8HZNB,33100,erp:price_confirmation_sim_2026-09,2026-09-01T09:00:00+00:00
KTAEAZSYVFJZZM9M,95000,erp:price_confirmation_sim_2026-09,2026-09-01T09:00:00+00:00
BBAE66EFFAHZTD9T,59900,erp:price_confirmation_sim_2026-09,2026-09-01T09:00:00+00:00
ACCDVHJZVETHWJAE,149900,erp:price_confirmation_sim_2026-09,2026-09-01T09:00:00+00:00
BRAE8TFMPNB5GSF5,38900,erp:price_confirmation_sim_2026-09,2026-09-01T09:00:00+00:00
ACCE9Z2HDVTHQHVF,59900,erp:price_confirmation_sim_2026-09,2026-09-01T09:00:00+00:00
TSHECQKNQNXCF6ZC,89900,erp:price_confirmation_sim_2026-09,2026-09-01T09:00:00+00:00
KTAEHETWXZYYG35G,59900,erp:price_confirmation_sim_2026-09,2026-09-01T09:00:00+00:00
TSHDZ5ZJ5NNVQHT9,169900,erp:price_confirmation_sim_2026-09,2026-09-01T09:00:00+00:00
TOPE954FF9KJSZZN,79900,erp:price_confirmation_sim_2026-09,2026-09-01T09:00:00+00:00
RNGE8NA4ZNFZZ2QZ,3163600,erp:price_confirmation_sim_2026-09,2026-09-01T09:00:00+00:00
RCLEYW4PFKNHDUHX,12900,erp:price_confirmation_sim_2026-09,2026-09-01T09:00:00+00:00
RNGE864HQWV38PGT,2932200,erp:price_confirmation_sim_2026-09,2026-09-01T09:00:00+00:00
TSHE993ZP9QGSJUQ,59900,erp:price_confirmation_sim_2026-09,2026-09-01T09:00:00+00:00
WATDXFGTHYZXYY4N,99900,erp:price_confirmation_sim_2026-09,2026-09-01T09:00:00+00:00
SWSEHU26VGTE5B3C,70200,erp:price_confirmation_sim_2026-09,2026-09-01T09:00:00+00:00
PCSECTYTDV7DGJ4R,39000,erp:price_confirmation_sim_2026-09,2026-09-01T09:00:00+00:00
LPBEG9CUAWK3TF33,8500,erp:price_confirmation_sim_2026-09,2026-09-01T09:00:00+00:00
ACCE6DZCK6XYXSWG,64900,erp:price_confirmation_sim_2026-09,2026-09-01T09:00:00+00:00
SWDEGP9ASG5Z5WAR,49900,erp:price_confirmation_sim_2026-09,2026-09-01T09:00:00+00:00
SARE5PHHTPE98YNB,29900,erp:price_confirmation_sim_2026-09,2026-09-01T09:00:00+00:00
ACCE9DJZFAHZZEKH,168500,erp:price_confirmation_sim_2026-09,2026-09-01T09:00:00+00:00
CRTECN2QZ2HFUHH5,92000,erp:price_confirmation_sim_2026-09,2026-09-01T09:00:00+00:00
PCSEAHJCVPRUPVHX,48000,erp:price_confirmation_sim_2026-09,2026-09-01T09:00:00+00:00
BRAEBJGPRAZZTECS,32000,erp:price_confirmation_sim_2026-09,2026-09-01T09:00:00+00:00
STIE9F5U4HGVGABZ,114300,erp:price_confirmation_sim_2026-09,2026-09-01T09:00:00+00:00
DREEJH2UDQAQYBZZ,121800,erp:price_confirmation_sim_2026-09,2026-09-01T09:00:00+00:00
WATE8BTE58AGYHNX,55000,erp:price_confirmation_sim_2026-09,2026-09-01T09:00:00+00:00
TDHEGVZKDUDKTUTG,79500,erp:price_confirmation_sim_2026-09,2026-09-01T09:00:00+00:00
SKIEAYTRHTZTA4GB,49400,erp:price_confirmation_sim_2026-09,2026-09-01T09:00:00+00:00
RNGE7M92Z6MG5S9J,2507500,erp:price_confirmation_sim_2026-09,2026-09-01T09:00:00+00:00
BTWDYMY2AY556WZV,14900,erp:price_confirmation_sim_2026-09,2026-09-01T09:00:00+00:00
SFFEHBHYHYFGY63U,24900,erp:price_confirmation_sim_2026-09,2026-09-01T09:00:00+00:00
SHIEH5UDAPUFJFNP,49900,erp:price_confirmation_sim_2026-09,2026-09-01T09:00:00+00:00
BRAEARZHZF7HFYM6,45900,erp:price_confirmation_sim_2026-09,2026-09-01T09:00:00+00:00
JUMEJB3YYZM5HSPR,149900,erp:price_confirmation_sim_2026-09,2026-09-01T09:00:00+00:00
NKCDZHF7GVHHGZRJ,49000,erp:price_confirmation_sim_2026-09,2026-09-01T09:00:00+00:00
TOPECRF6XU7Q8RFH,49700,erp:price_confirmation_sim_2026-09,2026-09-01T09:00:00+00:00
SHTEBBWK5RY6SCPU,35000,erp:price_confirmation_sim_2026-09,2026-09-01T09:00:00+00:00
TSHE3HHZZMUH2HHA,75800,erp:price_confirmation_sim_2026-09,2026-09-01T09:00:00+00:00
CRNEEABUZD9V2PWE,59900,erp:price_confirmation_sim_2026-09,2026-09-01T09:00:00+00:00
NKCDU4RZR83PHQG7,45000,erp:price_confirmation_sim_2026-09,2026-09-01T09:00:00+00:00
SHMECRRMZRZKQEHM,16500,erp:price_confirmation_sim_2026-09,2026-09-01T09:00:00+00:00
WATE68H5CT3JRKEZ,29900,erp:price_confirmation_sim_2026-09,2026-09-01T09:00:00+00:00
BBAE7F9BSHTHXGHJ,49900,erp:price_confirmation_sim_2026-09,2026-09-01T09:00:00+00:00
BEMEBYDCDGY3Z24E,507200,erp:price_confirmation_sim_2026-09,2026-09-01T09:00:00+00:00
HMBEFD35EZZTXY4U,119900,erp:price_confirmation_sim_2026-09,2026-09-01T09:00:00+00:00
ACCEG78UFRPGUTVZ,28000,erp:price_confirmation_sim_2026-09,2026-09-01T09:00:00+00:00
RNGE53GCZDR54FAA,3755100,erp:price_confirmation_sim_2026-09,2026-09-01T09:00:00+00:00
ACCEA4BE9VZGJTE2,59900,erp:price_confirmation_sim_2026-09,2026-09-01T09:00:00+00:00
KRTE82ASGB4VKFUS,46000,erp:price_confirmation_sim_2026-09,2026-09-01T09:00:00+00:00
WATDUK7D7X7MHZYB,89900,erp:price_confirmation_sim_2026-09,2026-09-01T09:00:00+00:00
RNGEDAK9UAM5BX6D,2975700,erp:price_confirmation_sim_2026-09,2026-09-01T09:00:00+00:00
SHDEJFVQ6ZMNFGAY,50000,erp:price_confirmation_sim_2026-09,2026-09-01T09:00:00+00:00
FABEGGHHGSVCHGFV,100000,erp:price_confirmation_sim_2026-09,2026-09-01T09:00:00+00:00
BKPE72DQFUHFUP9B,89900,erp:price_confirmation_sim_2026-09,2026-09-01T09:00:00+00:00
ACCE9Y6MF8HWAQ6N,59900,erp:price_confirmation_sim_2026-09,2026-09-01T09:00:00+00:00
SWSECD6QKHNNPX3T,125900,erp:price_confirmation_sim_2026-09,2026-09-01T09:00:00+00:00
SHIEBBWHSYHSVV4U,1746000,erp:price_confirmation_sim_2026-09,2026-09-01T09:00:00+00:00
SWSEHZY2FZH6W4ZZ,324000,erp:price_confirmation_sim_2026-09,2026-09-01T09:00:00+00:00
WATE8E8PCQJAQNAP,99900,erp:price_confirmation_sim_2026-09,2026-09-01T09:00:00+00:00
TOPEH386MHGAZYNK,47900,erp:price_confirmation_sim_2026-09,2026-09-01T09:00:00+00:00
MUGEBFGFYQPGRQ7Z,29900,erp:price_confirmation_sim_2026-09,2026-09-01T09:00:00+00:00
LJGE2WBEKW9ZHKJU,39500,erp:price_confirmation_sim_2026-09,2026-09-01T09:00:00+00:00
SHOE652MJRRMFBEF,59900,erp:price_confirmation_sim_2026-09,2026-09-01T09:00:00+00:00
CAPEEAFSZSDZXHBA,62500,erp:price_confirmation_sim_2026-09,2026-09-01T09:00:00+00:00
CRNEDDYREZRDKVSY,188900,erp:price_confirmation_sim_2026-09,2026-09-01T09:00:00+00:00
BRAEBCY3ZGPMZFVG,39900,erp:price_confirmation_sim_2026-09,2026-09-01T09:00:00+00:00
SAREGJY9JUXNZHXN,55100,erp:price_confirmation_sim_2026-09,2026-09-01T09:00:00+00:00
NKCECQYZ24MSM3ZZ,47500,erp:price_confirmation_sim_2026-09,2026-09-01T09:00:00+00:00
CRTECN2QS6YHKQ3G,159900,erp:price_confirmation_sim_2026-09,2026-09-01T09:00:00+00:00
MUGEAGGKFYN8F5TT,19900,erp:price_confirmation_sim_2026-09,2026-09-01T09:00:00+00:00
STIEYZ5TZG9N32H6,39900,erp:price_confirmation_sim_2026-09,2026-09-01T09:00:00+00:00
PCSE9R7E3AFG7F9H,34000,erp:price_confirmation_sim_2026-09,2026-09-01T09:00:00+00:00
RNGE8Z3KPNB93ARN,719300,erp:price_confirmation_sim_2026-09,2026-09-01T09:00:00+00:00
RNGDX7WA9Y5QGVHH,173300,erp:price_confirmation_sim_2026-09,2026-09-01T09:00:00+00:00
SHTEBZU8AGESEXBG,150100,erp:price_confirmation_sim_2026-09,2026-09-01T09:00:00+00:00
SHTDYKJYKZKGZS9T,39900,erp:price_confirmation_sim_2026-09,2026-09-01T09:00:00+00:00
IRPEJH8KGZ7XEFDU,38000,erp:price_confirmation_sim_2026-09,2026-09-01T09:00:00+00:00
BRAE8QNFYM2WQKT7,27900,erp:price_confirmation_sim_2026-09,2026-09-01T09:00:00+00:00
RNGEAM4NZRSBMUFB,3688200,erp:price_confirmation_sim_2026-09,2026-09-01T09:00:00+00:00
SHOEGJTFGB2NEXGY,49900,erp:price_confirmation_sim_2026-09,2026-09-01T09:00:00+00:00
SHIECBAAUSJFZZGB,80000,erp:price_confirmation_sim_2026-09,2026-09-01T09:00:00+00:00
KHKEJTJFZTWHQQGU,45000,erp:price_confirmation_sim_2026-09,2026-09-01T09:00:00+00:00
SHOEHZMMPFYUGBGD,49900,erp:price_confirmation_sim_2026-09,2026-09-01T09:00:00+00:00
CAGE7NK9KUYNVAF8,39900,erp:price_confirmation_sim_2026-09,2026-09-01T09:00:00+00:00
MUGE75ZZ3G2NGKXZ,17500,erp:price_confirmation_sim_2026-09,2026-09-01T09:00:00+00:00
RTREBZRGQGCZJ7ZG,700000,erp:price_confirmation_sim_2026-09,2026-09-01T09:00:00+00:00
BRAE7FNDQBZGKKMR,23900,erp:price_confirmation_sim_2026-09,2026-09-01T09:00:00+00:00
BRAEHAAZSQWRPHBN,59900,erp:price_confirmation_sim_2026-09,2026-09-01T09:00:00+00:00
NDNEDPVHSZEJMSGA,69900,erp:price_confirmation_sim_2026-09,2026-09-01T09:00:00+00:00
BRAEYMFCWUSF3U9B,27000,erp:price_confirmation_sim_2026-09,2026-09-01T09:00:00+00:00
NKCECZJQSWTUUGXK,49900,erp:price_confirmation_sim_2026-09,2026-09-01T09:00:00+00:00
RUGEH4VGX2RJXKFS,69900,erp:price_confirmation_sim_2026-09,2026-09-01T09:00:00+00:00
SNDEHZPDNCJWRWY8,175000,erp:price_confirmation_sim_2026-09,2026-09-01T09:00:00+00:00
USGEE5RFHDHCRFSU,19500,erp:price_confirmation_sim_2026-09,2026-09-01T09:00:00+00:00
BRAE84GGFUDNKESF,24900,erp:price_confirmation_sim_2026-09,2026-09-01T09:00:00+00:00
STIE7KFHFEUR4WBM,66000,erp:price_confirmation_sim_2026-09,2026-09-01T09:00:00+00:00
SUSEGT8H7MH5DPHM,24900,erp:price_confirmation_sim_2026-09,2026-09-01T09:00:00+00:00
CCVE3Q2TBZRQYZSZ,105000,erp:price_confirmation_sim_2026-09,2026-09-01T09:00:00+00:00
NKCE2W3WMZYFWMRP,39900,erp:price_confirmation_sim_2026-09,2026-09-01T09:00:00+00:00
TOPECY77GYMZDRGX,149900,erp:price_confirmation_sim_2026-09,2026-09-01T09:00:00+00:00
SOFEDVYZAHXWYTGW,5140000,erp:price_confirmation_sim_2026-09,2026-09-01T09:00:00+00:00
RTRD6FYYWFHEYJYE,545000,erp:price_confirmation_sim_2026-09,2026-09-01T09:00:00+00:00
BBAE6JCG4YCBTGDG,29900,erp:price_confirmation_sim_2026-09,2026-09-01T09:00:00+00:00
ERGE8JZKE7HJWNSH,59900,erp:price_confirmation_sim_2026-09,2026-09-01T09:00:00+00:00
WATEYAP3S3TD5EMR,85500,erp:price_confirmation_sim_2026-09,2026-09-01T09:00:00+00:00
ACCDXFFCBJ3CGRYF,179000,erp:price_confirmation_sim_2026-09,2026-09-01T09:00:00+00:00
STIEAE2Z8QXAZSD7,549900,erp:price_confirmation_sim_2026-09,2026-09-01T09:00:00+00:00
TSHEGNVDSSTAG8C3,44900,erp:price_confirmation_sim_2026-09,2026-09-01T09:00:00+00:00
NKCE6P3FFZHHTYSR,19500,erp:price_confirmation_sim_2026-09,2026-09-01T09:00:00+00:00
CPCEBS8ZZHECSSZW,143100,erp:price_confirmation_sim_2026-09,2026-09-01T09:00:00+00:00
CRNEDYCSYZNHNXRF,129900,erp:price_confirmation_sim_2026-09,2026-09-01T09:00:00+00:00
DREEBBWDWEFTZQB7,79900,erp:price_confirmation_sim_2026-09,2026-09-01T09:00:00+00:00
CRTECN2QUBGAGPCK,159900,erp:price_confirmation_sim_2026-09,2026-09-01T09:00:00+00:00
KRTE9JEY64DMCQMC,54900,erp:price_confirmation_sim_2026-09,2026-09-01T09:00:00+00:00
PCSEDUT3FS8UTKJQ,59900,erp:price_confirmation_sim_2026-09,2026-09-01T09:00:00+00:00
DREDXXNFYCD2VEXN,69900,erp:price_confirmation_sim_2026-09,2026-09-01T09:00:00+00:00
HMBECV4EMZDNYH96,118800,erp:price_confirmation_sim_2026-09,2026-09-01T09:00:00+00:00
SHTE4C5NZC2APTGU,35000,erp:price_confirmation_sim_2026-09,2026-09-01T09:00:00+00:00
LJGEFHZQERDFWHF8,34400,erp:price_confirmation_sim_2026-09,2026-09-01T09:00:00+00:00
RNGE7M92M8BNW2PN,2839700,erp:price_confirmation_sim_2026-09,2026-09-01T09:00:00+00:00
CAGE8PKGBKNCYKJK,16500,erp:price_confirmation_sim_2026-09,2026-09-01T09:00:00+00:00
NKCE8NX2KUH7ZV3F,19900,erp:price_confirmation_sim_2026-09,2026-09-01T09:00:00+00:00
BRAEDTNZZRXBHZGZ,15900,erp:price_confirmation_sim_2026-09,2026-09-01T09:00:00+00:00
ACCEH5Z2YUKYQBFP,79000,erp:price_confirmation_sim_2026-09,2026-09-01T09:00:00+00:00
BRAE3RFCGHJGVJ9Y,14900,erp:price_confirmation_sim_2026-09,2026-09-01T09:00:00+00:00
PELEFH68JH6FDERS,225000,erp:price_confirmation_sim_2026-09,2026-09-01T09:00:00+00:00
DREE7NMEMZRGT9DM,64900,erp:price_confirmation_sim_2026-09,2026-09-01T09:00:00+00:00
SHOEC889YRPAN6YV,164400,erp:price_confirmation_sim_2026-09,2026-09-01T09:00:00+00:00
TSHE3YHBGYYEDCAF,79900,erp:price_confirmation_sim_2026-09,2026-09-01T09:00:00+00:00
SHTEJZKPZ9HGUHYR,97900,erp:price_confirmation_sim_2026-09,2026-09-01T09:00:00+00:00
SWSE2DKNT4YZFCKD,104700,erp:price_confirmation_sim_2026-09,2026-09-01T09:00:00+00:00
SNDE3VT3MMFHKD4Z,39900,erp:price_confirmation_sim_2026-09,2026-09-01T09:00:00+00:00
BDEEGH3ZFBZBZZGU,15000,erp:price_confirmation_sim_2026-09,2026-09-01T09:00:00+00:00
USGEDDUFKVXFHXRG,94900,erp:price_confirmation_sim_2026-09,2026-09-01T09:00:00+00:00
RNGDTBQT4FVR57WM,110900,erp:price_confirmation_sim_2026-09,2026-09-01T09:00:00+00:00
PHFDWUHW25WAWXHY,13200,erp:price_confirmation_sim_2026-09,2026-09-01T09:00:00+00:00
DREDZZVYZB4V9DGN,89900,erp:price_confirmation_sim_2026-09,2026-09-01T09:00:00+00:00
BTWE7FMNQWFFKUFT,20000,erp:price_confirmation_sim_2026-09,2026-09-01T09:00:00+00:00
PCSEAH5WAEHFFNDZ,119900,erp:price_confirmation_sim_2026-09,2026-09-01T09:00:00+00:00
CRTEB774SCZXFHBY,216000,erp:price_confirmation_sim_2026-09,2026-09-01T09:00:00+00:00
RTRE8EHVG8MKE29S,899900,erp:price_confirmation_sim_2026-09,2026-09-01T09:00:00+00:00
BLBDYGA8SAAWHNVH,26500,erp:price_confirmation_sim_2026-09,2026-09-01T09:00:00+00:00
TOPEE2GZHMHWZADH,119900,erp:price_confirmation_sim_2026-09,2026-09-01T09:00:00+00:00
TSHECXA5HKNSHNZJ,39900,erp:price_confirmation_sim_2026-09,2026-09-01T09:00:00+00:00
LJGEABWZUD5AZ7JE,39900,erp:price_confirmation_sim_2026-09,2026-09-01T09:00:00+00:00
ACCEGQY5WKZGDDZD,24900,erp:price_confirmation_sim_2026-09,2026-09-01T09:00:00+00:00
MATEHFNNA6Y4WKMV,38400,erp:price_confirmation_sim_2026-09,2026-09-01T09:00:00+00:00
NKCEB3PRFEV5BERA,100000,erp:price_confirmation_sim_2026-09,2026-09-01T09:00:00+00:00
SHOEHYA2U4D2FDGE,129900,erp:price_confirmation_sim_2026-09,2026-09-01T09:00:00+00:00
JCKDXPJGDX8MMGDF,149900,erp:price_confirmation_sim_2026-09,2026-09-01T09:00:00+00:00
PCSE6X3YZ6M35GZ9,79900,erp:price_confirmation_sim_2026-09,2026-09-01T09:00:00+00:00
DREEFJ44EBBUEKKY,69900,erp:price_confirmation_sim_2026-09,2026-09-01T09:00:00+00:00
SHIE9FMPPPMDUXVZ,224900,erp:price_confirmation_sim_2026-09,2026-09-01T09:00:00+00:00
SRTEGWKMWDED9GFW,94900,erp:price_confirmation_sim_2026-09,2026-09-01T09:00:00+00:00
RNCEJ64CFF8BJDQF,99900,erp:price_confirmation_sim_2026-09,2026-09-01T09:00:00+00:00
NKCDV7KGMQESBWEK,41600,erp:price_confirmation_sim_2026-09,2026-09-01T09:00:00+00:00
BBADXFQG5SQPQ52G,29900,erp:price_confirmation_sim_2026-09,2026-09-01T09:00:00+00:00
ACCE87C2Q7Y7YARB,22400,erp:price_confirmation_sim_2026-09,2026-09-01T09:00:00+00:00
CRTECN2QX928WWVE,159900,erp:price_confirmation_sim_2026-09,2026-09-01T09:00:00+00:00
NKCDY44FMPNQHFFN,44900,erp:price_confirmation_sim_2026-09,2026-09-01T09:00:00+00:00
BRAEGJFXQ6ZMRMAF,29900,erp:price_confirmation_sim_2026-09,2026-09-01T09:00:00+00:00
SHOE47YQYGX5254P,199900,erp:price_confirmation_sim_2026-09,2026-09-01T09:00:00+00:00
JWSEBUKYBFXYWAGF,99900,erp:price_confirmation_sim_2026-09,2026-09-01T09:00:00+00:00
NKCECZKQCFGWJ36A,24500,erp:price_confirmation_sim_2026-09,2026-09-01T09:00:00+00:00
TSHEHU5RGV5MQ4DC,99900,erp:price_confirmation_sim_2026-09,2026-09-01T09:00:00+00:00
DREEJZWWQGZRNSUK,64900,erp:price_confirmation_sim_2026-09,2026-09-01T09:00:00+00:00
SNDE69H7RHFAUARF,118700,erp:price_confirmation_sim_2026-09,2026-09-01T09:00:00+00:00
SHIE3FHYZYD3JHQD,850000,erp:price_confirmation_sim_2026-09,2026-09-01T09:00:00+00:00
BEMEEZ6CKEEYGBZS,1462400,erp:price_confirmation_sim_2026-09,2026-09-01T09:00:00+00:00
DRPEHYHMEZHDYRK5,49900,erp:price_confirmation_sim_2026-09,2026-09-01T09:00:00+00:00
BBAECHGKFYZTWZJM,49900,erp:price_confirmation_sim_2026-09,2026-09-01T09:00:00+00:00
CAGE6FYKGSNJWBG8,27700,erp:price_confirmation_sim_2026-09,2026-09-01T09:00:00+00:00
FABEHZJDBFJHYWAJ,11000,erp:price_confirmation_sim_2026-09,2026-09-01T09:00:00+00:00
RNGDX7U4FFMCPN2V,2770300,erp:price_confirmation_sim_2026-09,2026-09-01T09:00:00+00:00
CRTECN2QTNHHPAZ5,138000,erp:price_confirmation_sim_2026-09,2026-09-01T09:00:00+00:00
ACCEGCAVP2NZEETM,16900,erp:price_confirmation_sim_2026-09,2026-09-01T09:00:00+00:00
TSHEHU5RPEPPZW2R,99900,erp:price_confirmation_sim_2026-09,2026-09-01T09:00:00+00:00
TOPEBUTMCXPBY7FK,64900,erp:price_confirmation_sim_2026-09,2026-09-01T09:00:00+00:00
CRTECN2QTYMM5RGZ,159900,erp:price_confirmation_sim_2026-09,2026-09-01T09:00:00+00:00
SHIEHY8HVXDRG7G5,29700,erp:price_confirmation_sim_2026-09,2026-09-01T09:00:00+00:00
PENEGVHHQJHXGUYN,169500,erp:price_confirmation_sim_2026-09,2026-09-01T09:00:00+00:00
SHOEBG6ZRCKHXNXE,230900,erp:price_confirmation_sim_2026-09,2026-09-01T09:00:00+00:00
STIE7KFKTVFQENK6,72000,erp:price_confirmation_sim_2026-09,2026-09-01T09:00:00+00:00
CPCE2ZMDYGENCZEN,29900,erp:price_confirmation_sim_2026-09,2026-09-01T09:00:00+00:00
WATE7VE2D62VEKW8,69500,erp:price_confirmation_sim_2026-09,2026-09-01T09:00:00+00:00
NKCEA4CAPHDH5TJT,40000,erp:price_confirmation_sim_2026-09,2026-09-01T09:00:00+00:00
NDNE5ZPGKC5BBZBH,79900,erp:price_confirmation_sim_2026-09,2026-09-01T09:00:00+00:00
NKCEBVGGUEZCJZZR,36900,erp:price_confirmation_sim_2026-09,2026-09-01T09:00:00+00:00
SNDE6KNAQN3GFRQG,49900,erp:price_confirmation_sim_2026-09,2026-09-01T09:00:00+00:00
NKCEB98TZYFNQMU6,24900,erp:price_confirmation_sim_2026-09,2026-09-01T09:00:00+00:00
PBXEBHJDCGYUS8EE,43900,erp:price_confirmation_sim_2026-09,2026-09-01T09:00:00+00:00
TSHEDH3BZMBVTYCA,89900,erp:price_confirmation_sim_2026-09,2026-09-01T09:00:00+00:00
CPGEGQ6TN2HDJP4W,105000,erp:price_confirmation_sim_2026-09,2026-09-01T09:00:00+00:00
PBXE92G5YEA7JAHZ,18900,erp:price_confirmation_sim_2026-09,2026-09-01T09:00:00+00:00
SHOECTF4FGM9FZNX,119900,erp:price_confirmation_sim_2026-09,2026-09-01T09:00:00+00:00
SHTEAKRZWCHHZEYP,44900,erp:price_confirmation_sim_2026-09,2026-09-01T09:00:00+00:00
TSHE9K9KJHZVWXDG,29900,erp:price_confirmation_sim_2026-09,2026-09-01T09:00:00+00:00
BRAE8WYHSZHPCHVN,32900,erp:price_confirmation_sim_2026-09,2026-09-01T09:00:00+00:00
NKCE6UWHWNCNCFQF,29900,erp:price_confirmation_sim_2026-09,2026-09-01T09:00:00+00:00
ACCE9WVGPZPZHYZC,59900,erp:price_confirmation_sim_2026-09,2026-09-01T09:00:00+00:00
PACE26UZFAH7U2Y4,86500,erp:price_confirmation_sim_2026-09,2026-09-01T09:00:00+00:00
BRAEDFNHCHMDHCYR,29800,erp:price_confirmation_sim_2026-09,2026-09-01T09:00:00+00:00
CAGE5JHSRFXM4BEH,38000,erp:price_confirmation_sim_2026-09,2026-09-01T09:00:00+00:00
ACBEAGHHHWJAHA9C,47900,erp:price_confirmation_sim_2026-09,2026-09-01T09:00:00+00:00
BBAE3QDNUGVN8QYG,52500,erp:price_confirmation_sim_2026-09,2026-09-01T09:00:00+00:00
BBAEE9CTDERGSGKW,49500,erp:price_confirmation_sim_2026-09,2026-09-01T09:00:00+00:00
KRTECENGCNKAHSP9,44900,erp:price_confirmation_sim_2026-09,2026-09-01T09:00:00+00:00
SHTE8SMD9CNJYQEZ,37900,erp:price_confirmation_sim_2026-09,2026-09-01T09:00:00+00:00
TOPE5PHFZHVEY42Z,35900,erp:price_confirmation_sim_2026-09,2026-09-01T09:00:00+00:00
ACCEAHRFFH3S7HFF,69900,erp:price_confirmation_sim_2026-09,2026-09-01T09:00:00+00:00
SHOECUZUWWUMMEBC,190000,erp:price_confirmation_sim_2026-09,2026-09-01T09:00:00+00:00
NKCEASCZBAEB2Y63,44900,erp:price_confirmation_sim_2026-09,2026-09-01T09:00:00+00:00
RNGE9HE5KQD4GYVZ,2922600,erp:price_confirmation_sim_2026-09,2026-09-01T09:00:00+00:00
SHOED36FPJ9WYBJK,99900,erp:price_confirmation_sim_2026-09,2026-09-01T09:00:00+00:00
JWSEAH9VYCPHEYSH,39900,erp:price_confirmation_sim_2026-09,2026-09-01T09:00:00+00:00
CBKEBVA8H7KPU6HK,28500,erp:price_confirmation_sim_2026-09,2026-09-01T09:00:00+00:00
ACCEKFVVZJMTYWPK,24900,erp:price_confirmation_sim_2026-09,2026-09-01T09:00:00+00:00
JWSE75Q8JGKMF9TS,60900,erp:price_confirmation_sim_2026-09,2026-09-01T09:00:00+00:00
PBXEANB8BEBFDG9Q,24900,erp:price_confirmation_sim_2026-09,2026-09-01T09:00:00+00:00
LCMEJMZ6XWZVKX3D,144000,erp:price_confirmation_sim_2026-09,2026-09-01T09:00:00+00:00
CRTECN2QWEDYMDNQ,92000,erp:price_confirmation_sim_2026-09,2026-09-01T09:00:00+00:00
AFGEFJSHE2NERYX8,426900,erp:price_confirmation_sim_2026-09,2026-09-01T09:00:00+00:00
STIEYZ5TYUFJHDMZ,39900,erp:price_confirmation_sim_2026-09,2026-09-01T09:00:00+00:00
LGCEEBN7JPZJC4FD,149900,erp:price_confirmation_sim_2026-09,2026-09-01T09:00:00+00:00
STIEYZ5TNACUD77N,39900,erp:price_confirmation_sim_2026-09,2026-09-01T09:00:00+00:00
ACCDXH5JGXMTZFTZ,24900,erp:price_confirmation_sim_2026-09,2026-09-01T09:00:00+00:00
TOPECCNVM4SN9F9C,149900,erp:price_confirmation_sim_2026-09,2026-09-01T09:00:00+00:00
BBAEECVVEFTTYUJA,59900,erp:price_confirmation_sim_2026-09,2026-09-01T09:00:00+00:00
BBAEJA4VQ8WKHX28,46600,erp:price_confirmation_sim_2026-09,2026-09-01T09:00:00+00:00
NKCE5H4XRHTYGHHJ,29900,erp:price_confirmation_sim_2026-09,2026-09-01T09:00:00+00:00
NKCDZHF7GVYJSFDF,44600,erp:price_confirmation_sim_2026-09,2026-09-01T09:00:00+00:00
NKCE9AZMXVGVUCU2,19900,erp:price_confirmation_sim_2026-09,2026-09-01T09:00:00+00:00
NKCE96SXFGQXWVKR,25000,erp:price_confirmation_sim_2026-09,2026-09-01T09:00:00+00:00
BRAEAZEFXGVCTJJN,38900,erp:price_confirmation_sim_2026-09,2026-09-01T09:00:00+00:00
JEAEFYQHSR7BWPG9,77500,erp:price_confirmation_sim_2026-09,2026-09-01T09:00:00+00:00
SHTE5GVFBGGGHVDM,78700,erp:price_confirmation_sim_2026-09,2026-09-01T09:00:00+00:00
USGEE3GGGGYWM8ZZ,19500,erp:price_confirmation_sim_2026-09,2026-09-01T09:00:00+00:00
BRAE3TSHWHCZVZW6,9900,erp:price_confirmation_sim_2026-09,2026-09-01T09:00:00+00:00
SHOE9WDKSF4MHSDK,175000,erp:price_confirmation_sim_2026-09,2026-09-01T09:00:00+00:00
NKCECGVBP95YTKNA,44900,erp:price_confirmation_sim_2026-09,2026-09-01T09:00:00+00:00
SWIEHF3EF5PZAZUY,91000,erp:price_confirmation_sim_2026-09,2026-09-01T09:00:00+00:00
NKCDYG8BDVKZ7GP8,49900,erp:price_confirmation_sim_2026-09,2026-09-01T09:00:00+00:00
BBADWZZD2H57J7FW,53000,erp:price_confirmation_sim_2026-09,2026-09-01T09:00:00+00:00
NKCE3KVSXWZPHFB9,29900,erp:price_confirmation_sim_2026-09,2026-09-01T09:00:00+00:00
RNGEBD45KWPUJG3F,127900,erp:price_confirmation_sim_2026-09,2026-09-01T09:00:00+00:00
TOPEHFYBVAUNRGX3,59700,erp:price_confirmation_sim_2026-09,2026-09-01T09:00:00+00:00
BBAE73VFNENV92GG,14900,erp:price_confirmation_sim_2026-09,2026-09-01T09:00:00+00:00
CRTECN2QXPXD8ZAU,135000,erp:price_confirmation_sim_2026-09,2026-09-01T09:00:00+00:00
BRAECFARCCEGEQFX,33000,erp:price_confirmation_sim_2026-09,2026-09-01T09:00:00+00:00
CRTECN2QYJGSFZMP,92000,erp:price_confirmation_sim_2026-09,2026-09-01T09:00:00+00:00
NKCE8NX2YNZJDK9F,19900,erp:price_confirmation_sim_2026-09,2026-09-01T09:00:00+00:00
BTWEDFCPBQ6FNNGB,44900,erp:price_confirmation_sim_2026-09,2026-09-01T09:00:00+00:00
TKPE7ZNGFYGRHUFA,65500,erp:price_confirmation_sim_2026-09,2026-09-01T09:00:00+00:00
BBAEDZHYZMSMVVTY,75000,erp:price_confirmation_sim_2026-09,2026-09-01T09:00:00+00:00
SNDDZK5FHH85BUZN,99900,erp:price_confirmation_sim_2026-09,2026-09-01T09:00:00+00:00
ACCEGKFGPM6SBFFQ,21800,erp:price_confirmation_sim_2026-09,2026-09-01T09:00:00+00:00
SWTEDFVGSHZBRB3Z,43900,erp:price_confirmation_sim_2026-09,2026-09-01T09:00:00+00:00
CAGE79CEHJZX52XS,32900,erp:price_confirmation_sim_2026-09,2026-09-01T09:00:00+00:00
PELEG7RC48ZESHM3,97200,erp:price_confirmation_sim_2026-09,2026-09-01T09:00:00+00:00
NKCE2QKGRKR2YFYF,2500000,erp:price_confirmation_sim_2026-09,2026-09-01T09:00:00+00:00
NKCDWHFRDMFWMSYT,39900,erp:price_confirmation_sim_2026-09,2026-09-01T09:00:00+00:00
DREEAZHMPSX9JX7N,99900,erp:price_confirmation_sim_2026-09,2026-09-01T09:00:00+00:00
RTRDYYTZVSFZQXWF,127000,erp:price_confirmation_sim_2026-09,2026-09-01T09:00:00+00:00
TOPECJAYU9HYX3FA,49900,erp:price_confirmation_sim_2026-09,2026-09-01T09:00:00+00:00
SHTE6GEJRVEYCJQV,39900,erp:price_confirmation_sim_2026-09,2026-09-01T09:00:00+00:00
DREEDFVG4HH3HFHT,35600,erp:price_confirmation_sim_2026-09,2026-09-01T09:00:00+00:00
JEAEGHQ45QX6678U,61600,erp:price_confirmation_sim_2026-09,2026-09-01T09:00:00+00:00
ACCE9Y6QHSHZ6NWK,59900,erp:price_confirmation_sim_2026-09,2026-09-01T09:00:00+00:00
CBKEAHJXNHWVZUKE,178500,erp:price_confirmation_sim_2026-09,2026-09-01T09:00:00+00:00
NKCEBMDCVPMF2GTX,49000,erp:price_confirmation_sim_2026-09,2026-09-01T09:00:00+00:00
NKCE4894FKHVGPMN,41400,erp:price_confirmation_sim_2026-09,2026-09-01T09:00:00+00:00
CBKEAHJXUF3XZVC2,66600,erp:price_confirmation_sim_2026-09,2026-09-01T09:00:00+00:00
ACCEAZCVWSQFGFSK,59900,erp:price_confirmation_sim_2026-09,2026-09-01T09:00:00+00:00
ACCEA4BDS6FDHZY6,59900,erp:price_confirmation_sim_2026-09,2026-09-01T09:00:00+00:00
TOPDQAUYZKH2GDTM,49400,erp:price_confirmation_sim_2026-09,2026-09-01T09:00:00+00:00
SHTEC8AHPZSZYGJ9,32700,erp:price_confirmation_sim_2026-09,2026-09-01T09:00:00+00:00
DREEHCZDNCMHZGUG,80900,erp:price_confirmation_sim_2026-09,2026-09-01T09:00:00+00:00
MUGEACY8TXGZFHKY,19900,erp:price_confirmation_sim_2026-09,2026-09-01T09:00:00+00:00
CAGE6FYKHZ9HRKAB,27700,erp:price_confirmation_sim_2026-09,2026-09-01T09:00:00+00:00
JWSEBXZF8JURSWZZ,99900,erp:price_confirmation_sim_2026-09,2026-09-01T09:00:00+00:00
RCTDWR8FFE5FCH5H,323000,erp:price_confirmation_sim_2026-09,2026-09-01T09:00:00+00:00
PWBEH5GVSSEVAYFH,184200,erp:price_confirmation_sim_2026-09,2026-09-01T09:00:00+00:00
ACCE9Z5RPDN3SC6G,59900,erp:price_confirmation_sim_2026-09,2026-09-01T09:00:00+00:00
ETHEGDTGYCFHJEEF,208900,erp:price_confirmation_sim_2026-09,2026-09-01T09:00:00+00:00
CRNEG8D8Z8MCHKRR,69900,erp:price_confirmation_sim_2026-09,2026-09-01T09:00:00+00:00
MUGE8S9K9YBFCGQV,17500,erp:price_confirmation_sim_2026-09,2026-09-01T09:00:00+00:00
NKCE9YCYAJTGZFZZ,38100,erp:price_confirmation_sim_2026-09,2026-09-01T09:00:00+00:00
WATDP5NHCGSBNZZY,95000,erp:price_confirmation_sim_2026-09,2026-09-01T09:00:00+00:00
BTWDZHJGSFJ4SQ8G,37500,erp:price_confirmation_sim_2026-09,2026-09-01T09:00:00+00:00
NKCEAGXHHAAGNS2H,24900,erp:price_confirmation_sim_2026-09,2026-09-01T09:00:00+00:00
SNDE5TY3KAETEZVX,49900,erp:price_confirmation_sim_2026-09,2026-09-01T09:00:00+00:00
NKCE3JRM9JFFFGEG,19900,erp:price_confirmation_sim_2026-09,2026-09-01T09:00:00+00:00
SHIEBWNUB6QGHNGD,1340000,erp:price_confirmation_sim_2026-09,2026-09-01T09:00:00+00:00
BBAE5PFM32XQWRYQ,39900,erp:price_confirmation_sim_2026-09,2026-09-01T09:00:00+00:00
ACCEHQJT59UZYR7B,39900,erp:price_confirmation_sim_2026-09,2026-09-01T09:00:00+00:00
ACCE9DJZCF5DFVP9,168500,erp:price_confirmation_sim_2026-09,2026-09-01T09:00:00+00:00
SHTEFKJF6EZYQGB4,49900,erp:price_confirmation_sim_2026-09,2026-09-01T09:00:00+00:00
PBXEBACDET3D2KFB,27500,erp:price_confirmation_sim_2026-09,2026-09-01T09:00:00+00:00
TSHEH9F3ZTGNZHYJ,34900,erp:price_confirmation_sim_2026-09,2026-09-01T09:00:00+00:00
TSHE7KBH65QU5PJE,41900,erp:price_confirmation_sim_2026-09,2026-09-01T09:00:00+00:00
TSHE8HQPHFZGHMYG,69900,erp:price_confirmation_sim_2026-09,2026-09-01T09:00:00+00:00
SHODYQE7XWFMYYWN,179400,erp:price_confirmation_sim_2026-09,2026-09-01T09:00:00+00:00
CRNEEABUFZYDXQXZ,59900,erp:price_confirmation_sim_2026-09,2026-09-01T09:00:00+00:00
CAGE5RNE4JVBXZBX,24900,erp:price_confirmation_sim_2026-09,2026-09-01T09:00:00+00:00
BDSEJJ7CMKHRWVCZ,26000,erp:price_confirmation_sim_2026-09,2026-09-01T09:00:00+00:00
SNDE5PJGURDFBURG,59900,erp:price_confirmation_sim_2026-09,2026-09-01T09:00:00+00:00
SHTE8XYCYAD3HHZF,39900,erp:price_confirmation_sim_2026-09,2026-09-01T09:00:00+00:00
GRTEAPBJYWQ6CKCV,28500,erp:price_confirmation_sim_2026-09,2026-09-01T09:00:00+00:00
BBAEGGDCFERYAQHU,235800,erp:price_confirmation_sim_2026-09,2026-09-01T09:00:00+00:00
DREE3KKW5RHTFSGC,94900,erp:price_confirmation_sim_2026-09,2026-09-01T09:00:00+00:00
BRHEDHAUZJJNTB4B,29900,erp:price_confirmation_sim_2026-09,2026-09-01T09:00:00+00:00
PYJEH24XGHWTJTZA,52500,erp:price_confirmation_sim_2026-09,2026-09-01T09:00:00+00:00
ACCEGNT9BYZVJANY,19500,erp:price_confirmation_sim_2026-09,2026-09-01T09:00:00+00:00
ETHEGYKNTMMDAGKT,49900,erp:price_confirmation_sim_2026-09,2026-09-01T09:00:00+00:00
JWSEBCY4GYKNFS6Q,50000,erp:price_confirmation_sim_2026-09,2026-09-01T09:00:00+00:00
RNGEDF5HDGKZGA3T,2234300,erp:price_confirmation_sim_2026-09,2026-09-01T09:00:00+00:00
SOCEGZA52GBGXWYB,69900,erp:price_confirmation_sim_2026-09,2026-09-01T09:00:00+00:00
SHTE524QZEUXPHBM,49900,erp:price_confirmation_sim_2026-09,2026-09-01T09:00:00+00:00
VMREGZPQQR7QURFF,59400,erp:price_confirmation_sim_2026-09,2026-09-01T09:00:00+00:00
SWTEEYDSNHH6BYU5,49900,erp:price_confirmation_sim_2026-09,2026-09-01T09:00:00+00:00
SHOECFFWRJYBTPHY,89900,erp:price_confirmation_sim_2026-09,2026-09-01T09:00:00+00:00
KITEEVFDJDZ2ANQG,127000,erp:price_confirmation_sim_2026-09,2026-09-01T09:00:00+00:00
SHTEB9BVZVZAWABF,49900,erp:price_confirmation_sim_2026-09,2026-09-01T09:00:00+00:00
BRAE6YVCHYSFSMWY,24900,erp:price_confirmation_sim_2026-09,2026-09-01T09:00:00+00:00
DREE8AQXPWYHDYGR,89700,erp:price_confirmation_sim_2026-09,2026-09-01T09:00:00+00:00
TSHECPZRPFMWUTGJ,49900,erp:price_confirmation_sim_2026-09,2026-09-01T09:00:00+00:00
WATEY7SDNRGSEDEE,65500,erp:price_confirmation_sim_2026-09,2026-09-01T09:00:00+00:00
DREEAY5YCZ3WYSMD,64800,erp:price_confirmation_sim_2026-09,2026-09-01T09:00:00+00:00
PACEBEW6FSE32PDY,12900,erp:price_confirmation_sim_2026-09,2026-09-01T09:00:00+00:00
CRTECN2QWWAWVZKT,159900,erp:price_confirmation_sim_2026-09,2026-09-01T09:00:00+00:00
BCHEEYZYHGZ5W6SX,37500,erp:price_confirmation_sim_2026-09,2026-09-01T09:00:00+00:00
SHTEJK9URXWQB7CJ,314500,erp:price_confirmation_sim_2026-09,2026-09-01T09:00:00+00:00
ACCEDUQAX9GDMGUY,45000,erp:price_confirmation_sim_2026-09,2026-09-01T09:00:00+00:00
PBXE6677HGV7UNPU,20900,erp:price_confirmation_sim_2026-09,2026-09-01T09:00:00+00:00
NKCE64Z4NGBHNAY7,38100,erp:price_confirmation_sim_2026-09,2026-09-01T09:00:00+00:00
