product_id,qty,source,as_of
FSEEJS6CT2TZFJUU,0,wms:stock_snapshot_sim,2026-09-04T17:12:44.800284+00:00
STIE9F5UAZDTVFG5,26,wms:stock_snapshot_sim,2026-09-04T17:12:44.800284+00:00
PELEGPF7C9YZFKDM,34,wms:stock_snapshot_sim,2026-09-04T17:12:44.800284+00:00
CAPE2ZGGQ56T9HGZ,1,wms:stock_snapshot_sim,2026-09-04T17:12:44.800284+00:00
WCKE56UCFX5EG9ZK,25,wms:stock_snapshot_sim,2026-09-04T17:12:44.800284+00:00
BXRE7YHJVCUKHKF7,8,wms:stock_snapshot_sim,2026-09-04T17:12:44.800284+00:00
PCSEAH5WEFMRTDEX,3,wms:stock_snapshot_sim,2026-09-04T17:12:44.800284+00:00
CBKEAHJXFZTXMFZ9,6,wms:stock_snapshot_sim,2026-09-04T17:12:44.800284+00:00
VAREGHJHAYZH3DEE,39,wms:stock_snapshot_sim,2026-09-04T17:12:44.800284+00:00
BATDCXVFGC7BHGZK,0,wms:stock_snapshot_sim,2026-09-04T17:12:44.800284+00:00
RNGEDAK7ZHEZDHEH,7,wms:stock_snapshot_sim,2026-09-04T17:12:44.800284+00:00
KRTEBT9CWJBZYZGJ,22,wms:stock_snapshot_sim,2026-09-04T17:12:44.800284+00:00
PACEBEW6FSE32PDY,6,wms:stock_snapshot_sim,2026-09-04T17:12:44.800284+00:00
SHIEBY82QFGWNYTE,31,wms:stock_snapshot_sim,2026-09-04T17:12:44.800284+00:00
SHTE3ZDHFJ42TPFB,29,wms:stock_snapshot_sim,2026-09-04T17:12:44.800284+00:00
TOPE8DPRAU6DCFKN,20,wms:stock_snapshot_sim,2026-09-04T17:12:44.800284+00:00
BRAE3P8YHGJF5WUZ,10,wms:stock_snapshot_sim,2026-09-04T17:12:44.800284+00:00
SFFEHK9JZTUFV3HN,35,wms:stock_snapshot_sim,2026-09-04T17:12:44.800284+00:00
BBAE7Z93RYAJP662,35,wms:stock_snapshot_sim,2026-09-04T17:12:44.800284+00:00
DREEHPGGYTZB7WGH,3,wms:stock_snapshot_sim,2026-09-04T17:12:44.800284+00:00
BRAE6FMZXSZWA2QY,19,wms:stock_snapshot_sim,2026-09-04T17:12:44.800284+00:00
KRTEBFRQEW73G6BA,27,wms:stock_snapshot_sim,2026-09-04T17:12:44.800284+00:00
SHTEBJKTHTYT7NER,15,wms:stock_snapshot_sim,2026-09-04T17:12:44.800284+00:00
SWTEC87HBGGCZ5HZ,0,wms:stock_snapshot_sim,2026-09-04T17:12:44.800284+00:00
BBAE73VFNENV92GG,10,wms:stock_snapshot_sim,2026-09-04T17:12:44.800284+00:00
BKPEFKJYGPRQWMZ7,19,wms:stock_snapshot_sim,2026-09-04T17:12:44.800284+00:00
BTWE5FQBGFYDBQFY,25,wms:stock_snapshot_sim,2026-09-04T17:12:44.800284+00:00
PCSE4FKC73GEKW7W,8,wms:stock_snapshot_sim,2026-09-04T17:12:44.800284+00:00
SFFEG3FZXBBHJHZG,8,wms:stock_snapshot_sim,2026-09-04T17:12:44.800284+00:00
SHTE6P4EQHBG7VWY,19,wms:stock_snapshot_sim,2026-09-04T17:12:44.800284+00:00
BRAECKHYDVMUMAKF,40,wms:stock_snapshot_sim,2026-09-04T17:12:44.800284+00:00
JWSE346HBDCSUGR6,24,wms:stock_snapshot_sim,2026-09-04T17:12:44.800284+00:00
ACCDY6GVZYHGRRPP,6,wms:stock_snapshot_sim,2026-09-04T17:12:44.800284+00:00
SHIE4GFNDBQTUBTU,39,wms:stock_snapshot_sim,2026-09-04T17:12:44.800284+00:00
SHTECJPBXNATSCCH,28,wms:stock_snapshot_sim,2026-09-04T17:12:44.800284+00:00
VAREGHJHEWTEXDVW,39,wms:stock_snapshot_sim,2026-09-04T17:12:44.800284+00:00
SHTEGYG6ZTPZHBTH,28,wms:stock_snapshot_sim,2026-09-04T17:12:44.800284+00:00
CAGE225HGFQ4VSSK,20,wms:stock_snapshot_sim,2026-09-04T17:12:44.800284+00:00
SHOEH7SY8PZPF9NE,19,wms:stock_snapshot_sim,2026-09-04T17:12:44.800284+00:00
BRAE3WVQPYSZ54FF,7,wms:stock_snapshot_sim,2026-09-04T17:12:44.800284+00:00
USGEE27EHJBEYVVA,32,wms:stock_snapshot_sim,2026-09-04T17:12:44.800284+00:00
SHTEYQHGTFHGB3K6,17,wms:stock_snapshot_sim,2026-09-04T17:12:44.800284+00:00
CRTECN2QYZXQGFHE,5,wms:stock_snapshot_sim,2026-09-04T17:12:44.800284+00:00
PEBEDMZDNZHRNBDZ,10,wms:stock_snapshot_sim,2026-09-04T17:12:44.800284+00:00
PHFEG8HFYXFTK6JA,10,wms:stock_snapshot_sim,2026-09-04T17:12:44.800284+00:00
LEAEAZDSZYFTQNSD,25,wms:stock_snapshot_sim,2026-09-04T17:12:44.800284+00:00
BRAEGJFXESES6E8F,31,wms:stock_snapshot_sim,2026-09-04T17:12:44.800284+00:00
TSHEBMZ9STP7ZVRP,8,wms:stock_snapshot_sim,2026-09-04T17:12:44.800284+00:00
DGBDZFBTFEF4H2VJ,18,wms:stock_snapshot_sim,2026-09-04T17:12:44.800284+00:00
BTWEDXPFKGYUKKNG,21,wms:stock_snapshot_sim,2026-09-04T17:12:44.800284+00:00
DREEBG9BTM4R4WUJ,12,wms:stock_snapshot_sim,2026-09-04T17:12:44.800284+00:00
MANEFPJ5BZVWZQYF,23,wms:stock_snapshot_sim,2026-09-04T17:12:44.800284+00:00
ACBEA4496CMCQZCU,28,wms:stock_snapshot_sim,2026-09-04T17:12:44.800284+00:00
SHTE8E6Y7ZDMQAZH,27,wms:stock_snapshot_sim,2026-09-04T17:12:44.800284+00:00
CRTECN2QSDTHGBEH,22,wms:stock_snapshot_sim,2026-09-04T17:12:44.800284+00:00
STIE7KFHAEKZHF6T,16,wms:stock_snapshot_sim,2026-09-04T17:12:44.800284+00:00
NKCEAVZ3S7F84G4P,36,wms:stock_snapshot_sim,2026-09-04T17:12:44.800284+00:00
SHIE8G24RUNDF63N,35,wms:stock_snapshot_sim,2026-09-04T17:12:44.800284+00:00
NKCDZHF7TKGY8BAX,35,wms:stock_snapshot_sim,2026-09-04T17:12:44.800284+00:00
CAGE3GFTKFNDSUJY,25,wms:stock_snapshot_sim,2026-09-04T17:12:44.800284+00:00
GKEE5ZZ34VYKVZEK,0,wms:stock_snapshot_sim,2026-09-04T17:12:44.800284+00:00
LJGE3FPMVGJYUG8V,34,wms:stock_snapshot_sim,2026-09-04T17:12:44.800284+00:00
CPCE2ZME2P7BMJFB,15,wms:stock_snapshot_sim,2026-09-04T17:12:44.800284+00:00
BLAE2HWCGMSQV2F5,16,wms:stock_snapshot_sim,2026-09-04T17:12:44.800284+00:00
AVCEGCNWNBG9QNDC,14,wms:stock_snapshot_sim,2026-09-04T17:12:44.800284+00:00
CRTECN2QYRY2KWZF,2,wms:stock_snapshot_sim,2026-09-04T17:12:44.800284+00:00
KRTE82ASGB4VKFUS,31,wms:stock_snapshot_sim,2026-09-04T17:12:44.800284+00:00
LJGE8GG2TDDATASC,8,wms:stock_snapshot_sim,2026-09-04T17:12:44.800284+00:00
TKPEG27A7Z6JWK6Y,0,wms:stock_snapshot_sim,2026-09-04T17:12:44.800284+00:00
WRSE4EY9FEFZVHD8,9,wms:stock_snapshot_sim,2026-09-04T17:12:44.800284+00:00
KRTE7X8NADSVDEET,10,wms:stock_snapshot_sim,2026-09-04T17:12:44.800284+00:00
SHOE2FBZSHMWGNSJ,36,wms:stock_snapshot_sim,2026-09-04T17:12:44.800284+00:00
CRTECYY4GFDJFKBD,27,wms:stock_snapshot_sim,2026-09-04T17:12:44.800284+00:00
NDNEBA9VUFJGTDEE,15,wms:stock_snapshot_sim,2026-09-04T17:12:44.800284+00:00
DREECCMNTG6KXD77,0,wms:stock_snapshot_sim,2026-09-04T17:12:44.800284+00:00
SHOEBHZA5BXBKRDC,10,wms:stock_snapshot_sim,2026-09-04T17:12:44.800284+00:00
PCSEDUT3FS8UTKJQ,2,wms:stock_snapshot_sim,2026-09-04T17:12:44.800284+00:00
VESEGPYTNCPEGMNY,28,wms:stock_snapshot_sim,2026-09-04T17:12:44.800284+00:00
CAGDUDG8FHXXUYJS,7,wms:stock_snapshot_sim,2026-09-04T17:12:44.800284+00:00
CAGE8PKG4HSNQQKY,5,wms:stock_snapshot_sim,2026-09-04T17:12:44.800284+00:00
KRTE67ZQ5XYDYZNH,39,wms:stock_snapshot_sim,2026-09-04T17:12:44.800284+00:00
MUGEACY8NCCXXWJZ,2,wms:stock_snapshot_sim,2026-09-04T17:12:44.800284+00:00
SOCEDFAY5EHHZKUF,10,wms:stock_snapshot_sim,2026-09-04T17:12:44.800284+00:00
BRAE8EHTWXMGVQUS,0,wms:stock_snapshot_sim,2026-09-04T17:12:44.800284+00:00
RNGE88FRWWZECGGM,0,wms:stock_snapshot_sim,2026-09-04T17:12:44.800284+00:00
BBAE7AGX8CF7TY8U,27,wms:stock_snapshot_sim,2026-09-04T17:12:44.800284+00:00
BRAEDTP7YHBYWYG5,12,wms:stock_snapshot_sim,2026-09-04T17:12:44.800284+00:00
PEBEDMZDGGWGZPGN,9,wms:stock_snapshot_sim,2026-09-04T17:12:44.800284+00:00
ACCE9Z2HEPHDQDJG,20,wms:stock_snapshot_sim,2026-09-04T17:12:44.800284+00:00
RNGE4YPTQYRECV9J,22,wms:stock_snapshot_sim,2026-09-04T17:12:44.800284+00:00
PCSEAKVBRR8TKKZG,1,wms:stock_snapshot_sim,2026-09-04T17:12:44.800284+00:00
ACCDV4GCKJQEUHZS,10,wms:stock_snapshot_sim,2026-09-04T17:12:44.800284+00:00
NKCE6XU6NKSZPBYC,0,wms:stock_snapshot_sim,2026-09-04T17:12:44.800284+00:00
RCLEYW4Q2MXFSCSM,39,wms:stock_snapshot_sim,2026-09-04T17:12:44.800284+00:00
RNGE7GVYHYXZZJDQ,33,wms:stock_snapshot_sim,2026-09-04T17:12:44.800284+00:00
ACCE9Z5RPDN3SC6G,26,wms:stock_snapshot_sim,2026-09-04T17:12:44.800284+00:00
EROEJ5QX56VNVPKG,30,wms:stock_snapshot_sim,2026-09-04T17:12:44.800284+00:00
DRPEHYHGJQHDSXFR,17,wms:stock_snapshot_sim,2026-09-04T17:12:44.800284+00:00
BOTEGZWZQRHK89DS,33,wms:stock_snapshot_sim,2026-09-04T17:12:44.800284+00:00
BRAEE6YMKFPSHPY3,15,wms:stock_snapshot_sim,2026-09-04T17:12:44.800284+00:00
CRTEJU6FJTEHSVTR,11,wms:stock_snapshot_sim,2026-09-04T17:12:44.800284+00:00
STIEYZ5TBYZ9VUFJ,6,wms:stock_snapshot_sim,2026-09-04T17:12:44.800284+00:00
SHTEAUZ9YQVZXVHV,9,wms:stock_snapshot_sim,2026-09-04T17:12:44.800284+00:00
NKCE996SQR4MGZSC,26,wms:stock_snapshot_sim,2026-09-04T17:12:44.800284+00:00
BKPE6BUD33FYF36Z,15,wms:stock_snapshot_sim,2026-09-04T17:12:44.800284+00:00
PBXEBQGMSHJDXHKW,36,wms:stock_snapshot_sim,2026-09-04T17:12:44.800284+00:00
DECEG7K7Y3URGWXH,5,wms:stock_snapshot_sim,2026-09-04T17:12:44.800284+00:00
TSHEF3Z3NJMBCSVQ,30,wms:stock_snapshot_sim,2026-09-04T17:12:44.800284+00:00
STIE7KFHGZ5FPWFB,26,wms:stock_snapshot_sim,2026-09-04T17:12:44.800284+00:00
BBAE66EFFAHZTD9T,11,wms:stock_snapshot_sim,2026-09-04T17:12:44.800284+00:00
ACCEGH6QGCGAZBFZ,0,wms:stock_snapshot_sim,2026-09-04T17:12:44.800284+00:00
SHTE8SMD3X9N6RHV,28,wms:stock_snapshot_sim,2026-09-04T17:12:44.800284+00:00
STIEYZ5TNACUD77N,7,wms:stock_snapshot_sim,2026-09-04T17:12:44.800284+00:00
SHOE6QGAYFFMBWG6,24,wms:stock_snapshot_sim,2026-09-04T17:12:44.800284+00:00
NKCDWTGFZ9K5BEJA,22,wms:stock_snapshot_sim,2026-09-04T17:12:44.800284+00:00
NKCEA5FH9ZB34DEE,0,wms:stock_snapshot_sim,2026-09-04T17:12:44.800284+00:00
RNGE7M92TD8CMXXF,35,wms:stock_snapshot_sim,2026-09-04T17:12:44.800284+00:00
SHOEAEPEW8USADYE,14,wms:stock_snapshot_sim,2026-09-04T17:12:44.800284+00:00
CRNEEABUMPW6BZ8C,20,wms:stock_snapshot_sim,2026-09-04T17:12:44.800284+00:00
JEAEGCF5GJNHE3YU,13,wms:stock_snapshot_sim,2026-09-04T17:12:44.800284+00:00
PYJEG32EBY5Z6UZJ,3,wms:stock_snapshot_sim,2026-09-04T17:12:44.800284+00:00
SCFEHFMHWZNYMH9C,6,wms:stock_snapshot_sim,2026-09-04T17:12:44.800284+00:00
JEAEGGDJGFGQXEKV,37,wms:stock_snapshot_sim,2026-09-04T17:12:44.800284+00:00
JEAE6SRJX3Y8FHN5,0,wms:stock_snapshot_sim,2026-09-04T17:12:44.800284+00:00
DEOEG9GYZZAFPDPC,31,wms:stock_snapshot_sim,2026-09-04T17:12:44.800284+00:00
PPMEAGKGRBXZNNFS,0,wms:stock_snapshot_sim,2026-09-04T17:12:44.800284+00:00
BLAEAWAATUTTZFNK,20,wms:stock_snapshot_sim,2026-09-04T17:12:44.800284+00:00
POSEH6RFMHRP9WNZ,0,wms:stock_snapshot_sim,2026-09-04T17:12:44.800284+00:00
BRAE4DHZEAPXQVRG,19,wms:stock_snapshot_sim,2026-09-04T17:12:44.800284+00:00
NKCECZNMRRVZ9YWF,33,wms:stock_snapshot_sim,2026-09-04T17:12:44.800284+00:00
TSHE5VVM3HVGWTZ4,26,wms:stock_snapshot_sim,2026-09-04T17:12:44.800284+00:00
WCKE2TYZ4NWZRG9G,9,wms:stock_snapshot_sim,2026-09-04T17:12:44.800284+00:00
DREEDTNSGFUFPYBQ,7,wms:stock_snapshot_sim,2026-09-04T17:12:44.800284+00:00
WATDP5VZZQPZSNZW,33,wms:stock_snapshot_sim,2026-09-04T17:12:44.800284+00:00
BBAE2FG9DVHKEKV4,10,wms:stock_snapshot_sim,2026-09-04T17:12:44.800284+00:00
SUDEGGAVHRHX2GZV,0,wms:stock_snapshot_sim,2026-09-04T17:12:44.800284+00:00
DREE2J3FEARC9QUN,31,wms:stock_snapshot_sim,2026-09-04T17:12:44.800284+00:00
TOPECE5DGBQNGHJ9,3,wms:stock_snapshot_sim,2026-09-04T17:12:44.800284+00:00
USGEDNR8U6ZAETKA,10,wms:stock_snapshot_sim,2026-09-04T17:12:44.800284+00:00
BBAE7C7JERSTNYNH,6,wms:stock_snapshot_sim,2026-09-04T17:12:44.800284+00:00
SHTEFKJF6EZYQGB4,6,wms:stock_snapshot_sim,2026-09-04T17:12:44.800284+00:00
SHTEE4V8N7YGCJQM,15,wms:stock_snapshot_sim,2026-09-04T17:12:44.800284+00:00
ACCE9Z5RHGFGKESQ,10,wms:stock_snapshot_sim,2026-09-04T17:12:44.800284+00:00
MUGEACY8VZZANNTE,11,wms:stock_snapshot_sim,2026-09-04T17:12:44.800284+00:00
CLTEJ5ZZUZKHHYDK,33,wms:stock_snapshot_sim,2026-09-04T17:12:44.800284+00:00
STIEYZ5XRWAJUNUB,39,wms:stock_snapshot_sim,2026-09-04T17:12:44.800284+00:00
RNGDW2PZZXFUTYHW,22,wms:stock_snapshot_sim,2026-09-04T17:12:44.800284+00:00
RNGEFJFFJPKMSZ8Z,9,wms:stock_snapshot_sim,2026-09-04T17:12:44.800284+00:00
NCCEHZTVHHY8BNDD,24,wms:stock_snapshot_sim,2026-09-04T17:12:44.800284+00:00
TOPE89H8PCWMHBCP,28,wms:stock_snapshot_sim,2026-09-04T17:12:44.800284+00:00
SHMECRRMZRZKQEHM,0,wms:stock_snapshot_sim,2026-09-04T17:12:44.800284+00:00
SHTE8YUNZZ2Q26HX,25,wms:stock_snapshot_sim,2026-09-04T17:12:44.800284+00:00
DREEFG6HR8AV8H96,40,wms:stock_snapshot_sim,2026-09-04T17:12:44.800284+00:00
SHTEB9BVVVB2HMBF,10,wms:stock_snapshot_sim,2026-09-04T17:12:44.800284+00:00
ACCEAZCVWSQFGFSK,32,wms:stock_snapshot_sim,2026-09-04T17:12:44.800284+00:00
SHOEGS9FYTFGGZ97,0,wms:stock_snapshot_sim,2026-09-04T17:12:44.800284+00:00
PTGEGUP5KM48MRRW,0,wms:stock_snapshot_sim,2026-09-04T17:12:44.800284+00:00
RNGEC8PZRKPETAAH,20,wms:stock_snapshot_sim,2026-09-04T17:12:44.800284+00:00
WATDYQ93DYDURETE,6,wms:stock_snapshot_sim,2026-09-04T17:12:44.800284+00:00
TSHE993QVMSS8QGY,30,wms:stock_snapshot_sim,2026-09-04T17:12:44.800284+00:00
CAGEYFZWNWG6SMHG,19,wms:stock_snapshot_sim,2026-09-04T17:12:44.800284+00:00
BBAE7F9BYJ5U8QUE,18,wms:stock_snapshot_sim,2026-09-04T17:12:44.800284+00:00
PBXE6ZHNEV6RHNYG,23,wms:stock_snapshot_sim,2026-09-04T17:12:44.800284+00:00
PTPEDDXTMZKMNXHX,0,wms:stock_snapshot_sim,2026-09-04T17:12:44.800284+00:00
JEAECMCFHX2HDQUZ,30,wms:stock_snapshot_sim,2026-09-04T17:12:44.800284+00:00
SHTE9MH6QPQBNQSY,31,wms:stock_snapshot_sim,2026-09-04T17:12:44.800284+00:00
PBXEBHJDU6WMEJYT,29,wms:stock_snapshot_sim,2026-09-04T17:12:44.800284+00:00
TOPE4ZKTWZMZG635,9,wms:stock_snapshot_sim,2026-09-04T17:12:44.800284+00:00
BLAECYJBSHFYG5VR,37,wms:stock_snapshot_sim,2026-09-04T17:12:44.800284+00:00
NKCDTAXF2EYZ7MP8,24,wms:stock_snapshot_sim,2026-09-04T17:12:44.800284+00:00
TSHE993PGTYPA6ZC,26,wms:stock_snapshot_sim,2026-09-04T17:12:44.800284+00:00
VANEGKVF3W5GGC8D,40,wms:stock_snapshot_sim,2026-09-04T17:12:44.800284+00:00
NKCEYTXEXPFNTD5Q,9,wms:stock_snapshot_sim,2026-09-04T17:12:44.800284+00:00
BRAE8YJHPPWMYBPZ,33,wms:stock_snapshot_sim,2026-09-04T17:12:44.800284+00:00
SHIED9QZH7GZUGSK,21,wms:stock_snapshot_sim,2026-09-04T17:12:44.800284+00:00
WATEYG9YBGAFF7BA,27,wms:stock_snapshot_sim,2026-09-04T17:12:44.800284+00:00
SNDEGHUUHYK7D48R,17,wms:stock_snapshot_sim,2026-09-04T17:12:44.800284+00:00
JEAEHWBYQCUYQABJ,3,wms:stock_snapshot_sim,2026-09-04T17:12:44.800284+00:00
DREEYB4GKJHBVSGZ,4,wms:stock_snapshot_sim,2026-09-04T17:12:44.800284+00:00
NKCDYYQWT2ZZUYZD,16,wms:stock_snapshot_sim,2026-09-04T17:12:44.800284+00:00
RNGE88Q9HE9RQYEM,36,wms:stock_snapshot_sim,2026-09-04T17:12:44.800284+00:00
NKCE6DPDXBXQ7W3A,0,wms:stock_snapshot_sim,2026-09-04T17:12:44.800284+00:00
NKCDZHF7XRYPUWCG,19,wms:stock_snapshot_sim,2026-09-04T17:12:44.800284+00:00
SNDEBKH7XHJFKG2H,37,wms:stock_snapshot_sim,2026-09-04T17:12:44.800284+00:00
SNDE5PJGURDFBURG,5,wms:stock_snapshot_sim,2026-09-04T17:12:44.800284+00:00
NKCE6GJ5GD7KR8KZ,30,wms:stock_snapshot_sim,2026-09-04T17:12:44.800284+00:00
CAGE6GQC6UYAGC5C,23,wms:stock_snapshot_sim,2026-09-04T17:12:44.800284+00:00
JWSEAP5VZGG2FUYR,35,wms:stock_snapshot_sim,2026-09-04T17:12:44.800284+00:00
WCKE2TFYTHBHTP5B,30,wms:stock_snapshot_sim,2026-09-04T17:12:44.800284+00:00
CAGDTSJUFVMVP3XG,12,wms:stock_snapshot_sim,2026-09-04T17:12:44.800284+00:00
SKIEFBPUNZMJJG2C,26,wms:stock_snapshot_sim,2026-09-04T17:12:44.800284+00:00
FABE76TMDUNUVNUD,13,wms:stock_snapshot_sim,2026-09-04T17:12:44.800284+00:00
TSHECJAYY4UK9SKX,5,wms:stock_snapshot_sim,2026-09-04T17:12:44.800284+00:00
RCLEYW4QNGHANNYH,39,wms:stock_snapshot_sim,2026-09-04T17:12:44.800284+00:00
RTRDET9AQR7EMM2G,31,wms:stock_snapshot_sim,2026-09-04T17:12:44.800284+00:00
EDMEGN28ADZ5HZMG,30,wms:stock_snapshot_sim,2026-09-04T17:12:44.800284+00:00
NKCE2YCPMYGTHDKD,0,wms:stock_snapshot_sim,2026-09-04T17:12:44.800284+00:00
SHIECPZQNKC9TGAC,31,wms:stock_snapshot_sim,2026-09-04T17:12:44.800284+00:00
RNGE8Z3HSVHBMXCC,14,wms:stock_snapshot_sim,2026-09-04T17:12:44.800284+00:00
DREE26VHUFEGXXNM,3,wms:stock_snapshot_sim,2026-09-04T17:12:44.800284+00:00
TOPE7H2EUPM9UHNB,25,wms:stock_snapshot_sim,2026-09-04T17:12:44.800284+00:00
NKCE7MBRTAZB2DB5,0,wms:stock_snapshot_sim,2026-09-04T17:12:44.800284+00:00
RNGEDAKEG2DV5Y5D,28,wms:stock_snapshot_sim,2026-09-04T17:12:44.800284+00:00
CRTECN2QYHSS9UXH,14,wms:stock_snapshot_sim,2026-09-04T17:12:44.800284+00:00
ACCEAZCVNKDCDDRU,0,wms:stock_snapshot_sim,2026-09-04T17:12:44.800284+00:00
DREE4YVSX4N6FNVH,28,wms:stock_snapshot_sim,2026-09-04T17:12:44.800284+00:00
ACCEAZCVS4YGWUVH,12,wms:stock_snapshot_sim,2026-09-04T17:12:44.800284+00:00
SHTEDZY5RMB5ZZVG,0,wms:stock_snapshot_sim,2026-09-04T17:12:44.800284+00:00
BBAEDZHYZMSMVVTY,0,wms:stock_snapshot_sim,2026-09-04T17:12:44.800284+00:00
JCKED9T5NPY4GRN5,20,wms:stock_snapshot_sim,2026-09-04T17:12:44.800284+00:00
NKCEAZ6FXQFHJH2Z,29,wms:stock_snapshot_sim,2026-09-04T17:12:44.800284+00:00
RNGE7GVY35ZPA8QX,34,wms:stock_snapshot_sim,2026-09-04T17:12:44.800284+00:00
ACCEEZGXKKMCVE8C,17,wms:stock_snapshot_sim,2026-09-04T17:12:44.800284+00:00
SHTEGZ4NH8VHNXKX,4,wms:stock_snapshot_sim,2026-09-04T17:12:44.800284+00:00
RNGED7QUMBSFDQKU,0,wms:stock_snapshot_sim,2026-09-04T17:12:44.800284+00:00
ACCDVHJPWWHAZHTC,22,wms:stock_snapshot_sim,2026-09-04T17:12:44.800284+00:00
BRAEDWFWYRESJHMA,20,wms:stock_snapshot_sim,2026-09-04T17:12:44.800284+00:00
ACCE9Y6MSXARQKHR,23,wms:stock_snapshot_sim,2026-09-04T17:12:44.800284+00:00
CRTECUWZGQQEHYSC,31,wms:stock_snapshot_sim,2026-09-04T17:12:44.800284+00:00
MUGEAGGKYSMHGRMH,11,wms:stock_snapshot_sim,2026-09-04T17:12:44.800284+00:00
JEAE7MP3UGHNPWND,28,wms:stock_snapshot_sim,2026-09-04T17:12:44.800284+00:00
WATDZ2ZQGWW4QGNK,37,wms:stock_snapshot_sim,2026-09-04T17:12:44.800284+00:00
RTRE8EHVG8MKE29S,1,wms:stock_snapshot_sim,2026-09-04T17:12:44.800284+00:00
STIE2FRBGGFY2BXR,39,wms:stock_snapshot_sim,2026-09-04T17:12:44.800284+00:00
TSHE993ZNGFPVMPQ,38,wms:stock_snapshot_sim,2026-09-04T17:12:44.800284+00:00
BTWEDQ9TZX5FRHCC,21,wms:stock_snapshot_sim,2026-09-04T17:12:44.800284+00:00
SNDECCHARYUEZVVD,21,wms:stock_snapshot_sim,2026-09-04T17:12:44.800284+00:00
SHTE2FCTN7MYJCUW,0,wms:stock_snapshot_sim,2026-09-04T17:12:44.800284+00:00
CRNEE84JWP32C7YK,10,wms:stock_snapshot_sim,2026-09-04T17:12:44.800284+00:00
SHIE2FH7YTVDHFGT,21,wms:stock_snapshot_sim,2026-09-04T17:12:44.800284+00:00
DREEADBTNB5HX2EH,27,wms:stock_snapshot_sim,2026-09-04T17:12:44.800284+00:00
NKCE5H4XRHTYGHHJ,1,wms:stock_snapshot_sim,2026-09-04T17:12:44.800284+00:00
ACCE9WVGPZPZHYZC,9,wms:stock_snapshot_sim,2026-09-04T17:12:44.800284+00:00
BRAEBUG2K3G2JYAQ,38,wms:stock_snapshot_sim,2026-09-04T17:12:44.800284+00:00
SOCEHDGFUMY5M4D3,0,wms:stock_snapshot_sim,2026-09-04T17:12:44.800284+00:00
DREECGQ8Y4WC3QU5,13,wms:stock_snapshot_sim,2026-09-04T17:12:44.800284+00:00
NKCECGT3NM7QF8WE,35,wms:stock_snapshot_sim,2026-09-04T17:12:44.800284+00:00
ACCE9Y6RPGPSZNB3,39,wms:stock_snapshot_sim,2026-09-04T17:12:44.800284+00:00
BCHEF5M6ECJAHRHU,23,wms:stock_snapshot_sim,2026-09-04T17:12:44.800284+00:00
NKCDWBPZJHAADM2P,13,wms:stock_snapshot_sim,2026-09-04T17:12:44.800284+00:00
SWSE4CNDZMMCJGM6,37,wms:stock_snapshot_sim,2026-09-04T17:12:44.800284+00:00
BBAE9YU49THX7DVY,24,wms:stock_snapshot_sim,2026-09-04T17:12:44.800284+00:00
CPCEGHM7XYH8URNF,2,wms:stock_snapshot_sim,2026-09-04T17:12:44.800284+00:00
ACCE9DJXJKYTP7UF,20,wms:stock_snapshot_sim,2026-09-04T17:12:44.800284+00:00
BALDMEYGWWRZ4DAC,8,wms:stock_snapshot_sim,2026-09-04T17:12:44.800284+00:00
ACCEH8TYZ3MZFV8H,30,wms:stock_snapshot_sim,2026-09-04T17:12:44.800284+00:00
BRAEBHCHY6VVRNRQ,23,wms:stock_snapshot_sim,2026-09-04T17:12:44.800284+00:00
BRAEDSKCZJHTVZNZ,35,wms:stock_snapshot_sim,2026-09-04T17:12:44.800284+00:00
LFHEGUEKWKFG2J8G,22,wms:stock_snapshot_sim,2026-09-04T17:12:44.800284+00:00
WATE67FBCSSHQMZZ,12,wms:stock_snapshot_sim,2026-09-04T17:12:44.800284+00:00
PBXEASGQ7FE23D8P,24,wms:stock_snapshot_sim,2026-09-04T17:12:44.800284+00:00
SNDEB7AZS33VMN66,39,wms:stock_snapshot_sim,2026-09-04T17:12:44.800284+00:00
NKCE38HBGUZ6W6G8,28,wms:stock_snapshot_sim,2026-09-04T17:12:44.800284+00:00
BBAE9YU4HCTYSFZ5,28,wms:stock_snapshot_sim,2026-09-04T17:12:44.800284+00:00
SNDEGFJHB7XH9YPW,40,wms:stock_snapshot_sim,2026-09-04T17:12:44.800284+00:00
BBAEFG4A9PBKCTKQ,7,wms:stock_snapshot_sim,2026-09-04T17:12:44.800284+00:00
NSTEHCA9DUDHJHZH,7,wms:stock_snapshot_sim,2026-09-04T17:12:44.800284+00:00
MUGE92Z4ZTV8UZYN,0,wms:stock_snapshot_sim,2026-09-04T17:12:44.800284+00:00
SHTEAZU6Z6Q7UTSP,0,wms:stock_snapshot_sim,2026-09-04T17:12:44.800284+00:00
BBAE76FZQBEZ3YTE,7,wms:stock_snapshot_sim,2026-09-04T17:12:44.800284+00:00
NKCE2NKZT6GSFFV5,40,wms:stock_snapshot_sim,2026-09-04T17:12:44.800284+00:00
CAGE2XC2HFSSQNSM,7,wms:stock_snapshot_sim,2026-09-04T17:12:44.800284+00:00
ACCE63YUA7ZPMV33,33,wms:stock_snapshot_sim,2026-09-04T17:12:44.800284+00:00
BALEDD5MCGM2RGDN,3,wms:stock_snapshot_sim,2026-09-04T17:12:44.800284+00:00
SWSEGJ4Y4JZJHWVG,27,wms:stock_snapshot_sim,2026-09-04T17:12:44.800284+00:00
CGCEEFZSURUGRCUG,30,wms:stock_snapshot_sim,2026-09-04T17:12:44.800284+00:00
STIEGPNXUZ7MJHNF,8,wms:stock_snapshot_sim,2026-09-04T17:12:44.800284+00:00
NKCE76TNPGCGMMJA,31,wms:stock_snapshot_sim,2026-09-04T17:12:44.800284+00:00
BRAE2NF7GHGHTURG,23,wms:stock_snapshot_sim,2026-09-04T17:12:44.800284+00:00
LBXEH7F6HRBJWXZ8,30,wms:stock_snapshot_sim,2026-09-04T17:12:44.800284+00:00
BCHEF5MAVC8GEXTA,26,wms:stock_snapshot_sim,2026-09-04T17:12:44.800284+00:00
STIE2FRBKYZQFHSE,0,wms:stock_snapshot_sim,2026-09-04T17:12:44.800284+00:00
BEMEBYDCDGY3Z24E,15,wms:stock_snapshot_sim,2026-09-04T17:12:44.800284+00:00
NKCEA5FHSF4NWKBT,18,wms:stock_snapshot_sim,2026-09-04T17:12:44.800284+00:00
SHOE3URGYEVZ55GD,17,wms:stock_snapshot_sim,2026-09-04T17:12:44.800284+00:00
BRAE7T3WRRVYQQEG,27,wms:stock_snapshot_sim,2026-09-04T17:12:44.800284+00:00
KITEEVFDJDZ2ANQG,1,wms:stock_snapshot_sim,2026-09-04T17:12:44.800284+00:00
VANE3KUFNUEGQNKH,27,wms:stock_snapshot_sim,2026-09-04T17:12:44.800284+00:00
RNGEDAPWYKJJRSZY,0,wms:stock_snapshot_sim,2026-09-04T17:12:44.800284+00:00
PAEEHFQQHJQXNDDE,0,wms:stock_snapshot_sim,2026-09-04T17:12:44.800284+00:00
CBKEBVA8FSYCT7NJ,34,wms:stock_snapshot_sim,2026-09-04T17:12:44.800284+00:00
SARE3WVSJNZPM3NG,39,wms:stock_snapshot_sim,2026-09-04T17:12:44.800284+00:00
ACCE9Z4HNKAC7KGA,11,wms:stock_snapshot_sim,2026-09-04T17:12:44.800284+00:00
RNGE87FCBK6ZAZYZ,28,wms:stock_snapshot_sim,2026-09-04T17:12:44.800284+00:00
BTWDZHJGZBBYCFAQ,26,wms:stock_snapshot_sim,2026-09-04T17:12:44.800284+00:00
RNGDTBQUAZJK4SW9,26,wms:stock_snapshot_sim,2026-09-04T17:12:44.800284+00:00
DREE2HZSZGGGFS4M,37,wms:stock_snapshot_sim,2026-09-04T17:12:44.800284+00:00
DREDWYJ9NYYYTKZD,25,wms:stock_snapshot_sim,2026-09-04T17:12:44.800284+00:00
BLAE4H9UWEUNZKN8,12,wms:stock_snapshot_sim,2026-09-04T17:12:44.800284+00:00
BRAE6GEHJSUGE3FN,21,wms:stock_snapshot_sim,2026-09-04T17:12:44.800284+00:00
SHIECVUM8WK2BCCW,28,wms:stock_snapshot_sim,2026-09-04T17:12:44.800284+00:00
RNGEFP2XSXGXBTPX,9,wms:stock_snapshot_sim,2026-09-04T17:12:44.800284+00:00
TKPECMHB4F3FGXHZ,37,wms:stock_snapshot_sim,2026-09-04T17:12:44.800284+00:00
ACCEE4VZYMVGUFNH,17,wms:stock_snapshot_sim,2026-09-04T17:12:44.800284+00:00
BLAEEJFZFMURAGMK,11,wms:stock_snapshot_sim,2026-09-04T17:12:44.800284+00:00
MUGEAGGKTJMC9FZB,14,wms:stock_snapshot_sim,2026-09-04T17:12:44.800284+00:00
SHTE34TJTDDGP8TH,0,wms:stock_snapshot_sim,2026-09-04T17:12:44.800284+00:00
NKCEFAG9Y7ZHS6M7,0,wms:stock_snapshot_sim,2026-09-04T17:12:44.800284+00:00
NKCEBHGBFEVC2ABB,0,wms:stock_snapshot_sim,2026-09-04T17:12:44.800284+00:00
SHIEHY8HVXDRG7G5,10,wms:stock_snapshot_sim,2026-09-04T17:12:44.800284+00:00
TOPEDFFJMUYZFYW3,0,wms:stock_snapshot_sim,2026-09-04T17:12:44.800284+00:00
MUGEAGGKFYN8F5TT,6,wms:stock_snapshot_sim,2026-09-04T17:12:44.800284+00:00
BRAE3TSHYYHHMDRN,2,wms:stock_snapshot_sim,2026-09-04T17:12:44.800284+00:00
RNGDWKZNGUHGKETQ,9,wms:stock_snapshot_sim,2026-09-04T17:12:44.800284+00:00
SHOE6ZQE7K9W3ZX3,23,wms:stock_snapshot_sim,2026-09-04T17:12:44.800284+00:00
MUGE9P6DGMCWBWJH,15,wms:stock_snapshot_sim,2026-09-04T17:12:44.800284+00:00
WATDZ5HGGUGHEZMH,35,wms:stock_snapshot_sim,2026-09-04T17:12:44.800284+00:00
RNGE7GVYWNFXZFZ7,25,wms:stock_snapshot_sim,2026-09-04T17:12:44.800284+00:00
VASEJQQJFTSHHKVW,4,wms:stock_snapshot_sim,2026-09-04T17:12:44.800284+00:00
SOPEGZ3FGKHYRS6B,10,wms:stock_snapshot_sim,2026-09-04T17:12:44.800284+00:00
NKCEBFWTHMVVNRDP,38,wms:stock_snapshot_sim,2026-09-04T17:12:44.800284+00:00
GRKEG679TVS7CSPA,8,wms:stock_snapshot_sim,2026-09-04T17:12:44.800284+00:00
PCSE4FKCGZNGNHFN,39,wms:stock_snapshot_sim,2026-09-04T17:12:44.800284+00:00
STIE7KFJAKSTDY9G,10,wms:stock_snapshot_sim,2026-09-04T17:12:44.800284+00:00
RNGE8VY8UJCGNCCW,12,wms:stock_snapshot_sim,2026-09-04T17:12:44.800284+00:00
MUGE8F5RDEYMH4YH,0,wms:stock_snapshot_sim,2026-09-04T17:12:44.800284+00:00
BRAE6ZCHHPFNBYNU,24,wms:stock_snapshot_sim,2026-09-04T17:12:44.800284+00:00
RCTEDZ26MNFN2K2T,14,wms:stock_snapshot_sim,2026-09-04T17:12:44.800284+00:00
RNGEBQZRSFFV545U,32,wms:stock_snapshot_sim,2026-09-04T17:12:44.800284+00:00
CPCEJ8GNEUGJERZG,27,wms:stock_snapshot_sim,2026-09-04T17:12:44.800284+00:00
DREE7FT8HF9P5HCC,0,wms:stock_snapshot_sim,2026-09-04T17:12:44.800284+00:00
SNDEHZPDHXKM3ZNJ,5,wms:stock_snapshot_sim,2026-09-04T17:12:44.800284+00:00
WATEY7SDNRGSEDEE,27,wms:stock_snapshot_sim,2026-09-04T17:12:44.800284+00:00
BBAEDVQEKSFKCHZB,21,wms:stock_snapshot_sim,2026-09-04T17:12:44.800284+00:00
RNGEBKGHZYZMEREZ,29,wms:stock_snapshot_sim,2026-09-04T17:12:44.800284+00:00
NKCEBXRQ3FY5GFCZ,12,wms:stock_snapshot_sim,2026-09-04T17:12:44.800284+00:00
BRAE3TSHWHCZVZW6,12,wms:stock_snapshot_sim,2026-09-04T17:12:44.800284+00:00
SCHE6KDTKAQB5EBB,39,wms:stock_snapshot_sim,2026-09-04T17:12:44.800284+00:00
HCPEG9CUJA8SNHBA,8,wms:stock_snapshot_sim,2026-09-04T17:12:44.800284+00:00
SHTEB96CYRMYSVZS,23,wms:stock_snapshot_sim,2026-09-04T17:12:44.800284+00:00
SHOECQP4GGYF9GPN,40,wms:stock_snapshot_sim,2026-09-04T17:12:44.800284+00:00
STIEHQ8J4KSKG5PS,1,wms:stock_snapshot_sim,2026-09-04T17:12:44.800284+00:00
NKCDU4RZPGSGYY4Q,17,wms:stock_snapshot_sim,2026-09-04T17:12:44.800284+00:00
NKCE6NHRGQJHWFDK,13,wms:stock_snapshot_sim,2026-09-04T17:12:44.800284+00:00
DREE8FWRAYKKFBQQ,35,wms:stock_snapshot_sim,2026-09-04T17:12:44.800284+00:00
ACCDSY8EAED5TGZY,0,wms:stock_snapshot_sim,2026-09-04T17:12:44.800284+00:00
BRHEDHAUZJJNTB4B,10,wms:stock_snapshot_sim,2026-09-04T17:12:44.800284+00:00
RNGEDAK8ZWZKA3HB,24,wms:stock_snapshot_sim,2026-09-04T17:12:44.800284+00:00
BRAEBUHTGYAWKXZZ,14,wms:stock_snapshot_sim,2026-09-04T17:12:44.800284+00:00
RNGEA9ZWUESYHZWU,0,wms:stock_snapshot_sim,2026-09-04T17:12:44.800284+00:00
NKCE9RFZHB9BVVTV,6,wms:stock_snapshot_sim,2026-09-04T17:12:44.800284+00:00
PBXEBHJDWFN2KHCJ,9,wms:stock_snapshot_sim,2026-09-04T17:12:44.800284+00:00
RNGE88Q9U5YZG3G2,31,wms:stock_snapshot_sim,2026-09-04T17:12:44.800284+00:00
SHIEGHNCZBRTKZCR,6,wms:stock_snapshot_sim,2026-09-04T17:12:44.800284+00:00
USGECN4WHY7M9MZJ,36,wms:stock_snapshot_sim,2026-09-04T17:12:44.800284+00:00
NKCEGNP35GW3UKNY,30,wms:stock_snapshot_sim,2026-09-04T17:12:44.800284+00:00
NKCEC9FM6ZZGB5A8,32,wms:stock_snapshot_sim,2026-09-04T17:12:44.800284+00:00
WATECGG4W76YEBUB,26,wms:stock_snapshot_sim,2026-09-04T17:12:44.800284+00:00
PELEYC9ZGYWMYQXQ,17,wms:stock_snapshot_sim,2026-09-04T17:12:44.800284+00:00
KRTEH3J5FGQTYMGH,18,wms:stock_snapshot_sim,2026-09-04T17:12:44.800284+00:00
WSCEJFZSJHPBRWGK,7,wms:stock_snapshot_sim,2026-09-04T17:12:44.800284+00:00
BLAEEGQXXXKECK8Y,38,wms:stock_snapshot_sim,2026-09-04T17:12:44.800284+00:00
RTRE3Y3YZMGCE3AB,14,wms:stock_snapshot_sim,2026-09-04T17:12:44.800284+00:00
NKCDTAXFGBZEGGVX,32,wms:stock_snapshot_sim,2026-09-04T17:12:44.800284+00:00
ACCEGKDGVZWHYV5H,29,wms:stock_snapshot_sim,2026-09-04T17:12:44.800284+00:00
CPCEBYA6UYMFQRJY,18,wms:stock_snapshot_sim,2026-09-04T17:12:44.800284+00:00
WATEFEYNFCM9JJER,40,wms:stock_snapshot_sim,2026-09-04T17:12:44.800284+00:00
SUDEHYGUFAGB4NYH,25,wms:stock_snapshot_sim,2026-09-04T17:12:44.800284+00:00
NKCE6HZQBRWBYZNZ,37,wms:stock_snapshot_sim,2026-09-04T17:12:44.800284+00:00
ACCDUV7ZQJRDRS8G,5,wms:stock_snapshot_sim,2026-09-04T17:12:44.800284+00:00
SHTE4C5NZC2APTGU,3,wms:stock_snapshot_sim,2026-09-04T17:12:44.800284+00:00
RAQDCNWAHJK9JNUY,17,wms:stock_snapshot_sim,2026-09-04T17:12:44.800284+00:00
RNGE8NA4ZNFZZ2QZ,19,wms:stock_snapshot_sim,2026-09-04T17:12:44.800284+00:00
SHTEYQHGTAC7HVF5,34,wms:stock_snapshot_sim,2026-09-04T17:12:44.800284+00:00
SHOEJMKJJAPQBCNY,2,wms:stock_snapshot_sim,2026-09-04T17:12:44.800284+00:00
PTPEGG3XD3GAPBNB,21,wms:stock_snapshot_sim,2026-09-04T17:12:44.800284+00:00
ACCEGNT9BYZVJANY,12,wms:stock_snapshot_sim,2026-09-04T17:12:44.800284+00:00
PTPE6NZAWWHNJHJ4,5,wms:stock_snapshot_sim,2026-09-04T17:12:44.800284+00:00
SKIE9MT6ZYHHSGW8,24,wms:stock_snapshot_sim,2026-09-04T17:12:44.800284+00:00
VANEGPA7ZKGT2UUH,21,wms:stock_snapshot_sim,2026-09-04T17:12:44.800284+00:00
ACCE9Y6RPMZFHQQF,21,wms:stock_snapshot_sim,2026-09-04T17:12:44.800284+00:00
WATE7GP3JZMFEGZG,22,wms:stock_snapshot_sim,2026-09-04T17:12:44.800284+00:00
BLAE9CSTBZESFBMQ,37,wms:stock_snapshot_sim,2026-09-04T17:12:44.800284+00:00
ACCEAC4QCAYJDCFS,15,wms:stock_snapshot_sim,2026-09-04T17:12:44.800284+00:00
BRAEGJFZYEW2BMFJ,25,wms:stock_snapshot_sim,2026-09-04T17:12:44.800284+00:00
SHTEEFQYRXG98PFA,14,wms:stock_snapshot_sim,2026-09-04T17:12:44.800284+00:00
SLIEHET3CZ6XSDHP,7,wms:stock_snapshot_sim,2026-09-04T17:12:44.800284+00:00
PELEGHQP8GMXYF6V,39,wms:stock_snapshot_sim,2026-09-04T17:12:44.800284+00:00
SHOE9E2PZPZFZ7BV,5,wms:stock_snapshot_sim,2026-09-04T17:12:44.800284+00:00
HRCEGVZ9GNYJNREX,27,wms:stock_snapshot_sim,2026-09-04T17:12:44.800284+00:00
BTWDZHJGZHKPHDSG,28,wms:stock_snapshot_sim,2026-09-04T17:12:44.800284+00:00
BWLE6SJE9PXGV6DD,21,wms:stock_snapshot_sim,2026-09-04T17:12:44.800284+00:00
HDREHKYRHEYAJWZD,4,wms:stock_snapshot_sim,2026-09-04T17:12:44.800284+00:00
CRNEBFX57PVYZG5F,32,wms:stock_snapshot_sim,2026-09-04T17:12:44.800284+00:00
SHODZDFBUZVTNZUH,0,wms:stock_snapshot_sim,2026-09-04T17:12:44.800284+00:00
CBKEAP6GUGQCPJRE,8,wms:stock_snapshot_sim,2026-09-04T17:12:44.800284+00:00
BTWE953YQZ5JDQMF,11,wms:stock_snapshot_sim,2026-09-04T17:12:44.800284+00:00
TSHE993PM4ZSYGWE,38,wms:stock_snapshot_sim,2026-09-04T17:12:44.800284+00:00
NKCECPQAWZVEF8YY,37,wms:stock_snapshot_sim,2026-09-04T17:12:44.800284+00:00
ACCDZKG4GUTXGYQZ,0,wms:stock_snapshot_sim,2026-09-04T17:12:44.800284+00:00
NKCE9PFF3WZAZZXG,0,wms:stock_snapshot_sim,2026-09-04T17:12:44.800284+00:00
RTRE43RGQSPGXPYF,37,wms:stock_snapshot_sim,2026-09-04T17:12:44.800284+00:00
SHTECY56T5NFH5KP,30,wms:stock_snapshot_sim,2026-09-04T17:12:44.800284+00:00
ACCDY6GTHNEAPHM3,26,wms:stock_snapshot_sim,2026-09-04T17:12:44.800284+00:00
PYJEGYHUETSHGVMW,0,wms:stock_snapshot_sim,2026-09-04T17:12:44.800284+00:00
WATE3NWH5FZWAMDA,34,wms:stock_snapshot_sim,2026-09-04T17:12:44.800284+00:00
PBXED6C4RXFZXDFY,0,wms:stock_snapshot_sim,2026-09-04T17:12:44.800284+00:00
NKCEAGXHHAAGNS2H,5,wms:stock_snapshot_sim,2026-09-04T17:12:44.800284+00:00
BRAEBB6TT8GKVG8A,27,wms:stock_snapshot_sim,2026-09-04T17:12:44.800284+00:00
NKCDY8S8PH7ZAQYD,18,wms:stock_snapshot_sim,2026-09-04T17:12:44.800284+00:00
CHDDWG32ZYENVXEX,23,wms:stock_snapshot_sim,2026-09-04T17:12:44.800284+00:00
RNGE864H8HQGXHMZ,36,wms:stock_snapshot_sim,2026-09-04T17:12:44.800284+00:00
DREEBZB5XEMEEF3Z,32,wms:stock_snapshot_sim,2026-09-04T17:12:44.800284+00:00
SNDE7RZF4GZGPFV6,26,wms:stock_snapshot_sim,2026-09-04T17:12:44.800284+00:00
WATE8C5ZUTSGNEMF,30,wms:stock_snapshot_sim,2026-09-04T17:12:44.800284+00:00
DREDZT5WGMYXBSWY,8,wms:stock_snapshot_sim,2026-09-04T17:12:44.800284+00:00
BLBDYGA8SAAWHNVH,40,wms:stock_snapshot_sim,2026-09-04T17:12:44.800284+00:00
SHVE58VGNPBGHKDR,15,wms:stock_snapshot_sim,2026-09-04T17:12:44.800284+00:00
ACCE6DZCGNZWZJYR,0,wms:stock_snapshot_sim,2026-09-04T17:12:44.800284+00:00
CPCEDGGNCV7AV7SX,0,wms:stock_snapshot_sim,2026-09-04T17:12:44.800284+00:00
STIE9F5TWBGRANFP,21,wms:stock_snapshot_sim,2026-09-04T17:12:44.800284+00:00
DREEY9PFYAWYTCHK,28,wms:stock_snapshot_sim,2026-09-04T17:12:44.800284+00:00
SHOECS7FBGSEPW9G,6,wms:stock_snapshot_sim,2026-09-04T17:12:44.800284+00:00
TSHE967UGZGM5GUB,24,wms:stock_snapshot_sim,2026-09-04T17:12:44.800284+00:00
CSPEGWNFZA6MGKVU,35,wms:stock_snapshot_sim,2026-09-04T17:12:44.800284+00:00
SUDEHYGUUFRKNMUE,4,wms:stock_snapshot_sim,2026-09-04T17:12:44.800284+00:00
RNGE7GVZW6PURCHP,3,wms:stock_snapshot_sim,2026-09-04T17:12:44.800284+00:00
NKCE6GJ5JHFKSM6T,20,wms:stock_snapshot_sim,2026-09-04T17:12:44.800284+00:00
BEMEEZ6CKEEYGBZS,0,wms:stock_snapshot_sim,2026-09-04T17:12:44.800284+00:00
PYJEGVRFNBMQSZH4,40,wms:stock_snapshot_sim,2026-09-04T17:12:44.800284+00:00
ETHEGCR3PYGB3MA4,25,wms:stock_snapshot_sim,2026-09-04T17:12:44.800284+00:00
NKCE4VA4VSZ4X5EZ,11,wms:stock_snapshot_sim,2026-09-04T17:12:44.800284+00:00
SHOEJBSQUQYAHG2M,38,wms:stock_snapshot_sim,2026-09-04T17:12:44.800284+00:00
SHTECNPQVFWH8Y4M,9,wms:stock_snapshot_sim,2026-09-04T17:12:44.800284+00:00
NKCEGMVCHERZZQMW,10,wms:stock_snapshot_sim,2026-09-04T17:12:44.800284+00:00
NKCDU4RZGHFC9JKV,27,wms:stock_snapshot_sim,2026-09-04T17:12:44.800284+00:00
BBAE4BR6EHHHGPYM,8,wms:stock_snapshot_sim,2026-09-04T17:12:44.800284+00:00
ACCE9Y6WGGTJWWZY,16,wms:stock_snapshot_sim,2026-09-04T17:12:44.800284+00:00
BRAECTFYYHQPFG4Q,32,wms:stock_snapshot_sim,2026-09-04T17:12:44.800284+00:00
TOPE8DPRZK96BY25,21,wms:stock_snapshot_sim,2026-09-04T17:12:44.800284+00:00
LJGEYFMTXDEYDVVF,31,wms:stock_snapshot_sim,2026-09-04T17:12:44.800284+00:00
SNDEHG3DNVBFGAT5,17,wms:stock_snapshot_sim,2026-09-04T17:12:44.800284+00:00
CAPEYHQQP7AGHSSZ,6,wms:stock_snapshot_sim,2026-09-04T17:12:44.800284+00:00
BLBEB33SVEEHHYHA,16,wms:stock_snapshot_sim,2026-09-04T17:12:44.800284+00:00
KRTEDE5JSEMGBTYJ,14,wms:stock_snapshot_sim,2026-09-04T17:12:44.800284+00:00
DREEDFVG4HH3HFHT,5,wms:stock_snapshot_sim,2026-09-04T17:12:44.800284+00:00
SHIE3YW8AGHPXQZZ,4,wms:stock_snapshot_sim,2026-09-04T17:12:44.800284+00:00
BRAEDSHQ6X5YYX6N,14,wms:stock_snapshot_sim,2026-09-04T17:12:44.800284+00:00
CRNEEABUZD9V2PWE,25,wms:stock_snapshot_sim,2026-09-04T17:12:44.800284+00:00
BBAECD6FD6MHYUXR,7,wms:stock_snapshot_sim,2026-09-04T17:12:44.800284+00:00
TSHEDCVYG8XP47ZE,38,wms:stock_snapshot_sim,2026-09-04T17:12:44.800284+00:00
MNKE5YG7USVVTPCZ,33,wms:stock_snapshot_sim,2026-09-04T17:12:44.800284+00:00
MUGEAGGKNHCZKE2Q,20,wms:stock_snapshot_sim,2026-09-04T17:12:44.800284+00:00
BAREGJ8B2Y3TPUWH,10,wms:stock_snapshot_sim,2026-09-04T17:12:44.800284+00:00
MUGEAGGKKZ7ADH6X,7,wms:stock_snapshot_sim,2026-09-04T17:12:44.800284+00:00
CAEE9Y64FBPZJUUH,15,wms:stock_snapshot_sim,2026-09-04T17:12:44.800284+00:00
SHTE96UAYNZMYZ5H,25,wms:stock_snapshot_sim,2026-09-04T17:12:44.800284+00:00
WATEYAP3S3TD5EMR,40,wms:stock_snapshot_sim,2026-09-04T17:12:44.800284+00:00
SHOEGHE932WJZYYY,26,wms:stock_snapshot_sim,2026-09-04T17:12:44.800284+00:00
LJGE2WBEKW9ZHKJU,18,wms:stock_snapshot_sim,2026-09-04T17:12:44.800284+00:00
SHOE92GFEZBFEDED,20,wms:stock_snapshot_sim,2026-09-04T17:12:44.800284+00:00
DSTEJJEXFWXKBDYM,37,wms:stock_snapshot_sim,2026-09-04T17:12:44.800284+00:00
BALDYSJWZZZMYFHC,10,wms:stock_snapshot_sim,2026-09-04T17:12:44.800284+00:00
RNGE7GVYFXTPKK9U,7,wms:stock_snapshot_sim,2026-09-04T17:12:44.800284+00:00
TOPEHHSZZTPRT8C8,16,wms:stock_snapshot_sim,2026-09-04T17:12:44.800284+00:00
TOPE8ZAF4NMCGHR3,0,wms:stock_snapshot_sim,2026-09-04T17:12:44.800284+00:00
ACCE9Z4HZHMZNSGK,18,wms:stock_snapshot_sim,2026-09-04T17:12:44.800284+00:00
RNGEC8PNXPFVNXFE,0,wms:stock_snapshot_sim,2026-09-04T17:12:44.800284+00:00
SHOEGAJGGTZD6HSY,29,wms:stock_snapshot_sim,2026-09-04T17:12:44.800284+00:00
SHOECH62BAKKHHFA,8,wms:stock_snapshot_sim,2026-09-04T17:12:44.800284+00:00
PCSEAH5WTV9MSPJU,6,wms:stock_snapshot_sim,2026-09-04T17:12:44.800284+00:00
ACCE6P3BBZD72UJ6,14,wms:stock_snapshot_sim,2026-09-04T17:12:44.800284+00:00
SKIEBU7HGPED7CBC,33,wms:stock_snapshot_sim,2026-09-04T17:12:44.800284+00:00
AFGEFM63JABYTPYJ,22,wms:stock_snapshot_sim,2026-09-04T17:12:44.800284+00:00
VMREGZPQRRHHGHTF,0,wms:stock_snapshot_sim,2026-09-04T17:12:44.800284+00:00
JEAECN2QQX3JE2KS,7,wms:stock_snapshot_sim,2026-09-04T17:12:44.800284+00:00
PASE4CYWFKNMWMTZ,0,wms:stock_snapshot_sim,2026-09-04T17:12:44.800284+00:00
SHTEGXNRHDGHUSUY,28,wms:stock_snapshot_sim,2026-09-04T17:12:44.800284+00:00
BRAEDSGAZMGQDKTJ,13,wms:stock_snapshot_sim,2026-09-04T17:12:44.800284+00:00
SFFEJT5THKSESHQJ,39,wms:stock_snapshot_sim,2026-09-04T17:12:44.800284+00:00
SHIEAPE9AZ79HFJZ,39,wms:stock_snapshot_sim,2026-09-04T17:12:44.800284+00:00
TSHEHU5RGKRAA8GP,28,wms:stock_snapshot_sim,2026-09-04T17:12:44.800284+00:00
NKCE8QPPWEAFYVPP,4,wms:stock_snapshot_sim,2026-09-04T17:12:44.800284+00:00
BLAEEDVPYT5GQ64V,8,wms:stock_snapshot_sim,2026-09-04T17:12:44.800284+00:00
RNGE53GCZDR54FAA,4,wms:stock_snapshot_sim,2026-09-04T17:12:44.800284+00:00
BBAE2U7FQ5FUFSFP,37,wms:stock_snapshot_sim,2026-09-04T17:12:44.800284+00:00
ACCE9DJTN3JAJEHK,5,wms:stock_snapshot_sim,2026-09-04T17:12:44.800284+00:00
TOPEDAKWHHVYGDSA,18,wms:stock_snapshot_sim,2026-09-04T17:12:44.800284+00:00
KRTE9JEZ28H4ZWM4,40,wms:stock_snapshot_sim,2026-09-04T17:12:44.800284+00:00
NKCEANMPZYMHYEA3,26,wms:stock_snapshot_sim,2026-09-04T17:12:44.800284+00:00
JEAEGHQ45QX6678U,7,wms:stock_snapshot_sim,2026-09-04T17:12:44.800284+00:00
PCSEDPHM4G7WAYBA,18,wms:stock_snapshot_sim,2026-09-04T17:12:44.800284+00:00
RTRDNGVMW9BGYHPH,11,wms:stock_snapshot_sim,2026-09-04T17:12:44.800284+00:00
CRTECUWZXMV2YZ9G,23,wms:stock_snapshot_sim,2026-09-04T17:12:44.800284+00:00
FAFEFYFBYWGZN9H8,39,wms:stock_snapshot_sim,2026-09-04T17:12:44.800284+00:00
LTBE4HAWXFCXZJZB,1,wms:stock_snapshot_sim,2026-09-04T17:12:44.800284+00:00
CRTECN2QZ5BPGNFM,0,wms:stock_snapshot_sim,2026-09-04T17:12:44.800284+00:00
NKCEAFM7PNFKNZSH,40,wms:stock_snapshot_sim,2026-09-04T17:12:44.800284+00:00
BAGEH2A4GHTVQYX5,20,wms:stock_snapshot_sim,2026-09-04T17:12:44.800284+00:00
RTRDZK8XD2H2VBAD,16,wms:stock_snapshot_sim,2026-09-04T17:12:44.800284+00:00
NKCE7AGZQB7Z7UFM,5,wms:stock_snapshot_sim,2026-09-04T17:12:44.800284+00:00
DREEAZHMPSX9JX7N,22,wms:stock_snapshot_sim,2026-09-04T17:12:44.800284+00:00
HDNEDVWYYQG7YDHB,10,wms:stock_snapshot_sim,2026-09-04T17:12:44.800284+00:00
DREECMGFWVZMQWMM,31,wms:stock_snapshot_sim,2026-09-04T17:12:44.800284+00:00
TSHE7AX4HHBXSGAC,2,wms:stock_snapshot_sim,2026-09-04T17:12:44.800284+00:00
RNGEDAKFNPUNF5BJ,17,wms:stock_snapshot_sim,2026-09-04T17:12:44.800284+00:00
TOPEHFYBVAUNRGX3,11,wms:stock_snapshot_sim,2026-09-04T17:12:44.800284+00:00
TSHDZCZYSZPFDSHW,1,wms:stock_snapshot_sim,2026-09-04T17:12:44.800284+00:00
NKCE6GJ5XVJDXNNZ,31,wms:stock_snapshot_sim,2026-09-04T17:12:44.800284+00:00
BBAEYGTKHFFTDHRN,32,wms:stock_snapshot_sim,2026-09-04T17:12:44.800284+00:00
BRAEA5MZMPW2UACQ,31,wms:stock_snapshot_sim,2026-09-04T17:12:44.800284+00:00
HKHEH35SZGQYBE68,2,wms:stock_snapshot_sim,2026-09-04T17:12:44.800284+00:00
NDNEGCU36N5GTM3Y,19,wms:stock_snapshot_sim,2026-09-04T17:12:44.800284+00:00
SHOEGJK85Z3TSXZE,34,wms:stock_snapshot_sim,2026-09-04T17:12:44.800284+00:00
TROEJFS2E5FUMEEA,10,wms:stock_snapshot_sim,2026-09-04T17:12:44.800284+00:00
RCLEYW4QYZAMXHJV,7,wms:stock_snapshot_sim,2026-09-04T17:12:44.800284+00:00
CPCEYYYJHNHDYRFH,22,wms:stock_snapshot_sim,2026-09-04T17:12:44.800284+00:00
BRAE7YF6ARDAG6QZ,23,wms:stock_snapshot_sim,2026-09-04T17:12:44.800284+00:00
SHTE8HGCY7JD8U7B,17,wms:stock_snapshot_sim,2026-09-04T17:12:44.800284+00:00
BBAEBEYR9ZATYRZH,17,wms:stock_snapshot_sim,2026-09-04T17:12:44.800284+00:00
SHIEHFCXNRGJYZS5,1,wms:stock_snapshot_sim,2026-09-04T17:12:44.800284+00:00
BBAE8M4XNFPWUVAF,20,wms:stock_snapshot_sim,2026-09-04T17:12:44.800284+00:00
SNDECV7CCGVPTAK4,34,wms:stock_snapshot_sim,2026-09-04T17:12:44.800284+00:00
TIEEEAPAZAEGD7JS,39,wms:stock_snapshot_sim,2026-09-04T17:12:44.800284+00:00
SUDEGVG6PJKDGW2Z,18,wms:stock_snapshot_sim,2026-09-04T17:12:44.800284+00:00
JEAEJYRG92HHHQWF,2,wms:stock_snapshot_sim,2026-09-04T17:12:44.800284+00:00
CBKEAHJXBZEJJ8JN,27,wms:stock_snapshot_sim,2026-09-04T17:12:44.800284+00:00
LJGEFHZQERDFWHF8,10,wms:stock_snapshot_sim,2026-09-04T17:12:44.800284+00:00
CCVEFX3XNKFEF843,2,wms:stock_snapshot_sim,2026-09-04T17:12:44.800284+00:00
NKCEC9FM5A8PJSHZ,28,wms:stock_snapshot_sim,2026-09-04T17:12:44.800284+00:00
SHTEDC4FZDVU2AE6,6,wms:stock_snapshot_sim,2026-09-04T17:12:44.800284+00:00
TOPECAE3JJMVYJFF,25,wms:stock_snapshot_sim,2026-09-04T17:12:44.800284+00:00
BRAEBBMQY9VZRC7G,18,wms:stock_snapshot_sim,2026-09-04T17:12:44.800284+00:00
TSHEGYDYGFHGSHGY,35,wms:stock_snapshot_sim,2026-09-04T17:12:44.800284+00:00
CSOE88UGAKKGJWCX,29,wms:stock_snapshot_sim,2026-09-04T17:12:44.800284+00:00
BCHEG9KDJD3HUQGG,34,wms:stock_snapshot_sim,2026-09-04T17:12:44.800284+00:00
NKCE6SR4GUG326DS,23,wms:stock_snapshot_sim,2026-09-04T17:12:44.800284+00:00
BEOEH25NTUDGG5TT,26,wms:stock_snapshot_sim,2026-09-04T17:12:44.800284+00:00
ACCE4HJZJYY9TWVF,18,wms:stock_snapshot_sim,2026-09-04T17:12:44.800284+00:00
CRTECN2QZ3XEUPTT,3,wms:stock_snapshot_sim,2026-09-04T17:12:44.800284+00:00
NKCE6GJ5M53GTENH,22,wms:stock_snapshot_sim,2026-09-04T17:12:44.800284+00:00
WATDZDSVWQRRGERC,8,wms:stock_snapshot_sim,2026-09-04T17:12:44.800284+00:00
SCHE4YSTCUUSJWCK,30,wms:stock_snapshot_sim,2026-09-04T17:12:44.800284+00:00
BRFEGHPN5FEQQGUJ,23,wms:stock_snapshot_sim,2026-09-04T17:12:44.800284+00:00
SNDEYGA9HSZUGZWK,1,wms:stock_snapshot_sim,2026-09-04T17:12:44.800284+00:00
TSHEGGCHFAHRFARC,10,wms:stock_snapshot_sim,2026-09-04T17:12:44.800284+00:00
ACCE9Y6QMPYQNCBZ,10,wms:stock_snapshot_sim,2026-09-04T17:12:44.800284+00:00
BRAE8WYHSZHPCHVN,19,wms:stock_snapshot_sim,2026-09-04T17:12:44.800284+00:00
BLOEJFYB3DFGTY7Z,11,wms:stock_snapshot_sim,2026-09-04T17:12:44.800284+00:00
KTAEBYMZZXMTKRGG,19,wms:stock_snapshot_sim,2026-09-04T17:12:44.800284+00:00
DREEBPVEHTXTJHTT,0,wms:stock_snapshot_sim,2026-09-04T17:12:44.800284+00:00
PCSEBAGCPVDXVN7G,30,wms:stock_snapshot_sim,2026-09-04T17:12:44.800284+00:00
TLPECJY8H3YBSYZY,0,wms:stock_snapshot_sim,2026-09-04T17:12:44.800284+00:00
BTWDZHJGSFJ4SQ8G,38,wms:stock_snapshot_sim,2026-09-04T17:12:44.800284+00:00
NKCECC6EY68FVVNF,32,wms:stock_snapshot_sim,2026-09-04T17:12:44.800284+00:00
BRAED6G63H64TSXJ,28,wms:stock_snapshot_sim,2026-09-04T17:12:44.800284+00:00
SHOEYAYFZYJEK2TN,1,wms:stock_snapshot_sim,2026-09-04T17:12:44.800284+00:00
SHIE55GT7F6HYXDT,0,wms:stock_snapshot_sim,2026-09-04T17:12:44.800284+00:00
NKCE9G2B2HUEGNWZ,19,wms:stock_snapshot_sim,2026-09-04T17:12:44.800284+00:00
CRNECU3ACNR85WVC,33,wms:stock_snapshot_sim,2026-09-04T17:12:44.800284+00:00
SWTECZMBGZPVRTQS,36,wms:stock_snapshot_sim,2026-09-04T17:12:44.800284+00:00
BRAE4S2FYF4RN49J,6,wms:stock_snapshot_sim,2026-09-04T17:12:44.800284+00:00
ACCEYTXCGP4W36VY,10,wms:stock_snapshot_sim,2026-09-04T17:12:44.800284+00:00
CPCEBS8ZZHECSSZW,13,wms:stock_snapshot_sim,2026-09-04T17:12:44.800284+00:00
KRTEJM6SMN9ZEDGD,6,wms:stock_snapshot_sim,2026-09-04T17:12:44.800284+00:00
SWSEJFF7HZU5ZCQZ,3,wms:stock_snapshot_sim,2026-09-04T17:12:44.800284+00:00
RNGE7M92BFXHH5VT,23,wms:stock_snapshot_sim,2026-09-04T17:12:44.800284+00:00
FABEGGHHGSVCHGFV,25,wms:stock_snapshot_sim,2026-09-04T17:12:44.800284+00:00
CRNEE84JVFQZDN5B,7,wms:stock_snapshot_sim,2026-09-04T17:12:44.800284+00:00
NKCE4TV4CFBGWTYH,20,wms:stock_snapshot_sim,2026-09-04T17:12:44.800284+00:00
NKCECNPWFDY8TDZZ,12,wms:stock_snapshot_sim,2026-09-04T17:12:44.800284+00:00
SNDEEAFUVTYYXEZ6,21,wms:stock_snapshot_sim,2026-09-04T17:12:44.800284+00:00
PCSEDT7S9UVVR68Y,9,wms:stock_snapshot_sim,2026-09-04T17:12:44.800284+00:00
ACCEGZ6BWVQYWWDB,13,wms:stock_snapshot_sim,2026-09-04T17:12:44.800284+00:00
DRPEC89ZRJRNHUGH,27,wms:stock_snapshot_sim,2026-09-04T17:12:44.800284+00:00
STIE78RVZS6NH3SW,20,wms:stock_snapshot_sim,2026-09-04T17:12:44.800284+00:00
TSHE4KACQVSBXCFC,20,wms:stock_snapshot_sim,2026-09-04T17:12:44.800284+00:00
NKCE5WSJTHTHQFUG,30,wms:stock_snapshot_sim,2026-09-04T17:12:44.800284+00:00
PANEGYWYNG3DTDCZ,25,wms:stock_snapshot_sim,2026-09-04T17:12:44.800284+00:00
NKCE88AHDPXRSJPE,28,wms:stock_snapshot_sim,2026-09-04T17:12:44.800284+00:00
NKCED6HQP5QHVGGP,0,wms:stock_snapshot_sim,2026-09-04T17:12:44.800284+00:00
TOPE94JH8ZFHZVTV,21,wms:stock_snapshot_sim,2026-09-04T17:12:44.800284+00:00
PEBED5CDP86AVYBZ,23,wms:stock_snapshot_sim,2026-09-04T17:12:44.800284+00:00
RNGEDAPFZWSSMHYW,28,wms:stock_snapshot_sim,2026-09-04T17:12:44.800284+00:00
BRAE3TSHVMCW7NDZ,27,wms:stock_snapshot_sim,2026-09-04T17:12:44.800284+00:00
BBAEASSY7HMUYMHT,36,wms:stock_snapshot_sim,2026-09-04T17:12:44.800284+00:00
JWSEBUKYBFXYWAGF,0,wms:stock_snapshot_sim,2026-09-04T17:12:44.800284+00:00
TSHE6KWDZRGJHNYA,6,wms:stock_snapshot_sim,2026-09-04T17:12:44.800284+00:00
TOPEGQKDATUDJTAG,40,wms:stock_snapshot_sim,2026-09-04T17:12:44.800284+00:00
PBXE5CFUQCWNW8HM,16,wms:stock_snapshot_sim,2026-09-04T17:12:44.800284+00:00
PEBEBQCZYHEHTEZV,24,wms:stock_snapshot_sim,2026-09-04T17:12:44.800284+00:00
SHTE37DQJWSQ4VGH,35,wms:stock_snapshot_sim,2026-09-04T17:12:44.800284+00:00
TSHE993RBTWENFGV,19,wms:stock_snapshot_sim,2026-09-04T17:12:44.800284+00:00
RNGE7M92HHFJZZZM,0,wms:stock_snapshot_sim,2026-09-04T17:12:44.800284+00:00
SPWEGCNKUCZFESYG,9,wms:stock_snapshot_sim,2026-09-04T17:12:44.800284+00:00
MGVEFZH2RNHS9GB6,1,wms:stock_snapshot_sim,2026-09-04T17:12:44.800284+00:00
NKCE869DXWNP2VAJ,34,wms:stock_snapshot_sim,2026-09-04T17:12:44.800284+00:00
PBXE8W55A32CHXZD,4,wms:stock_snapshot_sim,2026-09-04T17:12:44.800284+00:00
HJREGXNFQMRPYVU3,0,wms:stock_snapshot_sim,2026-09-04T17:12:44.800284+00:00
PCSEBYMQRGV6RKDZ,7,wms:stock_snapshot_sim,2026-09-04T17:12:44.800284+00:00
SHTE4G4UYTUHREDU,7,wms:stock_snapshot_sim,2026-09-04T17:12:44.800284+00:00
STIEEHYKHDNH7GFF,37,wms:stock_snapshot_sim,2026-09-04T17:12:44.800284+00:00
WATEAYYG5EDFWTCS,22,wms:stock_snapshot_sim,2026-09-04T17:12:44.800284+00:00
STIE9F5UVA3QQRMZ,8,wms:stock_snapshot_sim,2026-09-04T17:12:44.800284+00:00
NKCE5UY9HQTQ8TBG,33,wms:stock_snapshot_sim,2026-09-04T17:12:44.800284+00:00
BRAEDQFRZ7UQU92F,4,wms:stock_snapshot_sim,2026-09-04T17:12:44.800284+00:00
PCSECYY4ZSXXVKFD,34,wms:stock_snapshot_sim,2026-09-04T17:12:44.800284+00:00
ACCEGJPRSJTAGYKV,32,wms:stock_snapshot_sim,2026-09-04T17:12:44.800284+00:00
NPYE5QUHW3Y8TGMY,10,wms:stock_snapshot_sim,2026-09-04T17:12:44.800284+00:00
SHOEBKEYSKS87GKG,20,wms:stock_snapshot_sim,2026-09-04T17:12:44.800284+00:00
NKCECZMAXJZH6XJY,1,wms:stock_snapshot_sim,2026-09-04T17:12:44.800284+00:00
TSHEF3Z28VB2TEZU,40,wms:stock_snapshot_sim,2026-09-04T17:12:44.800284+00:00
NKCE9ZPVFDNM6HCR,8,wms:stock_snapshot_sim,2026-09-04T17:12:44.800284+00:00
BRAECWP8YJWXFHUH,0,wms:stock_snapshot_sim,2026-09-04T17:12:44.800284+00:00
NSTEG48NKVWHGGZV,8,wms:stock_snapshot_sim,2026-09-04T17:12:44.800284+00:00
SHTEBH65NWPQJTAD,16,wms:stock_snapshot_sim,2026-09-04T17:12:44.800284+00:00
CLTEJ5ZZMTBYXWZQ,31,wms:stock_snapshot_sim,2026-09-04T17:12:44.800284+00:00
NKCE76TN4Z5ZQHH3,0,wms:stock_snapshot_sim,2026-09-04T17:12:44.800284+00:00
WATDA5ZA3R73RZWC,26,wms:stock_snapshot_sim,2026-09-04T17:12:44.800284+00:00
TSHE9CK22DFH4GFA,0,wms:stock_snapshot_sim,2026-09-04T17:12:44.800284+00:00
WATE6GAQSZYB3FKY,26,wms:stock_snapshot_sim,2026-09-04T17:12:44.800284+00:00
HMBEGYZXBWJ3TPS4,12,wms:stock_snapshot_sim,2026-09-04T17:12:44.800284+00:00
CRTECN2QWHKJ3PBU,35,wms:stock_snapshot_sim,2026-09-04T17:12:44.800284+00:00
BCHEF9ZEK3JFWSZF,40,wms:stock_snapshot_sim,2026-09-04T17:12:44.800284+00:00
CRNEJB4NE9FYSGBR,40,wms:stock_snapshot_sim,2026-09-04T17:12:44.800284+00:00
STIE9F5UCPRTGRVA,10,wms:stock_snapshot_sim,2026-09-04T17:12:44.800284+00:00
SKIEJH4T9YCH2BCX,12,wms:stock_snapshot_sim,2026-09-04T17:12:44.800284+00:00
RNGEDAKBZRJKYHDJ,16,wms:stock_snapshot_sim,2026-09-04T17:12:44.800284+00:00
CAGED6YFNUF4UUTH,35,wms:stock_snapshot_sim,2026-09-04T17:12:44.800284+00:00
ACCEKFVWGNASHCFK,31,wms:stock_snapshot_sim,2026-09-04T17:12:44.800284+00:00
CRNEJCC5YHEWAQ7B,7,wms:stock_snapshot_sim,2026-09-04T17:12:44.800284+00:00
SHTEC8AHPZSZYGJ9,32,wms:stock_snapshot_sim,2026-09-04T17:12:44.800284+00:00
MTYEGYZZDG269NCS,18,wms:stock_snapshot_sim,2026-09-04T17:12:44.800284+00:00
TSHE993RV7GU33KR,7,wms:stock_snapshot_sim,2026-09-04T17:12:44.800284+00:00
PACEBDFU4SN2D5SA,28,wms:stock_snapshot_sim,2026-09-04T17:12:44.800284+00:00
SHOEHYA2U4D2FDGE,19,wms:stock_snapshot_sim,2026-09-04T17:12:44.800284+00:00
PACE5VYXMZKGMDG8,37,wms:stock_snapshot_sim,2026-09-04T17:12:44.800284+00:00
RNGE88FRQJ9ZENJG,38,wms:stock_snapshot_sim,2026-09-04T17:12:44.800284+00:00
TSHE6UDNQA8QHUZF,40,wms:stock_snapshot_sim,2026-09-04T17:12:44.800284+00:00
VHREB3NZD9YGJ2JD,23,wms:stock_snapshot_sim,2026-09-04T17:12:44.800284+00:00
CPCE89GHBHKDXSRM,30,wms:stock_snapshot_sim,2026-09-04T17:12:44.800284+00:00
SWTE7V5K6JAMTFZQ,30,wms:stock_snapshot_sim,2026-09-04T17:12:44.800284+00:00
CRTECN2QZ7DHY6GV,11,wms:stock_snapshot_sim,2026-09-04T17:12:44.800284+00:00
FABE92PZSEPSGZFK,33,wms:stock_snapshot_sim,2026-09-04T17:12:44.800284+00:00
CRTECN2QYMHJKQ3G,34,wms:stock_snapshot_sim,2026-09-04T17:12:44.800284+00:00
PBLEGWQWEQKPXDHT,5,wms:stock_snapshot_sim,2026-09-04T17:12:44.800284+00:00
NKCEEFFZB3AFHB2K,10,wms:stock_snapshot_sim,2026-09-04T17:12:44.800284+00:00
WATDZ2ZQ8JPDHCTJ,37,wms:stock_snapshot_sim,2026-09-04T17:12:44.800284+00:00
SHTE6F3CUWEURTKB,9,wms:stock_snapshot_sim,2026-09-04T17:12:44.800284+00:00
KRTEDZ9EYGADAEC7,20,wms:stock_snapshot_sim,2026-09-04T17:12:44.800284+00:00
CAGE6DFWKJZZ5ZSD,5,wms:stock_snapshot_sim,2026-09-04T17:12:44.800284+00:00
HDNEDVWYBF3PGSFE,31,wms:stock_snapshot_sim,2026-09-04T17:12:44.800284+00:00
SNDECJAMZFFBC2UG,31,wms:stock_snapshot_sim,2026-09-04T17:12:44.800284+00:00
CRNEEABUZH4GSCTE,12,wms:stock_snapshot_sim,2026-09-04T17:12:44.800284+00:00
SMCEJV6XGQDBMGGQ,33,wms:stock_snapshot_sim,2026-09-04T17:12:44.800284+00:00
BKPE72DQFUHFUP9B,34,wms:stock_snapshot_sim,2026-09-04T17:12:44.800284+00:00
JCKDXPJGDX8MMGDF,21,wms:stock_snapshot_sim,2026-09-04T17:12:44.800284+00:00
SNRE777GADUHTECX,38,wms:stock_snapshot_sim,2026-09-04T17:12:44.800284+00:00
CAGEAFDBEJY56XSE,40,wms:stock_snapshot_sim,2026-09-04T17:12:44.800284+00:00
BLAEB3XAXFEDDAVE,5,wms:stock_snapshot_sim,2026-09-04T17:12:44.800284+00:00
PCSEAH5WCDGS8YCZ,0,wms:stock_snapshot_sim,2026-09-04T17:12:44.800284+00:00
SKIEA3GZPBMGZCTQ,11,wms:stock_snapshot_sim,2026-09-04T17:12:44.800284+00:00
WATDXFGTHYZXYY4N,7,wms:stock_snapshot_sim,2026-09-04T17:12:44.800284+00:00
NKCEDCT9R2VQYZJS,31,wms:stock_snapshot_sim,2026-09-04T17:12:44.800284+00:00
NKCE9YFB8HY2GPRA,15,wms:stock_snapshot_sim,2026-09-04T17:12:44.800284+00:00
TSHECXA5UGE8GKJA,16,wms:stock_snapshot_sim,2026-09-04T17:12:44.800284+00:00
NKCED6EXHFFHUFEW,12,wms:stock_snapshot_sim,2026-09-04T17:12:44.800284+00:00
WCKE25RAHZRQP7YR,25,wms:stock_snapshot_sim,2026-09-04T17:12:44.800284+00:00
NKCE9YFBJWQGF3KF,27,wms:stock_snapshot_sim,2026-09-04T17:12:44.800284+00:00
PBXE9CVJ6G5NAQFH,4,wms:stock_snapshot_sim,2026-09-04T17:12:44.800284+00:00
SHTEYQDB4JHRTCRR,8,wms:stock_snapshot_sim,2026-09-04T17:12:44.800284+00:00
SHTE96UAPYZHBYRY,0,wms:stock_snapshot_sim,2026-09-04T17:12:44.800284+00:00
SHTE55HGUD8ESUTQ,29,wms:stock_snapshot_sim,2026-09-04T17:12:44.800284+00:00
BRAEAJXRUPCUSZVP,39,wms:stock_snapshot_sim,2026-09-04T17:12:44.800284+00:00
CBKEBVA8H7KPU6HK,2,wms:stock_snapshot_sim,2026-09-04T17:12:44.800284+00:00
CRTECN2QZJSZBWGH,21,wms:stock_snapshot_sim,2026-09-04T17:12:44.800284+00:00
SNDEBKWJFZPFH8ZG,29,wms:stock_snapshot_sim,2026-09-04T17:12:44.800284+00:00
TSHEFHZGWZBATVNE,37,wms:stock_snapshot_sim,2026-09-04T17:12:44.800284+00:00
SHOE9YD5ZAYJQUYZ,13,wms:stock_snapshot_sim,2026-09-04T17:12:44.800284+00:00
SHVD2H7URCYYAHAH,29,wms:stock_snapshot_sim,2026-09-04T17:12:44.800284+00:00
TFHECYGAREJ2ACWS,15,wms:stock_snapshot_sim,2026-09-04T17:12:44.800284+00:00
VASEJQQNGXXSK9HM,11,wms:stock_snapshot_sim,2026-09-04T17:12:44.800284+00:00
TSHE6UDNUXGJ9QWC,34,wms:stock_snapshot_sim,2026-09-04T17:12:44.800284+00:00
NKCDZJB8WUWBH49M,13,wms:stock_snapshot_sim,2026-09-04T17:12:44.800284+00:00
TOPE7QTUDHZZZHVS,0,wms:stock_snapshot_sim,2026-09-04T17:12:44.800284+00:00
BBAEDVQFYXRHVUVC,0,wms:stock_snapshot_sim,2026-09-04T17:12:44.800284+00:00
SRTEEYRERRHA543N,7,wms:stock_snapshot_sim,2026-09-04T17:12:44.800284+00:00
ACCEGZ6BJZXBSCCG,9,wms:stock_snapshot_sim,2026-09-04T17:12:44.800284+00:00
BBAEDPZZUY4JCCCG,24,wms:stock_snapshot_sim,2026-09-04T17:12:44.800284+00:00
SHTEJJ5GKGNGEWAB,37,wms:stock_snapshot_sim,2026-09-04T17:12:44.800284+00:00
TSHEJCUX5AZCY3SZ,5,wms:stock_snapshot_sim,2026-09-04T17:12:44.800284+00:00
ACCEAC4R9FT7PDSK,34,wms:stock_snapshot_sim,2026-09-04T17:12:44.800284+00:00
SNDEG7DRWSX8HFXZ,14,wms:stock_snapshot_sim,2026-09-04T17:12:44.800284+00:00
PBXEDDEFV2FSNH4S,31,wms:stock_snapshot_sim,2026-09-04T17:12:44.800284+00:00
NKCE9HF3S2HTC8FB,23,wms:stock_snapshot_sim,2026-09-04T17:12:44.800284+00:00
BRAEBUHTHHJDHGHE,36,wms:stock_snapshot_sim,2026-09-04T17:12:44.800284+00:00
NKCE96SXDK3JFZC3,5,wms:stock_snapshot_sim,2026-09-04T17:12:44.800284+00:00
NKCEBMDCG3PEZTHX,25,wms:stock_snapshot_sim,2026-09-04T17:12:44.800284+00:00
RNGE88FRA9DMA4UZ,37,wms:stock_snapshot_sim,2026-09-04T17:12:44.800284+00:00
RNGEDAKCZHXRBG9G,0,wms:stock_snapshot_sim,2026-09-04T17:12:44.800284+00:00
DEOEGCXBKZMKQC3Z,20,wms:stock_snapshot_sim,2026-09-04T17:12:44.800284+00:00
BLBEYXYHGMXNNABE,32,wms:stock_snapshot_sim,2026-09-04T17:12:44.800284+00:00
TSHE6KWDZJCPGGEZ,39,wms:stock_snapshot_sim,2026-09-04T17:12:44.800284+00:00
WATECKRCSC8WGWG5,2,wms:stock_snapshot_sim,2026-09-04T17:12:44.800284+00:00
NKCE8RB5WMWAWNHJ,19,wms:stock_snapshot_sim,2026-09-04T17:12:44.800284+00:00
TSHE9QS7UNUZQKGD,17,wms:stock_snapshot_sim,2026-09-04T17:12:44.800284+00:00
PCSDY5AFPWQBABVU,23,wms:stock_snapshot_sim,2026-09-04T17:12:44.800284+00:00
NKCEBHGAHNETNHPA,0,wms:stock_snapshot_sim,2026-09-04T17:12:44.800284+00:00
BRAEBXRBXYDKYPKB,19,wms:stock_snapshot_sim,2026-09-04T17:12:44.800284+00:00
DREEDHM4HCWUJZZJ,0,wms:stock_snapshot_sim,2026-09-04T17:12:44.800284+00:00
CSPEGWUYXZNXC8ZG,34,wms:stock_snapshot_sim,2026-09-04T17:12:44.800284+00:00
NKCE6NHRG8RFBZED,33,wms:stock_snapshot_sim,2026-09-04T17:12:44.800284+00:00
BBAE5GG4DYDAG4XG,40,wms:stock_snapshot_sim,2026-09-04T17:12:44.800284+00:00
SNRE9ZQNP9YE6CG8,0,wms:stock_snapshot_sim,2026-09-04T17:12:44.800284+00:00
DREE9QSVADZEKNJS,8,wms:stock_snapshot_sim,2026-09-04T17:12:44.800284+00:00
BRAE3TSHYTS4FCU4,17,wms:stock_snapshot_sim,2026-09-04T17:12:44.800284+00:00
NKCE84H9GHSAPR9C,3,wms:stock_snapshot_sim,2026-09-04T17:12:44.800284+00:00
BBAE6GFQXREGGBCU,17,wms:stock_snapshot_sim,2026-09-04T17:12:44.800284+00:00
NKCE5U69RBZRVJCQ,4,wms:stock_snapshot_sim,2026-09-04T17:12:44.800284+00:00
TKSEA5G4KTPUYQHV,36,wms:stock_snapshot_sim,2026-09-04T17:12:44.800284+00:00
MUGE6SYUHXASZBRF,22,wms:stock_snapshot_sim,2026-09-04T17:12:44.800284+00:00
CRNEG8D8R3D8NRYR,4,wms:stock_snapshot_sim,2026-09-04T17:12:44.800284+00:00
SHOE26U4RBFZHMRC,5,wms:stock_snapshot_sim,2026-09-04T17:12:44.800284+00:00
NKCEEAKUFHZQQTZP,37,wms:stock_snapshot_sim,2026-09-04T17:12:44.800284+00:00
VMREGG7NZEFYE7A9,3,wms:stock_snapshot_sim,2026-09-04T17:12:44.800284+00:00
BBADWZFDVJNFAMUH,5,wms:stock_snapshot_sim,2026-09-04T17:12:44.800284+00:00
HMBEGHDYHZKJKKYH,39,wms:stock_snapshot_sim,2026-09-04T17:12:44.800284+00:00
STIEYZ5T6WKUJERC,6,wms:stock_snapshot_sim,2026-09-04T17:12:44.800284+00:00
CRNEFPZF9RPX9RFG,31,wms:stock_snapshot_sim,2026-09-04T17:12:44.800284+00:00
SHIEAT33F8AZFEFS,18,wms:stock_snapshot_sim,2026-09-04T17:12:44.800284+00:00
RTRE4ZQB3BTTWZKT,7,wms:stock_snapshot_sim,2026-09-04T17:12:44.800284+00:00
BKPEHD443RRF8PN3,0,wms:stock_snapshot_sim,2026-09-04T17:12:44.800284+00:00
NKCEC86VG3DP9ZGQ,23,wms:stock_snapshot_sim,2026-09-04T17:12:44.800284+00:00
SHTEJT4DCZAKK3YW,20,wms:stock_snapshot_sim,2026-09-04T17:12:44.800284+00:00
SHIEHGXH8GPWGWFE,15,wms:stock_snapshot_sim,2026-09-04T17:12:44.800284+00:00
PBLEGVWGFFJVUXGV,0,wms:stock_snapshot_sim,2026-09-04T17:12:44.800284+00:00
CAGDTN27KGFHHVHJ,0,wms:stock_snapshot_sim,2026-09-04T17:12:44.800284+00:00
RNGEFP2XZSFFAGGV,13,wms:stock_snapshot_sim,2026-09-04T17:12:44.800284+00:00
TSHE4S257WYDXMMX,25,wms:stock_snapshot_sim,2026-09-04T17:12:44.800284+00:00
RNGEH3EVGJ9YGYHX,2,wms:stock_snapshot_sim,2026-09-04T17:12:44.800284+00:00
JWSE5GUZVDP4GFYZ,4,wms:stock_snapshot_sim,2026-09-04T17:12:44.800284+00:00
SNDEHZKGZHHHQVYX,25,wms:stock_snapshot_sim,2026-09-04T17:12:44.800284+00:00
NDNEGCSG7UGYCVR6,28,wms:stock_snapshot_sim,2026-09-04T17:12:44.800284+00:00
VESEGHG7CEUHDZVZ,36,wms:stock_snapshot_sim,2026-09-04T17:12:44.800284+00:00
NKCE8NX2YNZJDK9F,29,wms:stock_snapshot_sim,2026-09-04T17:12:44.800284+00:00
NKCEFXYQ3DCCYFFW,40,wms:stock_snapshot_sim,2026-09-04T17:12:44.800284+00:00
BCHEG2BG5UJKZYZG,24,wms:stock_snapshot_sim,2026-09-04T17:12:44.800284+00:00
STIEAE2Z8QXAZSD7,22,wms:stock_snapshot_sim,2026-09-04T17:12:44.800284+00:00
KRTEJ6YN6AWRYHFH,4,wms:stock_snapshot_sim,2026-09-04T17:12:44.800284+00:00
STIE7KFJRZZCGX2X,6,wms:stock_snapshot_sim,2026-09-04T17:12:44.800284+00:00
SHTE8GVYNAJKT5HY,15,wms:stock_snapshot_sim,2026-09-04T17:12:44.800284+00:00
PTGEGUPG2NAHGUJM,35,wms:stock_snapshot_sim,2026-09-04T17:12:44.800284+00:00
RTRECTV9PSVC8Z9Y,1,wms:stock_snapshot_sim,2026-09-04T17:12:44.800284+00:00
TDHEGVZKDUDKTUTG,16,wms:stock_snapshot_sim,2026-09-04T17:12:44.800284+00:00
PBLEGWQWYXZ8MHA8,5,wms:stock_snapshot_sim,2026-09-04T17:12:44.800284+00:00
RNGEBQZRSFJHG9UA,0,wms:stock_snapshot_sim,2026-09-04T17:12:44.800284+00:00
PHFEG8HFHPE6ZXZ5,19,wms:stock_snapshot_sim,2026-09-04T17:12:44.800284+00:00
SNDEHWJCAYMKQGRT,0,wms:stock_snapshot_sim,2026-09-04T17:12:44.800284+00:00
TOPEYQHGTHDHSJNM,16,wms:stock_snapshot_sim,2026-09-04T17:12:44.800284+00:00
TSHECB65M2CTZGMY,9,wms:stock_snapshot_sim,2026-09-04T17:12:44.800284+00:00
RNGE87FCBXPY8UU9,31,wms:stock_snapshot_sim,2026-09-04T17:12:44.800284+00:00
DREEYTUZVH3ZZNAX,5,wms:stock_snapshot_sim,2026-09-04T17:12:44.800284+00:00
NKCE3HG8WGXGA6JD,0,wms:stock_snapshot_sim,2026-09-04T17:12:44.800284+00:00
NKCECZFZAFEHW73X,14,wms:stock_snapshot_sim,2026-09-04T17:12:44.800284+00:00
ACCEA4BDBJVK7BGQ,23,wms:stock_snapshot_sim,2026-09-04T17:12:44.800284+00:00
BRAEDSG92FGZZXCT,15,wms:stock_snapshot_sim,2026-09-04T17:12:44.800284+00:00
ACCE9DJZFAHZZEKH,20,wms:stock_snapshot_sim,2026-09-04T17:12:44.800284+00:00
RNGE7M92FWMWGPHD,36,wms:stock_snapshot_sim,2026-09-04T17:12:44.800284+00:00
ACCEEEWJX4MRNFHB,16,wms:stock_snapshot_sim,2026-09-04T17:12:44.800284+00:00
BLAEEDEGGXT28W9J,18,wms:stock_snapshot_sim,2026-09-04T17:12:44.800284+00:00
BRAEDVX7X6EYZSWH,35,wms:stock_snapshot_sim,2026-09-04T17:12:44.800284+00:00
SHIEBZB44JP2JZNG,4,wms:stock_snapshot_sim,2026-09-04T17:12:44.800284+00:00
USGEE3GGGGYWM8ZZ,27,wms:stock_snapshot_sim,2026-09-04T17:12:44.800284+00:00
SHIE9FMP3RBSYMEV,40,wms:stock_snapshot_sim,2026-09-04T17:12:44.800284+00:00
TROECG4WPVWPFRYZ,6,wms:stock_snapshot_sim,2026-09-04T17:12:44.800284+00:00
PBXED67JVPPSGVWE,9,wms:stock_snapshot_sim,2026-09-04T17:12:44.800284+00:00
AVCEGCNNRVZUXF4H,34,wms:stock_snapshot_sim,2026-09-04T17:12:44.800284+00:00
BRAEAR7WHGZHMF4B,36,wms:stock_snapshot_sim,2026-09-04T17:12:44.800284+00:00
TSHE8HQPNBGJVF3C,24,wms:stock_snapshot_sim,2026-09-04T17:12:44.800284+00:00
ACCDVHJPHS9KUH2A,10,wms:stock_snapshot_sim,2026-09-04T17:12:44.800284+00:00
CGCEG28UCFAFNXBH,0,wms:stock_snapshot_sim,2026-09-04T17:12:44.800284+00:00
MUGEACY8VQRMM4FX,29,wms:stock_snapshot_sim,2026-09-04T17:12:44.800284+00:00
SGLEJV5XS9UCYHPM,30,wms:stock_snapshot_sim,2026-09-04T17:12:44.800284+00:00
TMLEEVFEGZRYJTAY,2,wms:stock_snapshot_sim,2026-09-04T17:12:44.800284+00:00
SWSE36FPYKT5QHTM,3,wms:stock_snapshot_sim,2026-09-04T17:12:44.800284+00:00
RUGEH4VGX2RJXKFS,38,wms:stock_snapshot_sim,2026-09-04T17:12:44.800284+00:00
DREEHPHFDS9FVTDC,6,wms:stock_snapshot_sim,2026-09-04T17:12:44.800284+00:00
BRAE5VAWKA95NBFY,0,wms:stock_snapshot_sim,2026-09-04T17:12:44.800284+00:00
CRTECN2QUZBANWHU,25,wms:stock_snapshot_sim,2026-09-04T17:12:44.800284+00:00
ACCEA4BDBHVSGNWE,25,wms:stock_snapshot_sim,2026-09-04T17:12:44.800284+00:00
CNTEJVGGPSZRZDFH,3,wms:stock_snapshot_sim,2026-09-04T17:12:44.800284+00:00
BBAEJA4VQ8WKHX28,25,wms:stock_snapshot_sim,2026-09-04T17:12:44.800284+00:00
SHIE6ZSBWKWVVNB2,28,wms:stock_snapshot_sim,2026-09-04T17:12:44.800284+00:00
NSTEG48PHV8HRKYB,20,wms:stock_snapshot_sim,2026-09-04T17:12:44.800284+00:00
TSHE9QSCV9QZMMZH,0,wms:stock_snapshot_sim,2026-09-04T17:12:44.800284+00:00
CAGE6HYJ89ZQMNFR,2,wms:stock_snapshot_sim,2026-09-04T17:12:44.800284+00:00
LJGE8TQ5MJPQHUVW,22,wms:stock_snapshot_sim,2026-09-04T17:12:44.800284+00:00
SHTEYE998X2JFGDE,17,wms:stock_snapshot_sim,2026-09-04T17:12:44.800284+00:00
TOPE7WAUPRGCFR9K,38,wms:stock_snapshot_sim,2026-09-04T17:12:44.800284+00:00
CBKEAHJXV4ZEJ5MS,2,wms:stock_snapshot_sim,2026-09-04T17:12:44.800284+00:00
RNGE88QAGN5GRH3J,40,wms:stock_snapshot_sim,2026-09-04T17:12:44.800284+00:00
TSHECXA5HKNSHNZJ,28,wms:stock_snapshot_sim,2026-09-04T17:12:44.800284+00:00
ACCE6S2GA922QHYH,4,wms:stock_snapshot_sim,2026-09-04T17:12:44.800284+00:00
SHOE8RKJAZ622YCE,36,wms:stock_snapshot_sim,2026-09-04T17:12:44.800284+00:00
SWSEEF4TZZJE5VNY,19,wms:stock_snapshot_sim,2026-09-04T17:12:44.800284+00:00
RNGE88FRGZCXNKUG,35,wms:stock_snapshot_sim,2026-09-04T17:12:44.800284+00:00
RNGEBWZUTZFZHBWN,37,wms:stock_snapshot_sim,2026-09-04T17:12:44.800284+00:00
CPCED7MFHVGEX4NT,34,wms:stock_snapshot_sim,2026-09-04T17:12:44.800284+00:00
BRAE6YVCHYSFSMWY,25,wms:stock_snapshot_sim,2026-09-04T17:12:44.800284+00:00
BTWEC899ZNB9XH3Z,16,wms:stock_snapshot_sim,2026-09-04T17:12:44.800284+00:00
SHTEJK9URXWQB7CJ,1,wms:stock_snapshot_sim,2026-09-04T17:12:44.800284+00:00
USGE9ZHVSVH9FVHP,18,wms:stock_snapshot_sim,2026-09-04T17:12:44.800284+00:00
CAGDYPBWA7RBUBYT,0,wms:stock_snapshot_sim,2026-09-04T17:12:44.800284+00:00
BRHEDG33DZHYZGZG,35,wms:stock_snapshot_sim,2026-09-04T17:12:44.800284+00:00
SHIE92VMGH3SEEVU,37,wms:stock_snapshot_sim,2026-09-04T17:12:44.800284+00:00
ACCEA4CAG7K4BFQZ,40,wms:stock_snapshot_sim,2026-09-04T17:12:44.800284+00:00
AVCEJCJQGVPZ7RWD,18,wms:stock_snapshot_sim,2026-09-04T17:12:44.800284+00:00
ACCE8XZMDYUKF8SG,39,wms:stock_snapshot_sim,2026-09-04T17:12:44.800284+00:00
ACCEHHR5ESZAXDPA,0,wms:stock_snapshot_sim,2026-09-04T17:12:44.800284+00:00
NKCE2F5HKUY2555B,21,wms:stock_snapshot_sim,2026-09-04T17:12:44.800284+00:00
SHTDVC4GXFZM7WGR,12,wms:stock_snapshot_sim,2026-09-04T17:12:44.800284+00:00
TSHE6UDN7AC9HDWW,2,wms:stock_snapshot_sim,2026-09-04T17:12:44.800284+00:00
CAGE7DUYEYWSYGBY,30,wms:stock_snapshot_sim,2026-09-04T17:12:44.800284+00:00
SHOE9UDJKNVSDH72,0,wms:stock_snapshot_sim,2026-09-04T17:12:44.800284+00:00
TMLEERDZWGG2QYC5,36,wms:stock_snapshot_sim,2026-09-04T17:12:44.800284+00:00
BRAE6HUHPGFHGEER,4,wms:stock_snapshot_sim,2026-09-04T17:12:44.800284+00:00
RNGE88QAJHBEZFVG,6,wms:stock_snapshot_sim,2026-09-04T17:12:44.800284+00:00
RNGE7M92FRVBBDJH,40,wms:stock_snapshot_sim,2026-09-04T17:12:44.800284+00:00
BALEDMVBJHEQRJS5,5,wms:stock_snapshot_sim,2026-09-04T17:12:44.800284+00:00
WATDWABRFCWT2DD3,17,wms:stock_snapshot_sim,2026-09-04T17:12:44.800284+00:00
SCHE3Z7QSNH783YG,18,wms:stock_snapshot_sim,2026-09-04T17:12:44.800284+00:00
CRNEE84JAMEZYWWD,32,wms:stock_snapshot_sim,2026-09-04T17:12:44.800284+00:00
DKOE4CHENGYZ5PEH,12,wms:stock_snapshot_sim,2026-09-04T17:12:44.800284+00:00
PCSEDCWJBHDR9EYU,40,wms:stock_snapshot_sim,2026-09-04T17:12:44.800284+00:00
JWSDYQDEHVPZUYMZ,15,wms:stock_snapshot_sim,2026-09-04T17:12:44.800284+00:00
PCSEAHJCVPRUPVHX,3,wms:stock_snapshot_sim,2026-09-04T17:12:44.800284+00:00
VATEGRBBFYBEUKW7,33,wms:stock_snapshot_sim,2026-09-04T17:12:44.800284+00:00
DREE4V9ZYNGWHTGG,38,wms:stock_snapshot_sim,2026-09-04T17:12:44.800284+00:00
NDNEGCSGGYWR4CBH,36,wms:stock_snapshot_sim,2026-09-04T17:12:44.800284+00:00
BBADZKBHGND8CS2D,4,wms:stock_snapshot_sim,2026-09-04T17:12:44.800284+00:00
DREE5M4ZXSC7GRCB,17,wms:stock_snapshot_sim,2026-09-04T17:12:44.800284+00:00
RNGE2FAFYTYTZXZX,2,wms:stock_snapshot_sim,2026-09-04T17:12:44.800284+00:00
CRNEJBGHW2PRYTTY,23,wms:stock_snapshot_sim,2026-09-04T17:12:44.800284+00:00
CRTECN2QXZJ2U9GY,3,wms:stock_snapshot_sim,2026-09-04T17:12:44.800284+00:00
BBAEDZHYDZQGHHP3,23,wms:stock_snapshot_sim,2026-09-04T17:12:44.800284+00:00
SHTEBS8Z97ECWYXJ,33,wms:stock_snapshot_sim,2026-09-04T17:12:44.800284+00:00
ACCE6P3A5JC6BDHZ,33,wms:stock_snapshot_sim,2026-09-04T17:12:44.800284+00:00
STIEYZ5T4GMGBZEU,0,wms:stock_snapshot_sim,2026-09-04T17:12:44.800284+00:00
BBAE8YHVGRVFGFRJ,37,wms:stock_snapshot_sim,2026-09-04T17:12:44.800284+00:00
SHOEJUQGGZQPCVYE,27,wms:stock_snapshot_sim,2026-09-04T17:12:44.800284+00:00
BRAEBCY3YXNXGCZX,0,wms:stock_snapshot_sim,2026-09-04T17:12:44.800284+00:00
TWSEHGSYDKWGR6RT,19,wms:stock_snapshot_sim,2026-09-04T17:12:44.800284+00:00
BRAE8UZGGRVBCEHM,21,wms:stock_snapshot_sim,2026-09-04T17:12:44.800284+00:00
SHIEC8ATXGYEJ4GD,24,wms:stock_snapshot_sim,2026-09-04T17:12:44.800284+00:00
JEAEBXFP6JDDJYAY,27,wms:stock_snapshot_sim,2026-09-04T17:12:44.800284+00:00
EROEGXBKHBW3XHC8,24,wms:stock_snapshot_sim,2026-09-04T17:12:44.800284+00:00
BRAEFR6JYG2HBVSS,19,wms:stock_snapshot_sim,2026-09-04T17:12:44.800284+00:00
NKCE9YFBD4MBHHWZ,11,wms:stock_snapshot_sim,2026-09-04T17:12:44.800284+00:00
BRAE8X2ZW4ZPDQ7A,19,wms:stock_snapshot_sim,2026-09-04T17:12:44.800284+00:00
SNDDQYT6Y4FTMDDP,38,wms:stock_snapshot_sim,2026-09-04T17:12:44.800284+00:00
STIEGHZFWR7RE3EG,0,wms:stock_snapshot_sim,2026-09-04T17:12:44.800284+00:00
ACCEGZ65AEVGSGZ7,21,wms:stock_snapshot_sim,2026-09-04T17:12:44.800284+00:00
PELEYC9ZZPDGZWAA,33,wms:stock_snapshot_sim,2026-09-04T17:12:44.800284+00:00
SHTE7F94PHHRSDZG,23,wms:stock_snapshot_sim,2026-09-04T17:12:44.800284+00:00
NKCE7TZG9AG6F3YB,25,wms:stock_snapshot_sim,2026-09-04T17:12:44.800284+00:00
PBXEBQGM9YPSQDMH,3,wms:stock_snapshot_sim,2026-09-04T17:12:44.800284+00:00
SHTE6G4TGVVDGGQH,10,wms:stock_snapshot_sim,2026-09-04T17:12:44.800284+00:00
KRTE89S7ZX7GUEGT,6,wms:stock_snapshot_sim,2026-09-04T17:12:44.800284+00:00
LPBEGDV88DZJK6QP,15,wms:stock_snapshot_sim,2026-09-04T17:12:44.800284+00:00
STIE6JA5JTYFXFRE,37,wms:stock_snapshot_sim,2026-09-04T17:12:44.800284+00:00
NKCEFXYQ3AZGTBWY,27,wms:stock_snapshot_sim,2026-09-04T17:12:44.800284+00:00
SHIEBYDE53FWHHGZ,8,wms:stock_snapshot_sim,2026-09-04T17:12:44.800284+00:00
TOPE8FH7HKPMMEZK,34,wms:stock_snapshot_sim,2026-09-04T17:12:44.800284+00:00
NKCDZHF7GVYJSFDF,39,wms:stock_snapshot_sim,2026-09-04T17:12:44.800284+00:00
CRTECN2QWEDYMDNQ,34,wms:stock_snapshot_sim,2026-09-04T17:12:44.800284+00:00
SHTECGNBSAKU7EE4,21,wms:stock_snapshot_sim,2026-09-04T17:12:44.800284+00:00
KRTE8BZKVAMNDPRZ,37,wms:stock_snapshot_sim,2026-09-04T17:12:44.800284+00:00
CAGE4Y4FXXUZS4ZP,16,wms:stock_snapshot_sim,2026-09-04T17:12:44.800284+00:00
USGEE39ZKAU9DDA3,24,wms:stock_snapshot_sim,2026-09-04T17:12:44.800284+00:00
TOPEB7DNYWQHG7AE,21,wms:stock_snapshot_sim,2026-09-04T17:12:44.800284+00:00
CAGE8X8X42FZCBSF,8,wms:stock_snapshot_sim,2026-09-04T17:12:44.800284+00:00
BRAE7SQFKFNVCTB9,29,wms:stock_snapshot_sim,2026-09-04T17:12:44.800284+00:00
DREE8FWR542TYSH5,27,wms:stock_snapshot_sim,2026-09-04T17:12:44.800284+00:00
SHTEAVBVDRBN5ATQ,23,wms:stock_snapshot_sim,2026-09-04T17:12:44.800284+00:00
NKCDZFFRZEEMHAFJ,5,wms:stock_snapshot_sim,2026-09-04T17:12:44.800284+00:00
TOPE7NMGHMTJPCMT,31,wms:stock_snapshot_sim,2026-09-04T17:12:44.800284+00:00
SHODUMFYM8ZHSJBG,29,wms:stock_snapshot_sim,2026-09-04T17:12:44.800284+00:00
TOPEGZAJGX493RKR,15,wms:stock_snapshot_sim,2026-09-04T17:12:44.800284+00:00
NKCED6HGZQZFG7VQ,9,wms:stock_snapshot_sim,2026-09-04T17:12:44.800284+00:00
BBAEBK8KHEAXFCDT,16,wms:stock_snapshot_sim,2026-09-04T17:12:44.800284+00:00
BRAE3TSHYZTHHE2F,27,wms:stock_snapshot_sim,2026-09-04T17:12:44.800284+00:00
ACCE9DJSQHBUJ5KS,9,wms:stock_snapshot_sim,2026-09-04T17:12:44.800284+00:00
DREEGZ5CPMQDRZST,19,wms:stock_snapshot_sim,2026-09-04T17:12:44.800284+00:00
BBAE8BXAWZGNBJUS,8,wms:stock_snapshot_sim,2026-09-04T17:12:44.800284+00:00
NKCE6Y3MYHDXXN9U,0,wms:stock_snapshot_sim,2026-09-04T17:12:44.800284+00:00
SKIE45X3FZDSF4BK,10,wms:stock_snapshot_sim,2026-09-04T17:12:44.800284+00:00
BTWEJQ6AKJYGHUGJ,13,wms:stock_snapshot_sim,2026-09-04T17:12:44.800284+00:00
DREEAXE3VAX3GY9Y,30,wms:stock_snapshot_sim,2026-09-04T17:12:44.800284+00:00
PPSE2QSAMAWW94WA,0,wms:stock_snapshot_sim,2026-09-04T17:12:44.800284+00:00
SHOE9T33EJDNTZ68,17,wms:stock_snapshot_sim,2026-09-04T17:12:44.800284+00:00
TSHEA48ZVHUBNESV,31,wms:stock_snapshot_sim,2026-09-04T17:12:44.800284+00:00
NRSEGS9MEGAZT9SY,9,wms:stock_snapshot_sim,2026-09-04T17:12:44.800284+00:00
WATE9MXPZEEPXGAU,28,wms:stock_snapshot_sim,2026-09-04T17:12:44.800284+00:00
JEAEGRDYBVFWFEMF,0,wms:stock_snapshot_sim,2026-09-04T17:12:44.800284+00:00
CBKEBVA8V8KQCCX4,5,wms:stock_snapshot_sim,2026-09-04T17:12:44.800284+00:00
NKCDXEGWFZXNVNAD,34,wms:stock_snapshot_sim,2026-09-04T17:12:44.800284+00:00
LJGE8TQ3NK74GUHF,28,wms:stock_snapshot_sim,2026-09-04T17:12:44.800284+00:00
NKCE6HZQSMTECZBC,26,wms:stock_snapshot_sim,2026-09-04T17:12:44.800284+00:00
BKPEGXYWWJPETZZA,16,wms:stock_snapshot_sim,2026-09-04T17:12:44.800284+00:00
TOPEBN6MZNGGZEMY,8,wms:stock_snapshot_sim,2026-09-04T17:12:44.800284+00:00
SCSEGE9JZNUZHJ7M,22,wms:stock_snapshot_sim,2026-09-04T17:12:44.800284+00:00
BBAEBFYNTJ2HSH7K,40,wms:stock_snapshot_sim,2026-09-04T17:12:44.800284+00:00
BBAEEBGMPBGA2GZU,3,wms:stock_snapshot_sim,2026-09-04T17:12:44.800284+00:00
WBTEDVH6WXGPER53,0,wms:stock_snapshot_sim,2026-09-04T17:12:44.800284+00:00
ACCE6GFGYHEW7YRU,29,wms:stock_snapshot_sim,2026-09-04T17:12:44.800284+00:00
BDDEH29DNAN4AKYH,29,wms:stock_snapshot_sim,2026-09-04T17:12:44.800284+00:00
CAGE4BQXSJPTBUS4,28,wms:stock_snapshot_sim,2026-09-04T17:12:44.800284+00:00
CRTECN2QWPPMVZZ9,31,wms:stock_snapshot_sim,2026-09-04T17:12:44.800284+00:00
ACCDZMAP27FUAVMR,12,wms:stock_snapshot_sim,2026-09-04T17:12:44.800284+00:00
DREEFYYF6CJDADMW,38,wms:stock_snapshot_sim,2026-09-04T17:12:44.800284+00:00
JWSEBCY4TPG6GJN3,33,wms:stock_snapshot_sim,2026-09-04T17:12:44.800284+00:00
SNDECRS4R3DV9QXU,0,wms:stock_snapshot_sim,2026-09-04T17:12:44.800284+00:00
NKCDTAXFXWPKGZAN,38,wms:stock_snapshot_sim,2026-09-04T17:12:44.800284+00:00
WATE93RZKGEQEY7D,30,wms:stock_snapshot_sim,2026-09-04T17:12:44.800284+00:00
SGLEJVKF8UNGUJYG,29,wms:stock_snapshot_sim,2026-09-04T17:12:44.800284+00:00
SNDEBZY2BFKZCYPP,38,wms:stock_snapshot_sim,2026-09-04T17:12:44.800284+00:00
RNGDQ5GGZXAQWXWW,7,wms:stock_snapshot_sim,2026-09-04T17:12:44.800284+00:00
BBAEC89PP5NCWVFR,32,wms:stock_snapshot_sim,2026-09-04T17:12:44.800284+00:00
ARPEFYZQ7PZSTFFS,37,wms:stock_snapshot_sim,2026-09-04T17:12:44.800284+00:00
SNDEJYHYGANG3YQ4,34,wms:stock_snapshot_sim,2026-09-04T17:12:44.800284+00:00
TKPEC89TSZG47HHQ,28,wms:stock_snapshot_sim,2026-09-04T17:12:44.800284+00:00
MUGEAGGKTQPXHFGA,25,wms:stock_snapshot_sim,2026-09-04T17:12:44.800284+00:00
LJGEHDSP4FSHGSVB,12,wms:stock_snapshot_sim,2026-09-04T17:12:44.800284+00:00
ACCEDQ5CYXS7E7HZ,3,wms:stock_snapshot_sim,2026-09-04T17:12:44.800284+00:00
PCSECV3FEADN7SYF,14,wms:stock_snapshot_sim,2026-09-04T17:12:44.800284+00:00
DCVEJHVEMXYT6UF6,18,wms:stock_snapshot_sim,2026-09-04T17:12:44.800284+00:00
PCSE6SJGPYFYGKUQ,40,wms:stock_snapshot_sim,2026-09-04T17:12:44.800284+00:00
TOPEDYHYEY5JAKCY,23,wms:stock_snapshot_sim,2026-09-04T17:12:44.800284+00:00
SGLEJXH9NYYU7QSV,8,wms:stock_snapshot_sim,2026-09-04T17:12:44.800284+00:00
KRTEJHFEDSHWJXKA,32,wms:stock_snapshot_sim,2026-09-04T17:12:44.800284+00:00
BRAEDTGQMXYVF7NB,11,wms:stock_snapshot_sim,2026-09-04T17:12:44.800284+00:00
BLAEE6KTJRCUYPFG,17,wms:stock_snapshot_sim,2026-09-04T17:12:44.800284+00:00
ACCE6SJGZFP5ZY4J,7,wms:stock_snapshot_sim,2026-09-04T17:12:44.800284+00:00
SHOE8KP4W9XCN3FJ,18,wms:stock_snapshot_sim,2026-09-04T17:12:44.800284+00:00
VHREHEPTZAWTWHFJ,14,wms:stock_snapshot_sim,2026-09-04T17:12:44.800284+00:00
BBAEJZSPWSYRUGRJ,33,wms:stock_snapshot_sim,2026-09-04T17:12:44.800284+00:00
LJGE8NS7MBGTEFVE,2,wms:stock_snapshot_sim,2026-09-04T17:12:44.800284+00:00
DREE45NNFKMHUAGK,3,wms:stock_snapshot_sim,2026-09-04T17:12:44.800284+00:00
NKCE3KVS9DFHXFPH,35,wms:stock_snapshot_sim,2026-09-04T17:12:44.800284+00:00
CPCE2ZMDYGENCZEN,13,wms:stock_snapshot_sim,2026-09-04T17:12:44.800284+00:00
NKCE8RB5ZXQ4HGGZ,0,wms:stock_snapshot_sim,2026-09-04T17:12:44.800284+00:00
RNGEB2PGDCAQPBVJ,2,wms:stock_snapshot_sim,2026-09-04T17:12:44.800284+00:00
BRAEE6YMKGHQ4C4K,19,wms:stock_snapshot_sim,2026-09-04T17:12:44.800284+00:00
BRAECJ7STGGUPS8T,37,wms:stock_snapshot_sim,2026-09-04T17:12:44.800284+00:00
PCSE98DZGXUN5KSW,29,wms:stock_snapshot_sim,2026-09-04T17:12:44.800284+00:00
DREDV8HG7Z8BFFXZ,30,wms:stock_snapshot_sim,2026-09-04T17:12:44.800284+00:00
TKPEJXUP89GFFZUS,8,wms:stock_snapshot_sim,2026-09-04T17:12:44.800284+00:00
SHIEA33PFVZWGR3Q,8,wms:stock_snapshot_sim,2026-09-04T17:12:44.800284+00:00
VPAEHPYYFKG4NG39,28,wms:stock_snapshot_sim,2026-09-04T17:12:44.800284+00:00
NKCE8BG8TK3KZ7NA,6,wms:stock_snapshot_sim,2026-09-04T17:12:44.800284+00:00
SMTEHQYVGJ9QDJSP,18,wms:stock_snapshot_sim,2026-09-04T17:12:44.800284+00:00
SHIE7ZWA4HYWCZS4,8,wms:stock_snapshot_sim,2026-09-04T17:12:44.800284+00:00
PCSEAH5WWGGT8CEZ,6,wms:stock_snapshot_sim,2026-09-04T17:12:44.800284+00:00
PCSE27VV35ZGZBB3,15,wms:stock_snapshot_sim,2026-09-04T17:12:44.800284+00:00
TKPEHZ2Y6KFV5ZQR,21,wms:stock_snapshot_sim,2026-09-04T17:12:44.800284+00:00
SHTDUS8RJ7ZBDSBK,22,wms:stock_snapshot_sim,2026-09-04T17:12:44.800284+00:00
USGEBZ7UHGHM4F7T,33,wms:stock_snapshot_sim,2026-09-04T17:12:44.800284+00:00
PELEG7RC48ZESHM3,5,wms:stock_snapshot_sim,2026-09-04T17:12:44.800284+00:00
PCSEEFZXJ8TG6RNP,21,wms:stock_snapshot_sim,2026-09-04T17:12:44.800284+00:00
SWTEE72YGRZTR9EF,3,wms:stock_snapshot_sim,2026-09-04T17:12:44.800284+00:00
BRAE74BRUJV9K63H,34,wms:stock_snapshot_sim,2026-09-04T17:12:44.800284+00:00
SNDE7RMR597YAKXB,36,wms:stock_snapshot_sim,2026-09-04T17:12:44.800284+00:00
STIE8YSVEPPCZ42Y,3,wms:stock_snapshot_sim,2026-09-04T17:12:44.800284+00:00
DREEAF9GGGUTKHXQ,1,wms:stock_snapshot_sim,2026-09-04T17:12:44.800284+00:00
BCHEGARUNJCHGFRH,38,wms:stock_snapshot_sim,2026-09-04T17:12:44.800284+00:00
ACCEDFFKZ5DGSBWQ,15,wms:stock_snapshot_sim,2026-09-04T17:12:44.800284+00:00
NKCE9PFFVPDMZUUR,17,wms:stock_snapshot_sim,2026-09-04T17:12:44.800284+00:00
RTRECZVP6VGBTEGT,32,wms:stock_snapshot_sim,2026-09-04T17:12:44.800284+00:00
LJGE8GG9PKZYPEPQ,32,wms:stock_snapshot_sim,2026-09-04T17:12:44.800284+00:00
STIEAE2ZRKWBFNSP,13,wms:stock_snapshot_sim,2026-09-04T17:12:44.800284+00:00
SNDEHZQQERXYSRFS,6,wms:stock_snapshot_sim,2026-09-04T17:12:44.800284+00:00
RNGEDAPSZFBHAGJY,14,wms:stock_snapshot_sim,2026-09-04T17:12:44.800284+00:00
JCKEE7ZKPDVVEJ8T,0,wms:stock_snapshot_sim,2026-09-04T17:12:44.800284+00:00
BRAECSZGZZUWXVUN,0,wms:stock_snapshot_sim,2026-09-04T17:12:44.800284+00:00
SNDECV7CHVXFRXZR,14,wms:stock_snapshot_sim,2026-09-04T17:12:44.800284+00:00
TSHE993QZ4RNC5RS,3,wms:stock_snapshot_sim,2026-09-04T17:12:44.800284+00:00
WATEAQW6BGPU8JFJ,17,wms:stock_snapshot_sim,2026-09-04T17:12:44.800284+00:00
TSHE79CKEAV39QEY,38,wms:stock_snapshot_sim,2026-09-04T17:12:44.800284+00:00
BRAEDTNZZRXBHZGZ,23,wms:stock_snapshot_sim,2026-09-04T17:12:44.800284+00:00
SHIECBAAUSJFZZGB,12,wms:stock_snapshot_sim,2026-09-04T17:12:44.800284+00:00
CBKEBVA88HURBNHA,15,wms:stock_snapshot_sim,2026-09-04T17:12:44.800284+00:00
KRTECNPR9XG683JY,32,wms:stock_snapshot_sim,2026-09-04T17:12:44.800284+00:00
TIEEE5ZQVUG3QWPZ,26,wms:stock_snapshot_sim,2026-09-04T17:12:44.800284+00:00
SHTE3FCVRR7RXQ7W,35,wms:stock_snapshot_sim,2026-09-04T17:12:44.800284+00:00
PBXE4Q7YW6GNMRTE,7,wms:stock_snapshot_sim,2026-09-04T17:12:44.800284+00:00
STIEYZ5TJ8FBPSBV,19,wms:stock_snapshot_sim,2026-09-04T17:12:44.800284+00:00
SHTE63XZJFHSSEQA,29,wms:stock_snapshot_sim,2026-09-04T17:12:44.800284+00:00
TMLEERDZWR7EXB63,28,wms:stock_snapshot_sim,2026-09-04T17:12:44.800284+00:00
SHTE62WFHSE7YFHS,30,wms:stock_snapshot_sim,2026-09-04T17:12:44.800284+00:00
SHOEGGDUCHU2FWQG,8,wms:stock_snapshot_sim,2026-09-04T17:12:44.800284+00:00
TOPE7ZHZCACAVAJK,26,wms:stock_snapshot_sim,2026-09-04T17:12:44.800284+00:00
TOPECRP5KCUZWYGA,31,wms:stock_snapshot_sim,2026-09-04T17:12:44.800284+00:00
FABEHZJDBFJHYWAJ,32,wms:stock_snapshot_sim,2026-09-04T17:12:44.800284+00:00
RNGDTBQU2UT5H5MG,16,wms:stock_snapshot_sim,2026-09-04T17:12:44.800284+00:00
CRNEEABUF6FKE8H8,0,wms:stock_snapshot_sim,2026-09-04T17:12:44.800284+00:00
NKCE5GJ3YZQ8UFUR,14,wms:stock_snapshot_sim,2026-09-04T17:12:44.800284+00:00
FABEHEKDFBMVKSRG,27,wms:stock_snapshot_sim,2026-09-04T17:12:44.800284+00:00
WATDPV5TVAPYZCJA,0,wms:stock_snapshot_sim,2026-09-04T17:12:44.800284+00:00
CAGE6FYKT4NSENUS,17,wms:stock_snapshot_sim,2026-09-04T17:12:44.800284+00:00
SHOE6ZEBZ7HVRGT7,27,wms:stock_snapshot_sim,2026-09-04T17:12:44.800284+00:00
BRAE825JCAURQBJN,29,wms:stock_snapshot_sim,2026-09-04T17:12:44.800284+00:00
PBXEACGGYT8WXUUC,17,wms:stock_snapshot_sim,2026-09-04T17:12:44.800284+00:00
DREDXGQEXWHQBATG,18,wms:stock_snapshot_sim,2026-09-04T17:12:44.800284+00:00
BLAE39ZZYDGFHKUH,15,wms:stock_snapshot_sim,2026-09-04T17:12:44.800284+00:00
TSHE6JCXUKQJGTZF,3,wms:stock_snapshot_sim,2026-09-04T17:12:44.800284+00:00
ERGE72PVVKHBQAQM,27,wms:stock_snapshot_sim,2026-09-04T17:12:44.800284+00:00
CRNEE84JANPGQBE7,11,wms:stock_snapshot_sim,2026-09-04T17:12:44.800284+00:00
SFFEJSGAKSZA8K9K,8,wms:stock_snapshot_sim,2026-09-04T17:12:44.800284+00:00
TOPE4VR5MVHFCMHZ,40,wms:stock_snapshot_sim,2026-09-04T17:12:44.800284+00:00
DREE88DFJHHS9RBG,9,wms:stock_snapshot_sim,2026-09-04T17:12:44.800284+00:00
NKCE8M88W94MUBBZ,2,wms:stock_snapshot_sim,2026-09-04T17:12:44.800284+00:00
ACCDVPEXHMS5EGCX,2,wms:stock_snapshot_sim,2026-09-04T17:12:44.800284+00:00
TSHEE4WTGAQDUHS9,6,wms:stock_snapshot_sim,2026-09-04T17:12:44.800284+00:00
SHOEARZJRN6RGQR6,22,wms:stock_snapshot_sim,2026-09-04T17:12:44.800284+00:00
SHIEBWNUB6QGHNGD,36,wms:stock_snapshot_sim,2026-09-04T17:12:44.800284+00:00
BRAEGJFXJGTRFEYE,0,wms:stock_snapshot_sim,2026-09-04T17:12:44.800284+00:00
PHFEGTJJ5HD9FYGF,0,wms:stock_snapshot_sim,2026-09-04T17:12:44.800284+00:00
NKCE5UY9HHPZGGUZ,35,wms:stock_snapshot_sim,2026-09-04T17:12:44.800284+00:00
PENEGVHHQJHXGUYN,11,wms:stock_snapshot_sim,2026-09-04T17:12:44.800284+00:00
STIEYZ5TUHTKNCHW,26,wms:stock_snapshot_sim,2026-09-04T17:12:44.800284+00:00
LSKEBQ8T4BJMATMX,15,wms:stock_snapshot_sim,2026-09-04T17:12:44.800284+00:00
PWBEH5GVSSEVAYFH,11,wms:stock_snapshot_sim,2026-09-04T17:12:44.800284+00:00
JEAECN2QK92QMAXJ,22,wms:stock_snapshot_sim,2026-09-04T17:12:44.800284+00:00
RNGEDAKFZNNJHKDX,36,wms:stock_snapshot_sim,2026-09-04T17:12:44.800284+00:00
JEAEHGTNYFWHDQTF,1,wms:stock_snapshot_sim,2026-09-04T17:12:44.800284+00:00
BRAEDQDFPNUQGUVG,0,wms:stock_snapshot_sim,2026-09-04T17:12:44.800284+00:00
SNDE56UUTHBTQMQ2,0,wms:stock_snapshot_sim,2026-09-04T17:12:44.800284+00:00
ACCDXFPYHYPFXGCY,7,wms:stock_snapshot_sim,2026-09-04T17:12:44.800284+00:00
SHIE4ZX45DEK8GY5,32,wms:stock_snapshot_sim,2026-09-04T17:12:44.800284+00:00
SHIEBYA7DVARZBKB,0,wms:stock_snapshot_sim,2026-09-04T17:12:44.800284+00:00
MUGE9HRRGGXQ8XUN,2,wms:stock_snapshot_sim,2026-09-04T17:12:44.800284+00:00
BBAE86J6ZYXTPZCZ,16,wms:stock_snapshot_sim,2026-09-04T17:12:44.800284+00:00
RNGEYRXFYFABCTNY,0,wms:stock_snapshot_sim,2026-09-04T17:12:44.800284+00:00
DIAE7QHEDWYHCG2R,25,wms:stock_snapshot_sim,2026-09-04T17:12:44.800284+00:00
ACCDUV7ZEHYTPNHY,9,wms:stock_snapshot_sim,2026-09-04T17:12:44.800284+00:00
ACCDUV7ZG4KUGCUA,18,wms:stock_snapshot_sim,2026-09-04T17:12:44.800284+00:00
CAGDV253GZSTRTWC,5,wms:stock_snapshot_sim,2026-09-04T17:12:44.800284+00:00
PBXE6677RB7H377Y,0,wms:stock_snapshot_sim,2026-09-04T17:12:44.800284+00:00
BLAEE7VSZ9YV7HG9,27,wms:stock_snapshot_sim,2026-09-04T17:12:44.800284+00:00
CRNEFPYY8KFKHBGT,0,wms:stock_snapshot_sim,2026-09-04T17:12:44.800284+00:00
ACCED9SYEFGGKHZJ,35,wms:stock_snapshot_sim,2026-09-04T17:12:44.800284+00:00
CAPEYGFGAGKXDWGY,10,wms:stock_snapshot_sim,2026-09-04T17:12:44.800284+00:00
RNGEDAPSXHZRZQPX,0,wms:stock_snapshot_sim,2026-09-04T17:12:44.800284+00:00
DREEBQF7QMZVYNMB,26,wms:stock_snapshot_sim,2026-09-04T17:12:44.800284+00:00
CRTECN2QXZ9ETCGB,39,wms:stock_snapshot_sim,2026-09-04T17:12:44.800284+00:00
BRAEDSKCYE7BNKZ4,21,wms:stock_snapshot_sim,2026-09-04T17:12:44.800284+00:00
RNGEDAK9ZHDQPFAZ,2,wms:stock_snapshot_sim,2026-09-04T17:12:44.800284+00:00
TROEJFS2XPYVXEMT,30,wms:stock_snapshot_sim,2026-09-04T17:12:44.800284+00:00
CRNEE84JNGJT9VQ3,17,wms:stock_snapshot_sim,2026-09-04T17:12:44.800284+00:00
SHTECY54ZYGUHVDN,37,wms:stock_snapshot_sim,2026-09-04T17:12:44.800284+00:00
PBXE9YWGNRD4NUTD,19,wms:stock_snapshot_sim,2026-09-04T17:12:44.800284+00:00
LJGE8NS8AREHGTGE,15,wms:stock_snapshot_sim,2026-09-04T17:12:44.800284+00:00
DREEADCWZ6XFZCGJ,36,wms:stock_snapshot_sim,2026-09-04T17:12:44.800284+00:00
TSHEA527ZN256CHQ,19,wms:stock_snapshot_sim,2026-09-04T17:12:44.800284+00:00
NKCE6P3FFZHHTYSR,35,wms:stock_snapshot_sim,2026-09-04T17:12:44.800284+00:00
CGPEGQYHCJABVGHZ,25,wms:stock_snapshot_sim,2026-09-04T17:12:44.800284+00:00
VHREB3NZAKNHNQFY,0,wms:stock_snapshot_sim,2026-09-04T17:12:44.800284+00:00
CAGE8PKGBKNCYKJK,26,wms:stock_snapshot_sim,2026-09-04T17:12:44.800284+00:00
CAGE5JHSRFXM4BEH,35,wms:stock_snapshot_sim,2026-09-04T17:12:44.800284+00:00
HMBEGER3YJWZ3A22,29,wms:stock_snapshot_sim,2026-09-04T17:12:44.800284+00:00
NKCE7MBRFZQHBGY4,2,wms:stock_snapshot_sim,2026-09-04T17:12:44.800284+00:00
BRAEDACGYPAN2S54,15,wms:stock_snapshot_sim,2026-09-04T17:12:44.800284+00:00
RNGEGMMBSE4SDN6U,31,wms:stock_snapshot_sim,2026-09-04T17:12:44.800284+00:00
SNDE9X9A94PP36NZ,20,wms:stock_snapshot_sim,2026-09-04T17:12:44.800284+00:00
SWTE2TFGHRBZHKUS,6,wms:stock_snapshot_sim,2026-09-04T17:12:44.800284+00:00
ACCDUV7ZCZZNYQ96,0,wms:stock_snapshot_sim,2026-09-04T17:12:44.800284+00:00
FABE4KCTEDAHBYQ3,32,wms:stock_snapshot_sim,2026-09-04T17:12:44.800284+00:00
KTSEGYZQASMGG6SD,6,wms:stock_snapshot_sim,2026-09-04T17:12:44.800284+00:00
SHIEA3GY4Q2NHPXA,40,wms:stock_snapshot_sim,2026-09-04T17:12:44.800284+00:00
NKCEBFWTWTBZAJKH,34,wms:stock_snapshot_sim,2026-09-04T17:12:44.800284+00:00
SHOEB33YYBM4UZSX,37,wms:stock_snapshot_sim,2026-09-04T17:12:44.800284+00:00
SHTE69H6ZETVKJGG,4,wms:stock_snapshot_sim,2026-09-04T17:12:44.800284+00:00
VLBEGFFDP9H6WG2T,17,wms:stock_snapshot_sim,2026-09-04T17:12:44.800284+00:00
BBAECARBVWVQGCZX,22,wms:stock_snapshot_sim,2026-09-04T17:12:44.800284+00:00
KRTE6Z7AGW3UF68Q,3,wms:stock_snapshot_sim,2026-09-04T17:12:44.800284+00:00
ACCE9Y6QSQRMZ8R7,37,wms:stock_snapshot_sim,2026-09-04T17:12:44.800284+00:00
CRNEEABUGPKZNYMH,1,wms:stock_snapshot_sim,2026-09-04T17:12:44.800284+00:00
JWSE29X9EZDKQ6GV,14,wms:stock_snapshot_sim,2026-09-04T17:12:44.800284+00:00
CRNEDAKFTTSGFWFP,32,wms:stock_snapshot_sim,2026-09-04T17:12:44.800284+00:00
BLREFZGNFDU3KFPH,21,wms:stock_snapshot_sim,2026-09-04T17:12:44.800284+00:00
BRAEGJFXQ6ZMRMAF,16,wms:stock_snapshot_sim,2026-09-04T17:12:44.800284+00:00
CRNEEABUFZYDXQXZ,31,wms:stock_snapshot_sim,2026-09-04T17:12:44.800284+00:00
TSHE5HYC72ZUCM67,6,wms:stock_snapshot_sim,2026-09-04T17:12:44.800284+00:00
CAGE7NK9ZCBCV55Z,28,wms:stock_snapshot_sim,2026-09-04T17:12:44.800284+00:00
BTWE9ZPV7FJQ64KS,25,wms:stock_snapshot_sim,2026-09-04T17:12:44.800284+00:00
CNDEGVE65UWDPCYC,1,wms:stock_snapshot_sim,2026-09-04T17:12:44.800284+00:00
CAGEFPY9ZSFFNVAW,8,wms:stock_snapshot_sim,2026-09-04T17:12:44.800284+00:00
BLAEBZRJ3PFRVMRE,29,wms:stock_snapshot_sim,2026-09-04T17:12:44.800284+00:00
JWSDYFUFNYBSDY6B,8,wms:stock_snapshot_sim,2026-09-04T17:12:44.800284+00:00
SHTE6FWQKBCFYAGX,0,wms:stock_snapshot_sim,2026-09-04T17:12:44.800284+00:00
SNDE9K8GDKUZHGZY,11,wms:stock_snapshot_sim,2026-09-04T17:12:44.800284+00:00
TSHECNFS9HYANZZP,34,wms:stock_snapshot_sim,2026-09-04T17:12:44.800284+00:00
BFAEYCBMXNQQJ89Y,36,wms:stock_snapshot_sim,2026-09-04T17:12:44.800284+00:00
NKCEAJP6W76CRZXU,1,wms:stock_snapshot_sim,2026-09-04T17:12:44.800284+00:00
SHTE6WFRGZJASZVJ,28,wms:stock_snapshot_sim,2026-09-04T17:12:44.800284+00:00
SHIE4DJHAYYJCKKY,18,wms:stock_snapshot_sim,2026-09-04T17:12:44.800284+00:00
RNGEC8PZ84N2VVMV,40,wms:stock_snapshot_sim,2026-09-04T17:12:44.800284+00:00
NKCE2YCPGMPDFUPF,37,wms:stock_snapshot_sim,2026-09-04T17:12:44.800284+00:00
BBAEECVVEFTTYUJA,10,wms:stock_snapshot_sim,2026-09-04T17:12:44.800284+00:00
LINEJS5FBFRF63GJ,14,wms:stock_snapshot_sim,2026-09-04T17:12:44.800284+00:00
NKCE4VA4WZWGGXUT,24,wms:stock_snapshot_sim,2026-09-04T17:12:44.800284+00:00
ACCDXH5G5BB2BGUA,17,wms:stock_snapshot_sim,2026-09-04T17:12:44.800284+00:00
PPMEAGHHRXZ7F9HM,14,wms:stock_snapshot_sim,2026-09-04T17:12:44.800284+00:00
MUGEBFGFDQYJG5TW,9,wms:stock_snapshot_sim,2026-09-04T17:12:44.800284+00:00
ACCE9ZY9SMMBMYC3,31,wms:stock_snapshot_sim,2026-09-04T17:12:44.800284+00:00
SHTEGQCHMHPU9XFX,0,wms:stock_snapshot_sim,2026-09-04T17:12:44.800284+00:00
BOTEANCHQYNUFZKW,10,wms:stock_snapshot_sim,2026-09-04T17:12:44.800284+00:00
SNDE3TJT5MNHBFJB,1,wms:stock_snapshot_sim,2026-09-04T17:12:44.800284+00:00
ACCE9Z2HEETZDUEN,13,wms:stock_snapshot_sim,2026-09-04T17:12:44.800284+00:00
CAGEBXX7YEQZQQ2J,7,wms:stock_snapshot_sim,2026-09-04T17:12:44.800284+00:00
SNDE9ET8T6HZQKGW,22,wms:stock_snapshot_sim,2026-09-04T17:12:44.800284+00:00
KRTECBJ6DUYHNEYH,0,wms:stock_snapshot_sim,2026-09-04T17:12:44.800284+00:00
WATEBMY8HWCHMZZ5,39,wms:stock_snapshot_sim,2026-09-04T17:12:44.800284+00:00
ACCDRSJR2EEPBYUG,23,wms:stock_snapshot_sim,2026-09-04T17:12:44.800284+00:00
SNDEJZ2JX5NNPREZ,15,wms:stock_snapshot_sim,2026-09-04T17:12:44.800284+00:00
POSEH89G4KTUFHC7,1,wms:stock_snapshot_sim,2026-09-04T17:12:44.800284+00:00
PWBEH239K4WVXXMM,18,wms:stock_snapshot_sim,2026-09-04T17:12:44.800284+00:00
BRAEB2S8ZJGNGKQS,28,wms:stock_snapshot_sim,2026-09-04T17:12:44.800284+00:00
WATEBSZUTGAQBCFN,20,wms:stock_snapshot_sim,2026-09-04T17:12:44.800284+00:00
DREE9MFS27JGYEYZ,26,wms:stock_snapshot_sim,2026-09-04T17:12:44.800284+00:00
TOPECJAYU9HYX3FA,36,wms:stock_snapshot_sim,2026-09-04T17:12:44.800284+00:00
NKCE9RCW6ECJXWZW,13,wms:stock_snapshot_sim,2026-09-04T17:12:44.800284+00:00
JEAEB3UYYADANFGG,0,wms:stock_snapshot_sim,2026-09-04T17:12:44.800284+00:00
RPEEGGDJN5D8HFRM,14,wms:stock_snapshot_sim,2026-09-04T17:12:44.800284+00:00
IRPEJH8KGZ7XEFDU,17,wms:stock_snapshot_sim,2026-09-04T17:12:44.800284+00:00
RTRDRDPR9JHCSBGH,9,wms:stock_snapshot_sim,2026-09-04T17:12:44.800284+00:00
ACCEAZCV5BHHDHFK,38,wms:stock_snapshot_sim,2026-09-04T17:12:44.800284+00:00
CRTECN2QS6YHKQ3G,25,wms:stock_snapshot_sim,2026-09-04T17:12:44.800284+00:00
VHRE7FUYCK5UHUPQ,38,wms:stock_snapshot_sim,2026-09-04T17:12:44.800284+00:00
SHODYYX9N2ZM7CYY,40,wms:stock_snapshot_sim,2026-09-04T17:12:44.800284+00:00
BBAEEEGYJK5SWZH9,31,wms:stock_snapshot_sim,2026-09-04T17:12:44.800284+00:00
BBAE3JRHGNSJH8ZK,1,wms:stock_snapshot_sim,2026-09-04T17:12:44.800284+00:00
BRAE8RSARRKPHWUY,14,wms:stock_snapshot_sim,2026-09-04T17:12:44.800284+00:00
DREE5M4ZTEFMF4W5,0,wms:stock_snapshot_sim,2026-09-04T17:12:44.800284+00:00
ERGEY7S8WHURZNNW,10,wms:stock_snapshot_sim,2026-09-04T17:12:44.800284+00:00
CRTECN2QZ2HFUHH5,31,wms:stock_snapshot_sim,2026-09-04T17:12:44.800284+00:00
NKCE9TBZD2EGXYJ3,21,wms:stock_snapshot_sim,2026-09-04T17:12:44.800284+00:00
SAREGSFVGA9ZCPT2,0,wms:stock_snapshot_sim,2026-09-04T17:12:44.800284+00:00
VMREGZPQQR7QURFF,9,wms:stock_snapshot_sim,2026-09-04T17:12:44.800284+00:00
SHOE9YD5XF7KK39U,29,wms:stock_snapshot_sim,2026-09-04T17:12:44.800284+00:00
WATECSW5VZSZETGS,31,wms:stock_snapshot_sim,2026-09-04T17:12:44.800284+00:00
NKCDXPZS8AZMWHZB,33,wms:stock_snapshot_sim,2026-09-04T17:12:44.800284+00:00
BEOEGXRWE4NDBJNV,16,wms:stock_snapshot_sim,2026-09-04T17:12:44.800284+00:00
TGTE9YQ6FSDDPPHE,25,wms:stock_snapshot_sim,2026-09-04T17:12:44.800284+00:00
CPGEGVXAQUV6RF6J,31,wms:stock_snapshot_sim,2026-09-04T17:12:44.800284+00:00
AIREDJGYAHPBXTZS,34,wms:stock_snapshot_sim,2026-09-04T17:12:44.800284+00:00
TSHEFC4BSHJSJHAK,6,wms:stock_snapshot_sim,2026-09-04T17:12:44.800284+00:00
CBKEAHJXUF3XZVC2,14,wms:stock_snapshot_sim,2026-09-04T17:12:44.800284+00:00
BBAEFJG7Z8CHWWY2,18,wms:stock_snapshot_sim,2026-09-04T17:12:44.800284+00:00
PELEFH68C78FS8GS,28,wms:stock_snapshot_sim,2026-09-04T17:12:44.800284+00:00
SHTE4ZP4Y3T97MGA,32,wms:stock_snapshot_sim,2026-09-04T17:12:44.800284+00:00
TBHEH9SRRQMWHXMD,17,wms:stock_snapshot_sim,2026-09-04T17:12:44.800284+00:00
BRAE73KF3DUPGFG7,36,wms:stock_snapshot_sim,2026-09-04T17:12:44.800284+00:00
PELEGPFMDMTU3PQJ,23,wms:stock_snapshot_sim,2026-09-04T17:12:44.800284+00:00
NKCE38HBJCPPYWKH,24,wms:stock_snapshot_sim,2026-09-04T17:12:44.800284+00:00
AFGEFM633J32DSZG,23,wms:stock_snapshot_sim,2026-09-04T17:12:44.800284+00:00
BBAE8M4X9GA77PAD,14,wms:stock_snapshot_sim,2026-09-04T17:12:44.800284+00:00
SHOE2T3QZZNGVPYD,13,wms:stock_snapshot_sim,2026-09-04T17:12:44.800284+00:00
BAGE95FKJYAH9UUE,12,wms:stock_snapshot_sim,2026-09-04T17:12:44.800284+00:00
ACCEGDYPYDBWH3U8,1,wms:stock_snapshot_sim,2026-09-04T17:12:44.800284+00:00
JEAEBY6FBXQZJBJC,24,wms:stock_snapshot_sim,2026-09-04T17:12:44.800284+00:00
VMREGZPQ5ZKCSUDH,1,wms:stock_snapshot_sim,2026-09-04T17:12:44.800284+00:00
KHKEJTJFZTWHQQGU,22,wms:stock_snapshot_sim,2026-09-04T17:12:44.800284+00:00
CAPEEAFSZSDZXHBA,0,wms:stock_snapshot_sim,2026-09-04T17:12:44.800284+00:00
CTPEGGFRXHKBYHXM,17,wms:stock_snapshot_sim,2026-09-04T17:12:44.800284+00:00
BBAEB6BPKSVXYZSZ,1,wms:stock_snapshot_sim,2026-09-04T17:12:44.800284+00:00
TSHE993RV7GCHHFU,3,wms:stock_snapshot_sim,2026-09-04T17:12:44.800284+00:00
NKCDWHFQSCHHYZMP,31,wms:stock_snapshot_sim,2026-09-04T17:12:44.800284+00:00
NKCDXPZSBFCYVZNW,17,wms:stock_snapshot_sim,2026-09-04T17:12:44.800284+00:00
SARE5PHHTPE98YNB,4,wms:stock_snapshot_sim,2026-09-04T17:12:44.800284+00:00
SHOEF9G8EWYMM2AM,2,wms:stock_snapshot_sim,2026-09-04T17:12:44.800284+00:00
SHOE53GTNBHWXQ3M,31,wms:stock_snapshot_sim,2026-09-04T17:12:44.800284+00:00
SHTE4765YBYEHH3Z,30,wms:stock_snapshot_sim,2026-09-04T17:12:44.800284+00:00
CRNEE84JXSRGYKYF,31,wms:stock_snapshot_sim,2026-09-04T17:12:44.800284+00:00
JWSDZFFRCYKJHBY3,35,wms:stock_snapshot_sim,2026-09-04T17:12:44.800284+00:00
ACCE9Z4HNHFTWFEG,3,wms:stock_snapshot_sim,2026-09-04T17:12:44.800284+00:00
STIE9F5UGGCGZFSQ,40,wms:stock_snapshot_sim,2026-09-04T17:12:44.800284+00:00
SGLEGBV4XF6GBWZS,10,wms:stock_snapshot_sim,2026-09-04T17:12:44.800284+00:00
ACCE9DJWDCSGHUXC,12,wms:stock_snapshot_sim,2026-09-04T17:12:44.800284+00:00
SOFEDVYZTDGWBSMN,9,wms:stock_snapshot_sim,2026-09-04T17:12:44.800284+00:00
CAPEDKXZJYCYQANZ,0,wms:stock_snapshot_sim,2026-09-04T17:12:44.800284+00:00
SHTE8YUNDGRYCAM8,8,wms:stock_snapshot_sim,2026-09-04T17:12:44.800284+00:00
JEAEB969SDQ5ZXUQ,0,wms:stock_snapshot_sim,2026-09-04T17:12:44.800284+00:00
SHTE4BPAHFHDQP9R,4,wms:stock_snapshot_sim,2026-09-04T17:12:44.800284+00:00
DREECACWVFWUG5P2,35,wms:stock_snapshot_sim,2026-09-04T17:12:44.800284+00:00
PCSE6X3YHYFEYXHJ,13,wms:stock_snapshot_sim,2026-09-04T17:12:44.800284+00:00
SHOE6ZEBTRHQ4DDG,2,wms:stock_snapshot_sim,2026-09-04T17:12:44.800284+00:00
DREEAW2FTWYNF7UQ,21,wms:stock_snapshot_sim,2026-09-04T17:12:44.800284+00:00
PBXEBHJDCGYUS8EE,11,wms:stock_snapshot_sim,2026-09-04T17:12:44.800284+00:00
MUGEAGGKHU2G6PT8,38,wms:stock_snapshot_sim,2026-09-04T17:12:44.800284+00:00
WRSE4G5XJHJKGQPY,24,wms:stock_snapshot_sim,2026-09-04T17:12:44.800284+00:00
JCKDXPJGFGS7UGHZ,26,wms:stock_snapshot_sim,2026-09-04T17:12:44.800284+00:00
ACCDUV7ZQVHFKVMJ,4,wms:stock_snapshot_sim,2026-09-04T17:12:44.800284+00:00
SHIE3QDH6Z4KU5TY,0,wms:stock_snapshot_sim,2026-09-04T17:12:44.800284+00:00
TROEGRPC3SKZDGHT,33,wms:stock_snapshot_sim,2026-09-04T17:12:44.800284+00:00
PCSE4TF4R4GG6K2D,18,wms:stock_snapshot_sim,2026-09-04T17:12:44.800284+00:00
BRAE3TSHUUUJSXXN,0,wms:stock_snapshot_sim,2026-09-04T17:12:44.800284+00:00
TSHE75PWHVTUYRHM,18,wms:stock_snapshot_sim,2026-09-04T17:12:44.800284+00:00
BTWECFNXKR9RN2UE,33,wms:stock_snapshot_sim,2026-09-04T17:12:44.800284+00:00
SHOEGMZ8KJP22XZH,1,wms:stock_snapshot_sim,2026-09-04T17:12:44.800284+00:00
DREEHFD5BE5DGMSG,36,wms:stock_snapshot_sim,2026-09-04T17:12:44.800284+00:00
PACE5P38T4FEUHZC,22,wms:stock_snapshot_sim,2026-09-04T17:12:44.800284+00:00
TOPEDHZDBGXFHG6G,6,wms:stock_snapshot_sim,2026-09-04T17:12:44.800284+00:00
JWSE6GH6HKQFXTTD,30,wms:stock_snapshot_sim,2026-09-04T17:12:44.800284+00:00
RNGEJ39US9ENJXYF,0,wms:stock_snapshot_sim,2026-09-04T17:12:44.800284+00:00
RNGEFFFZJFSSFVJV,12,wms:stock_snapshot_sim,2026-09-04T17:12:44.800284+00:00
ACCEF3ZFTEZNYMHF,12,wms:stock_snapshot_sim,2026-09-04T17:12:44.800284+00:00
LJGEHWDVCNNGPECS,2,wms:stock_snapshot_sim,2026-09-04T17:12:44.800284+00:00
MUGEGZUHVZ4Y85DV,1,wms:stock_snapshot_sim,2026-09-04T17:12:44.800284+00:00
BLAEEJGJHFZPF2Y2,24,wms:stock_snapshot_sim,2026-09-04T17:12:44.800284+00:00
BLAEB3XACYHKJGTZ,16,wms:stock_snapshot_sim,2026-09-04T17:12:44.800284+00:00
CCVE3Q2TBZRQYZSZ,13,wms:stock_snapshot_sim,2026-09-04T17:12:44.800284+00:00
NKCEAPCYZAS9PERK,9,wms:stock_snapshot_sim,2026-09-04T17:12:44.800284+00:00
AFGEH755PDVHVVCJ,25,wms:stock_snapshot_sim,2026-09-04T17:12:44.800284+00:00
ACCE9Y6MGZNGHGNP,12,wms:stock_snapshot_sim,2026-09-04T17:12:44.800284+00:00
DREE9QY9NFZ2J7RD,37,wms:stock_snapshot_sim,2026-09-04T17:12:44.800284+00:00
TOPEBUTMCXPBY7FK,15,wms:stock_snapshot_sim,2026-09-04T17:12:44.800284+00:00
ACCDZMAZ8XHR482E,18,wms:stock_snapshot_sim,2026-09-04T17:12:44.800284+00:00
AFGEFJSNF4QCGMXZ,12,wms:stock_snapshot_sim,2026-09-04T17:12:44.800284+00:00
PCSE7T8FVEZQZ4NT,17,wms:stock_snapshot_sim,2026-09-04T17:12:44.800284+00:00
CRTECN2QYBHA7QCU,17,wms:stock_snapshot_sim,2026-09-04T17:12:44.800284+00:00
CRTECN2RZRH6FTYZ,0,wms:stock_snapshot_sim,2026-09-04T17:12:44.800284+00:00
STIE7KFHZDGQRZX3,24,wms:stock_snapshot_sim,2026-09-04T17:12:44.800284+00:00
TKPEJNSQMHREJYRD,34,wms:stock_snapshot_sim,2026-09-04T17:12:44.800284+00:00
BRAEDSGAUQ3PBVSZ,11,wms:stock_snapshot_sim,2026-09-04T17:12:44.800284+00:00
SKIEA8SSSEUAQ8CW,0,wms:stock_snapshot_sim,2026-09-04T17:12:44.800284+00:00
VAAEGPSGGKYB7UAH,25,wms:stock_snapshot_sim,2026-09-04T17:12:44.800284+00:00
RNGE7GVYYPQFPGYD,37,wms:stock_snapshot_sim,2026-09-04T17:12:44.800284+00:00
FABE92NVKXGFYBWC,28,wms:stock_snapshot_sim,2026-09-04T17:12:44.800284+00:00
NKCE8HVPRWTY5JET,19,wms:stock_snapshot_sim,2026-09-04T17:12:44.800284+00:00
TSHEBCKMEMWZZAAP,33,wms:stock_snapshot_sim,2026-09-04T17:12:44.800284+00:00
FAFEG28UFPZKPGUZ,18,wms:stock_snapshot_sim,2026-09-04T17:12:44.800284+00:00
NKCEB98TZYFNQMU6,0,wms:stock_snapshot_sim,2026-09-04T17:12:44.800284+00:00
CRNEE84JBS35CCDG,17,wms:stock_snapshot_sim,2026-09-04T17:12:44.800284+00:00
LJGDYRGXBYPECFDV,17,wms:stock_snapshot_sim,2026-09-04T17:12:44.800284+00:00
HMBDRUCNJSJQRRGC,0,wms:stock_snapshot_sim,2026-09-04T17:12:44.800284+00:00
TSHE2MEY35FPXTJU,12,wms:stock_snapshot_sim,2026-09-04T17:12:44.800284+00:00
KRTECENGCNKAHSP9,30,wms:stock_snapshot_sim,2026-09-04T17:12:44.800284+00:00
SHTEYPEAG7JNSVNN,24,wms:stock_snapshot_sim,2026-09-04T17:12:44.800284+00:00
NKCDWHFQF9DBHZVY,38,wms:stock_snapshot_sim,2026-09-04T17:12:44.800284+00:00
SAREGVTE4CZ24RYK,21,wms:stock_snapshot_sim,2026-09-04T17:12:44.800284+00:00
TSHE75PWNHSC53VW,23,wms:stock_snapshot_sim,2026-09-04T17:12:44.800284+00:00
WTBEJZNYZESBJZRT,1,wms:stock_snapshot_sim,2026-09-04T17:12:44.800284+00:00
NKCEA5FHHMA552S2,31,wms:stock_snapshot_sim,2026-09-04T17:12:44.800284+00:00
TROEC98WZFPRENAV,7,wms:stock_snapshot_sim,2026-09-04T17:12:44.800284+00:00
SCFEJR4G3T64HMZS,23,wms:stock_snapshot_sim,2026-09-04T17:12:44.800284+00:00
SNDEJMNRH4EBTTA6,30,wms:stock_snapshot_sim,2026-09-04T17:12:44.800284+00:00
NKCECQYZ24MSM3ZZ,2,wms:stock_snapshot_sim,2026-09-04T17:12:44.800284+00:00
ERGDYDU2Z8JHKKRJ,40,wms:stock_snapshot_sim,2026-09-04T17:12:44.800284+00:00
SHTECS55K6GXMDA2,37,wms:stock_snapshot_sim,2026-09-04T17:12:44.800284+00:00
CRTECN2QYU4SJADV,26,wms:stock_snapshot_sim,2026-09-04T17:12:44.800284+00:00
SHOECTF4FGM9FZNX,16,wms:stock_snapshot_sim,2026-09-04T17:12:44.800284+00:00
NKCE9GY5QUJUJPGH,24,wms:stock_snapshot_sim,2026-09-04T17:12:44.800284+00:00
NKCEAP3SVJHFWK53,31,wms:stock_snapshot_sim,2026-09-04T17:12:44.800284+00:00
BRAE6FMZCV82TEFT,20,wms:stock_snapshot_sim,2026-09-04T17:12:44.800284+00:00
SHIE7DFN2AGNFUUS,0,wms:stock_snapshot_sim,2026-09-04T17:12:44.800284+00:00
BCHEG8EHCXU9UZGA,15,wms:stock_snapshot_sim,2026-09-04T17:12:44.800284+00:00
WATEEAFSGWYG2NBH,33,wms:stock_snapshot_sim,2026-09-04T17:12:44.800284+00:00
SHMECRHEWBVR3PQE,28,wms:stock_snapshot_sim,2026-09-04T17:12:44.800284+00:00
KRTECTF4GCCTTX3H,37,wms:stock_snapshot_sim,2026-09-04T17:12:44.800284+00:00
BCHEG687RAGARBKG,2,wms:stock_snapshot_sim,2026-09-04T17:12:44.800284+00:00
CAGEB9ZQYPWX2F9D,11,wms:stock_snapshot_sim,2026-09-04T17:12:44.800284+00:00
TSHEGJY6YDEWBYBA,39,wms:stock_snapshot_sim,2026-09-04T17:12:44.800284+00:00
BLBEJR23DFG4TZ69,34,wms:stock_snapshot_sim,2026-09-04T17:12:44.800284+00:00
SHTEDCZWTUGKACUH,37,wms:stock_snapshot_sim,2026-09-04T17:12:44.800284+00:00
PBXEAHS5F5ZQDU2B,9,wms:stock_snapshot_sim,2026-09-04T17:12:44.800284+00:00
BLOEJWAKHBBUGRES,4,wms:stock_snapshot_sim,2026-09-04T17:12:44.800284+00:00
TSHE993ZGYZH2H8G,20,wms:stock_snapshot_sim,2026-09-04T17:12:44.800284+00:00
SHOECH627KQXKWQM,10,wms:stock_snapshot_sim,2026-09-04T17:12:44.800284+00:00
TSHE5NYHUMXRYSEP,30,wms:stock_snapshot_sim,2026-09-04T17:12:44.800284+00:00
SHTDXUZWDBXHW9WE,30,wms:stock_snapshot_sim,2026-09-04T17:12:44.800284+00:00
BRAEYYZQKBWFUQQR,0,wms:stock_snapshot_sim,2026-09-04T17:12:44.800284+00:00
NKCE5ZHWX6Z8PBFH,12,wms:stock_snapshot_sim,2026-09-04T17:12:44.800284+00:00
KRTEBUHFKFMUYGEG,6,wms:stock_snapshot_sim,2026-09-04T17:12:44.800284+00:00
NKCE6HZQYGNNJXYZ,14,wms:stock_snapshot_sim,2026-09-04T17:12:44.800284+00:00
STIE2FRBSDPEUB8T,16,wms:stock_snapshot_sim,2026-09-04T17:12:44.800284+00:00
SHTEC87HXMRTFKCU,36,wms:stock_snapshot_sim,2026-09-04T17:12:44.800284+00:00
TSHEAQMCE5APABEH,24,wms:stock_snapshot_sim,2026-09-04T17:12:44.800284+00:00
WATEHZZSSCU4YXYG,0,wms:stock_snapshot_sim,2026-09-04T17:12:44.800284+00:00
BRAE44SCYYFM74DE,7,wms:stock_snapshot_sim,2026-09-04T17:12:44.800284+00:00
BLBEDH9XMZBXAYAH,26,wms:stock_snapshot_sim,2026-09-04T17:12:44.800284+00:00
DREEFFG5PA6AVFH9,31,wms:stock_snapshot_sim,2026-09-04T17:12:44.800284+00:00
CAGE9ABATUHJ8G4X,30,wms:stock_snapshot_sim,2026-09-04T17:12:44.800284+00:00
TSHEHHHDTJW6EUCH,7,wms:stock_snapshot_sim,2026-09-04T17:12:44.800284+00:00
PCSE4VAVGZGPZGF2,21,wms:stock_snapshot_sim,2026-09-04T17:12:44.800284+00:00
PLWEBNRHHCXBBBMA,9,wms:stock_snapshot_sim,2026-09-04T17:12:44.800284+00:00
SNDE8JZA27HBHUJR,21,wms:stock_snapshot_sim,2026-09-04T17:12:44.800284+00:00
BTWE4GQS9TZHKHY4,28,wms:stock_snapshot_sim,2026-09-04T17:12:44.800284+00:00
NKCDY44FMPNQHFFN,35,wms:stock_snapshot_sim,2026-09-04T17:12:44.800284+00:00
RNGEH9Z2H9EDXZ9Y,0,wms:stock_snapshot_sim,2026-09-04T17:12:44.800284+00:00
SNDECHQM4CGAXJXW,38,wms:stock_snapshot_sim,2026-09-04T17:12:44.800284+00:00
BRAE8QNFYM2WQKT7,0,wms:stock_snapshot_sim,2026-09-04T17:12:44.800284+00:00
BCHEG3HHQGGTEAWG,12,wms:stock_snapshot_sim,2026-09-04T17:12:44.800284+00:00
SHTEC9RHZENPG3J2,24,wms:stock_snapshot_sim,2026-09-04T17:12:44.800284+00:00
SNDEY4AKUX9BWZFG,33,wms:stock_snapshot_sim,2026-09-04T17:12:44.800284+00:00
SHTDYKJYKZKGZS9T,40,wms:stock_snapshot_sim,2026-09-04T17:12:44.800284+00:00
BBAEDVR75HYNAMAP,26,wms:stock_snapshot_sim,2026-09-04T17:12:44.800284+00:00
TSHEYUPBJYPZXKTX,15,wms:stock_snapshot_sim,2026-09-04T17:12:44.800284+00:00
SWTEAFYHGPFNGHUS,13,wms:stock_snapshot_sim,2026-09-04T17:12:44.800284+00:00
SWSECNJUAX2DBPDW,0,wms:stock_snapshot_sim,2026-09-04T17:12:44.800284+00:00
CCVE6FQUJHNHQVNQ,6,wms:stock_snapshot_sim,2026-09-04T17:12:44.800284+00:00
SHOEBG6ZGRJ9BGGN,12,wms:stock_snapshot_sim,2026-09-04T17:12:44.800284+00:00
PTPDVPEXQ88YHBEE,19,wms:stock_snapshot_sim,2026-09-04T17:12:44.800284+00:00
CAPE7UGWGJVTFZGM,31,wms:stock_snapshot_sim,2026-09-04T17:12:44.800284+00:00
TSHECQN9GTNGTBD4,0,wms:stock_snapshot_sim,2026-09-04T17:12:44.800284+00:00
NKCEB99XZPVZY3QZ,27,wms:stock_snapshot_sim,2026-09-04T17:12:44.800284+00:00
NKCEBFEHYQRTUBZK,26,wms:stock_snapshot_sim,2026-09-04T17:12:44.800284+00:00
NKCE7MMGJFGJVC7Q,7,wms:stock_snapshot_sim,2026-09-04T17:12:44.800284+00:00
SRTEGWKHYZ7FTDBG,6,wms:stock_snapshot_sim,2026-09-04T17:12:44.800284+00:00
ACCDHHWFSWVWGXDY,7,wms:stock_snapshot_sim,2026-09-04T17:12:44.800284+00:00
SHIE4PZGEARGTGCP,26,wms:stock_snapshot_sim,2026-09-04T17:12:44.800284+00:00
SNDE4YPTZXYEPENZ,1,wms:stock_snapshot_sim,2026-09-04T17:12:44.800284+00:00
HACEJXH6WH8QCVKD,9,wms:stock_snapshot_sim,2026-09-04T17:12:44.800284+00:00
SHOECP78YDYPYPSE,25,wms:stock_snapshot_sim,2026-09-04T17:12:44.800284+00:00
CAPEDVMZBGHQWV9Z,1,wms:stock_snapshot_sim,2026-09-04T17:12:44.800284+00:00
FABE78FYBHV4JJFJ,26,wms:stock_snapshot_sim,2026-09-04T17:12:44.800284+00:00
BOTEEMN6NM57HSBU,4,wms:stock_snapshot_sim,2026-09-04T17:12:44.800284+00:00
PTGEGUZQKVZSWNXY,17,wms:stock_snapshot_sim,2026-09-04T17:12:44.800284+00:00
BBAE6KJ72TSF3JNZ,8,wms:stock_snapshot_sim,2026-09-04T17:12:44.800284+00:00
MUGEAGGKSHGYYQ4F,29,wms:stock_snapshot_sim,2026-09-04T17:12:44.800284+00:00
SKIECRUMAX5GBSCB,31,wms:stock_snapshot_sim,2026-09-04T17:12:44.800284+00:00
PBXEASZREAZXZXKZ,35,wms:stock_snapshot_sim,2026-09-04T17:12:44.800284+00:00
CPCEJMM7HWCNNGBR,8,wms:stock_snapshot_sim,2026-09-04T17:12:44.800284+00:00
RNGDTBQT4FVR57WM,28,wms:stock_snapshot_sim,2026-09-04T17:12:44.800284+00:00
BLBEDZARQ6FVQGGH,25,wms:stock_snapshot_sim,2026-09-04T17:12:44.800284+00:00
TOPED9T3FXS8CP8M,6,wms:stock_snapshot_sim,2026-09-04T17:12:44.800284+00:00
RNGDQ5GGSFNHNANZ,22,wms:stock_snapshot_sim,2026-09-04T17:12:44.800284+00:00
ACCEGG9VJJHGYPN4,38,wms:stock_snapshot_sim,2026-09-04T17:12:44.800284+00:00
TOPE97AK3PDMAFKQ,33,wms:stock_snapshot_sim,2026-09-04T17:12:44.800284+00:00
SNDEHZH5UYAPJS67,30,wms:stock_snapshot_sim,2026-09-04T17:12:44.800284+00:00
BTWEYXGCCHGW72PE,30,wms:stock_snapshot_sim,2026-09-04T17:12:44.800284+00:00
SNDE2RSFZ7Y3G7Y8,8,wms:stock_snapshot_sim,2026-09-04T17:12:44.800284+00:00
ACCEJSKZZGRHRGQH,30,wms:stock_snapshot_sim,2026-09-04T17:12:44.800284+00:00
TSHE9K9JVCZA2YKT,39,wms:stock_snapshot_sim,2026-09-04T17:12:44.800284+00:00
CAGE92ZXMD5BG34Y,17,wms:stock_snapshot_sim,2026-09-04T17:12:44.800284+00:00
MUGEB7J7SENGQCZK,19,wms:stock_snapshot_sim,2026-09-04T17:12:44.800284+00:00
SHOE2GUGZGFYZHEY,2,wms:stock_snapshot_sim,2026-09-04T17:12:44.800284+00:00
BBAE8BXADJFFMQKC,12,wms:stock_snapshot_sim,2026-09-04T17:12:44.800284+00:00
CRTECN2QZ4NY4SSZ,27,wms:stock_snapshot_sim,2026-09-04T17:12:44.800284+00:00
SGLEJ56EJCFSKJTY,0,wms:stock_snapshot_sim,2026-09-04T17:12:44.800284+00:00
NKCE9ZYADVZJF4RM,3,wms:stock_snapshot_sim,2026-09-04T17:12:44.800284+00:00
TOPE8YAUHKSW9UMD,23,wms:stock_snapshot_sim,2026-09-04T17:12:44.800284+00:00
ACCEAC4QWGAHV7CF,35,wms:stock_snapshot_sim,2026-09-04T17:12:44.800284+00:00
JEAEGFMZGYXJMJ3N,16,wms:stock_snapshot_sim,2026-09-04T17:12:44.800284+00:00
FABEH3PHVMXXWTMA,35,wms:stock_snapshot_sim,2026-09-04T17:12:44.800284+00:00
SHOEGHHGGDVFZEZG,0,wms:stock_snapshot_sim,2026-09-04T17:12:44.800284+00:00
NKCEBVGGUEZCJZZR,32,wms:stock_snapshot_sim,2026-09-04T17:12:44.800284+00:00
BRAEDX66GWPY6KJ9,18,wms:stock_snapshot_sim,2026-09-04T17:12:44.800284+00:00
SOFEDVYZFMZPJ3V6,30,wms:stock_snapshot_sim,2026-09-04T17:12:44.800284+00:00
LJGEHWCZAHHC6GME,16,wms:stock_snapshot_sim,2026-09-04T17:12:44.800284+00:00
BRAE8WYHFEGXPYBZ,34,wms:stock_snapshot_sim,2026-09-04T17:12:44.800284+00:00
NKCE6NHRGBEHGZHB,3,wms:stock_snapshot_sim,2026-09-04T17:12:44.800284+00:00
BBAECHGKFYZTWZJM,0,wms:stock_snapshot_sim,2026-09-04T17:12:44.800284+00:00
ACBEA4498TDPW6JP,10,wms:stock_snapshot_sim,2026-09-04T17:12:44.800284+00:00
NKCE2QKGRKR2YFYF,7,wms:stock_snapshot_sim,2026-09-04T17:12:44.800284+00:00
NKCDU4RZR83PHQG7,6,wms:stock_snapshot_sim,2026-09-04T17:12:44.800284+00:00
CAGE5RNE4JVBXZBX,20,wms:stock_snapshot_sim,2026-09-04T17:12:44.800284+00:00
GRTEAPBJYWQ6CKCV,2,wms:stock_snapshot_sim,2026-09-04T17:12:44.800284+00:00
BBAE7F9CHZYTSS2D,17,wms:stock_snapshot_sim,2026-09-04T17:12:44.800284+00:00
TSHDXWECXZ5HWJCA,6,wms:stock_snapshot_sim,2026-09-04T17:12:44.800284+00:00
MUGEAGGKDCJHRYBY,28,wms:stock_snapshot_sim,2026-09-04T17:12:44.800284+00:00
TOPEHZMKZ67ZYXYX,13,wms:stock_snapshot_sim,2026-09-04T17:12:44.800284+00:00
ACCEG7AG8EUZRRZY,20,wms:stock_snapshot_sim,2026-09-04T17:12:44.800284+00:00
TOPE4QK44FNX6PY5,35,wms:stock_snapshot_sim,2026-09-04T17:12:44.800284+00:00
TSHE9U64WFF82YHU,16,wms:stock_snapshot_sim,2026-09-04T17:12:44.800284+00:00
HMBE4ZYTAPY42WKG,4,wms:stock_snapshot_sim,2026-09-04T17:12:44.800284+00:00
BDDEH29D335NNVSK,31,wms:stock_snapshot_sim,2026-09-04T17:12:44.800284+00:00
BZREHH7YANYWR3HZ,28,wms:stock_snapshot_sim,2026-09-04T17:12:44.800284+00:00
DREDUA8QVGCSXWAV,12,wms:stock_snapshot_sim,2026-09-04T17:12:44.800284+00:00
SNDEASSYEX2D4H65,3,wms:stock_snapshot_sim,2026-09-04T17:12:44.800284+00:00
ACCE9YWEFM7KTXVS,12,wms:stock_snapshot_sim,2026-09-04T17:12:44.800284+00:00
VMREGZPQBHRGJBF6,18,wms:stock_snapshot_sim,2026-09-04T17:12:44.800284+00:00
SHIEC9AFED2B2EZX,0,wms:stock_snapshot_sim,2026-09-04T17:12:44.800284+00:00
VESEGRBBR2ZGYCQW,27,wms:stock_snapshot_sim,2026-09-04T17:12:44.800284+00:00
SHOED36FPJ9WYBJK,18,wms:stock_snapshot_sim,2026-09-04T17:12:44.800284+00:00
LJGEBVA8WWNWETZE,39,wms:stock_snapshot_sim,2026-09-04T17:12:44.800284+00:00
JEAEJTZZJS2GTZAK,21,wms:stock_snapshot_sim,2026-09-04T17:12:44.800284+00:00
TROEH8YNHZKBZJVB,0,wms:stock_snapshot_sim,2026-09-04T17:12:44.800284+00:00
NKCE7MMGS2GMVHJT,21,wms:stock_snapshot_sim,2026-09-04T17:12:44.800284+00:00
LARED9QVZY4HTGKK,40,wms:stock_snapshot_sim,2026-09-04T17:12:44.800284+00:00
NKCE4CSZUZWHUTFS,39,wms:stock_snapshot_sim,2026-09-04T17:12:44.800284+00:00
ACCE4WJKQGGVYGT4,38,wms:stock_snapshot_sim,2026-09-04T17:12:44.800284+00:00
SHTE7H6ZXRZZPHGF,39,wms:stock_snapshot_sim,2026-09-04T17:12:44.800284+00:00
BRAE3P8YRJ69HFQT,25,wms:stock_snapshot_sim,2026-09-04T17:12:44.800284+00:00
BTWE5QUGZHGG8YZH,36,wms:stock_snapshot_sim,2026-09-04T17:12:44.800284+00:00
SHTEA69ENTJKAXH5,0,wms:stock_snapshot_sim,2026-09-04T17:12:44.800284+00:00
JWSE38HQM2S4AS3X,23,wms:stock_snapshot_sim,2026-09-04T17:12:44.800284+00:00
SHOEBG6ZRCKHXNXE,10,wms:stock_snapshot_sim,2026-09-04T17:12:44.800284+00:00
WATDSW7X8FTCNSHQ,32,wms:stock_snapshot_sim,2026-09-04T17:12:44.800284+00:00
CBKEBVA8GARHH3QM,11,wms:stock_snapshot_sim,2026-09-04T17:12:44.800284+00:00
SNDEGSZD4WHWUEPU,17,wms:stock_snapshot_sim,2026-09-04T17:12:44.800284+00:00
DREEAZADFS2BYSY5,37,wms:stock_snapshot_sim,2026-09-04T17:12:44.800284+00:00
SHIEYZ3F3QWMYNEC,32,wms:stock_snapshot_sim,2026-09-04T17:12:44.800284+00:00
CSPEGWZGYJGRK4XZ,23,wms:stock_snapshot_sim,2026-09-04T17:12:44.800284+00:00
SLOEBHYNHETSRBXN,0,wms:stock_snapshot_sim,2026-09-04T17:12:44.800284+00:00
TROEAYF4WUFFXDEH,34,wms:stock_snapshot_sim,2026-09-04T17:12:44.800284+00:00
TSHE9CK29TZZWZQP,19,wms:stock_snapshot_sim,2026-09-04T17:12:44.800284+00:00
ACCEEV5V5ERYC6RN,29,wms:stock_snapshot_sim,2026-09-04T17:12:44.800284+00:00
BBAE92YW6CR5FNDP,2,wms:stock_snapshot_sim,2026-09-04T17:12:44.800284+00:00
NKCEGHR7YXJD3QVA,38,wms:stock_snapshot_sim,2026-09-04T17:12:44.800284+00:00
BRAE8TFMPNB5GSF5,23,wms:stock_snapshot_sim,2026-09-04T17:12:44.800284+00:00
OTAEJZF5RKHJX6HG,27,wms:stock_snapshot_sim,2026-09-04T17:12:44.800284+00:00
DREEJH2UDQAQYBZZ,2,wms:stock_snapshot_sim,2026-09-04T17:12:44.800284+00:00
SHIEAU6YY2FY4XXX,19,wms:stock_snapshot_sim,2026-09-04T17:12:44.800284+00:00
SWSEH7ZZ6EYGH7T2,32,wms:stock_snapshot_sim,2026-09-04T17:12:44.800284+00:00
SHIEBZ65HHFJFBYG,25,wms:stock_snapshot_sim,2026-09-04T17:12:44.800284+00:00
RNGEDAKEZXMAXYKB,9,wms:stock_snapshot_sim,2026-09-04T17:12:44.800284+00:00
KRTECH8XA8YFA5TP,8,wms:stock_snapshot_sim,2026-09-04T17:12:44.800284+00:00
NKCECQYZNVJKFMJV,0,wms:stock_snapshot_sim,2026-09-04T17:12:44.800284+00:00
DIAE4Q5MP7TFVZ8T,8,wms:stock_snapshot_sim,2026-09-04T17:12:44.800284+00:00
NKCE5QSZ6FQSNBDF,12,wms:stock_snapshot_sim,2026-09-04T17:12:44.800284+00:00
JCKEG4AKNM3HP3MG,26,wms:stock_snapshot_sim,2026-09-04T17:12:44.800284+00:00
SHOEHY9AUJMC8YD9,23,wms:stock_snapshot_sim,2026-09-04T17:12:44.800284+00:00
NDNEGCU6HKGDZNDE,27,wms:stock_snapshot_sim,2026-09-04T17:12:44.800284+00:00
MUGE9WYRNRCC5W65,18,wms:stock_snapshot_sim,2026-09-04T17:12:44.800284+00:00
SWSEBFKAWVFJDQE5,24,wms:stock_snapshot_sim,2026-09-04T17:12:44.800284+00:00
BBAEBFKGNG7PJARH,21,wms:stock_snapshot_sim,2026-09-04T17:12:44.800284+00:00
ACBECT5UXYVB6EHX,35,wms:stock_snapshot_sim,2026-09-04T17:12:44.800284+00:00
TSHE3HHZ89EQTH5F,26,wms:stock_snapshot_sim,2026-09-04T17:12:44.800284+00:00
FSEEHAGGGFHQJKWB,30,wms:stock_snapshot_sim,2026-09-04T17:12:44.800284+00:00
BRAECBVGHCB2FN49,29,wms:stock_snapshot_sim,2026-09-04T17:12:44.800284+00:00
FGBE8YPGASPUR3EA,12,wms:stock_snapshot_sim,2026-09-04T17:12:44.800284+00:00
STIE9F5UFQ6CWCWA,1,wms:stock_snapshot_sim,2026-09-04T17:12:44.800284+00:00
AFGEFJSDRYS9ETH2,22,wms:stock_snapshot_sim,2026-09-04T17:12:44.800284+00:00
ACCEGGAYF5HTP4RG,12,wms:stock_snapshot_sim,2026-09-04T17:12:44.800284+00:00
PTGEGUPKRM4ARQFJ,7,wms:stock_snapshot_sim,2026-09-04T17:12:44.800284+00:00
DSTEJJ8VGMGUFVWF,27,wms:stock_snapshot_sim,2026-09-04T17:12:44.800284+00:00
WLPEGHDFJ4UKCRMY,27,wms:stock_snapshot_sim,2026-09-04T17:12:44.800284+00:00
ACCE9DJZCF5DFVP9,2,wms:stock_snapshot_sim,2026-09-04T17:12:44.800284+00:00
SNDEGG8AM4XNVJUG,9,wms:stock_snapshot_sim,2026-09-04T17:12:44.800284+00:00
BRAEHAAZSQWRPHBN,33,wms:stock_snapshot_sim,2026-09-04T17:12:44.800284+00:00
CPCEJMM73MRDHKCY,39,wms:stock_snapshot_sim,2026-09-04T17:12:44.800284+00:00
SKTE8HA2HDURGKTF,27,wms:stock_snapshot_sim,2026-09-04T17:12:44.800284+00:00
TSHEE3MZY7KCMDVV,21,wms:stock_snapshot_sim,2026-09-04T17:12:44.800284+00:00
NKCDXH8TSVZPDYNH,11,wms:stock_snapshot_sim,2026-09-04T17:12:44.800284+00:00
NKCEGZZGGGDCERGH,31,wms:stock_snapshot_sim,2026-09-04T17:12:44.800284+00:00
STIE9F5UH6UFQBDY,24,wms:stock_snapshot_sim,2026-09-04T17:12:44.800284+00:00
PACE26UZFAH7U2Y4,0,wms:stock_snapshot_sim,2026-09-04T17:12:44.800284+00:00
SHTEAKRZWCHHZEYP,25,wms:stock_snapshot_sim,2026-09-04T17:12:44.800284+00:00
BBAE4CNHFDPU2KHC,13,wms:stock_snapshot_sim,2026-09-04T17:12:44.800284+00:00
WATDN8YFDYTSWDFF,11,wms:stock_snapshot_sim,2026-09-04T17:12:44.800284+00:00
ACCE9DJM8WYHZFZZ,16,wms:stock_snapshot_sim,2026-09-04T17:12:44.800284+00:00
BTWEDGMRHGQZKRZR,13,wms:stock_snapshot_sim,2026-09-04T17:12:44.800284+00:00
SWTEDMVMMFVPR5GR,19,wms:stock_snapshot_sim,2026-09-04T17:12:44.800284+00:00
CAGE7UCEDBWHWF48,0,wms:stock_snapshot_sim,2026-09-04T17:12:44.800284+00:00
PBXE84AFK5C9NMYV,0,wms:stock_snapshot_sim,2026-09-04T17:12:44.800284+00:00
TOPE593EQJA4WW4Z,30,wms:stock_snapshot_sim,2026-09-04T17:12:44.800284+00:00
TSHE3GHHGW5USEBF,39,wms:stock_snapshot_sim,2026-09-04T17:12:44.800284+00:00
PRMEJ4UVUWPH9WXJ,16,wms:stock_snapshot_sim,2026-09-04T17:12:44.800284+00:00
USGEE5ZTJASSVBHV,30,wms:stock_snapshot_sim,2026-09-04T17:12:44.800284+00:00
SHTE9KP2PGR2MPHM,8,wms:stock_snapshot_sim,2026-09-04T17:12:44.800284+00:00
CAGED654SQMMADH7,22,wms:stock_snapshot_sim,2026-09-04T17:12:44.800284+00:00
KTAEJM2HDVVMKKSD,11,wms:stock_snapshot_sim,2026-09-04T17:12:44.800284+00:00
RNGEDAK2HFRD72HE,5,wms:stock_snapshot_sim,2026-09-04T17:12:44.800284+00:00
BBAEFJG7UGAAHW5Q,0,wms:stock_snapshot_sim,2026-09-04T17:12:44.800284+00:00
SHOECB9GFED2RW7A,0,wms:stock_snapshot_sim,2026-09-04T17:12:44.800284+00:00
BLAE9CSTFZAMXSNE,34,wms:stock_snapshot_sim,2026-09-04T17:12:44.800284+00:00
CRTECN2QZFRKZPZU,25,wms:stock_snapshot_sim,2026-09-04T17:12:44.800284+00:00
JEAE6SRJARFVMSJS,0,wms:stock_snapshot_sim,2026-09-04T17:12:44.800284+00:00
FAFEG28UTMGZHPFK,17,wms:stock_snapshot_sim,2026-09-04T17:12:44.800284+00:00
JEAEGGED554UU4NE,35,wms:stock_snapshot_sim,2026-09-04T17:12:44.800284+00:00
CRTECN2QVUET9PQ8,39,wms:stock_snapshot_sim,2026-09-04T17:12:44.800284+00:00
RNGEH3ESGH2PTCHE,35,wms:stock_snapshot_sim,2026-09-04T17:12:44.800284+00:00
SHOEBKMRFGTKNZFF,29,wms:stock_snapshot_sim,2026-09-04T17:12:44.800284+00:00
SNDEDPHWHMF274KK,4,wms:stock_snapshot_sim,2026-09-04T17:12:44.800284+00:00
JUMEJB3YYZM5HSPR,26,wms:stock_snapshot_sim,2026-09-04T17:12:44.800284+00:00
CRNEDYCSYZNHNXRF,3,wms:stock_snapshot_sim,2026-09-04T17:12:44.800284+00:00
ACCEGKFG5VWCR3JG,33,wms:stock_snapshot_sim,2026-09-04T17:12:44.800284+00:00
JEAEHGT9Z7T9YRGS,29,wms:stock_snapshot_sim,2026-09-04T17:12:44.800284+00:00
SHTE58S9XSGBJAQ9,8,wms:stock_snapshot_sim,2026-09-04T17:12:44.800284+00:00
ACCDY6GXEZDPDUCA,17,wms:stock_snapshot_sim,2026-09-04T17:12:44.800284+00:00
BRAE6FWNYYKS3JHM,38,wms:stock_snapshot_sim,2026-09-04T17:12:44.800284+00:00
STIEBU65QZPKCVVU,8,wms:stock_snapshot_sim,2026-09-04T17:12:44.800284+00:00
CAGEYFZW7F56GWZP,24,wms:stock_snapshot_sim,2026-09-04T17:12:44.800284+00:00
CRNEE84JNEVAWBJH,22,wms:stock_snapshot_sim,2026-09-04T17:12:44.800284+00:00
NKCECPQAGXHB56HY,16,wms:stock_snapshot_sim,2026-09-04T17:12:44.800284+00:00
JCKEDMQ7RTWDZCTB,14,wms:stock_snapshot_sim,2026-09-04T17:12:44.800284+00:00
PBXEA7NX6KNDHYH3,22,wms:stock_snapshot_sim,2026-09-04T17:12:44.800284+00:00
NKCE5MEFXGSS6G6U,5,wms:stock_snapshot_sim,2026-09-04T17:12:44.800284+00:00
NKCEF9GTEWAJD6NH,32,wms:stock_snapshot_sim,2026-09-04T17:12:44.800284+00:00
KRTEDCQBV2ZFV3YA,17,wms:stock_snapshot_sim,2026-09-04T17:12:44.800284+00:00
RNGEAM4NZRSBMUFB,29,wms:stock_snapshot_sim,2026-09-04T17:12:44.800284+00:00
DIADYM2VYBRSREHH,29,wms:stock_snapshot_sim,2026-09-04T17:12:44.800284+00:00
RNGE7GVYTUPHQRYK,37,wms:stock_snapshot_sim,2026-09-04T17:12:44.800284+00:00
BRAEDSKCGHHJTHB3,3,wms:stock_snapshot_sim,2026-09-04T17:12:44.800284+00:00
NDNEGCSGGMCWGFNW,10,wms:stock_snapshot_sim,2026-09-04T17:12:44.800284+00:00
DIAE2QNERNBQJ8ME,2,wms:stock_snapshot_sim,2026-09-04T17:12:44.800284+00:00
ACCE9Y6R3QSTFYEF,24,wms:stock_snapshot_sim,2026-09-04T17:12:44.800284+00:00
BBAEE897P2A9PBX6,19,wms:stock_snapshot_sim,2026-09-04T17:12:44.800284+00:00
CRTECN2QTBFPEZWQ,11,wms:stock_snapshot_sim,2026-09-04T17:12:44.800284+00:00
BKPECS6HJVHHBKBC,20,wms:stock_snapshot_sim,2026-09-04T17:12:44.800284+00:00
CRTECN2QTH6YPGYF,29,wms:stock_snapshot_sim,2026-09-04T17:12:44.800284+00:00
BRAEE6YMYDZCTFHT,10,wms:stock_snapshot_sim,2026-09-04T17:12:44.800284+00:00
NKCEAUABQR7WXDYP,9,wms:stock_snapshot_sim,2026-09-04T17:12:44.800284+00:00
BBAEE7XMHPFPVGUA,19,wms:stock_snapshot_sim,2026-09-04T17:12:44.800284+00:00
NKCECATQF8ZXGXJS,17,wms:stock_snapshot_sim,2026-09-04T17:12:44.800284+00:00
CTTEH9FX5D9BYFYR,2,wms:stock_snapshot_sim,2026-09-04T17:12:44.800284+00:00
SGLEGBV7SWPSNVWW,38,wms:stock_snapshot_sim,2026-09-04T17:12:44.800284+00:00
NKCE5T3GVHYKZSDH,38,wms:stock_snapshot_sim,2026-09-04T17:12:44.800284+00:00
SWTEDFVGSHZBRB3Z,0,wms:stock_snapshot_sim,2026-09-04T17:12:44.800284+00:00
DKOEEY6F7TGXSD4X,33,wms:stock_snapshot_sim,2026-09-04T17:12:44.800284+00:00
DREECHFUUCYNCQHM,34,wms:stock_snapshot_sim,2026-09-04T17:12:44.800284+00:00
BBAECRF7EH8TVRCD,40,wms:stock_snapshot_sim,2026-09-04T17:12:44.800284+00:00
TSHE6UDNFQRS44FP,23,wms:stock_snapshot_sim,2026-09-04T17:12:44.800284+00:00
BLAEEJFZ5KA42ZS3,38,wms:stock_snapshot_sim,2026-09-04T17:12:44.800284+00:00
PEBEDMZDZYVYZHFQ,21,wms:stock_snapshot_sim,2026-09-04T17:12:44.800284+00:00
CAGDUNH3VAZ8PM3Q,25,wms:stock_snapshot_sim,2026-09-04T17:12:44.800284+00:00
FABE8W55CVM5GCX7,32,wms:stock_snapshot_sim,2026-09-04T17:12:44.800284+00:00
CRTECN2QYNFWAQHM,34,wms:stock_snapshot_sim,2026-09-04T17:12:44.800284+00:00
DREDZNRZY9MRHGYB,31,wms:stock_snapshot_sim,2026-09-04T17:12:44.800284+00:00
SOFEDVYZPCRAFKEQ,1,wms:stock_snapshot_sim,2026-09-04T17:12:44.800284+00:00
NKCEF9GTZR2DAYHA,5,wms:stock_snapshot_sim,2026-09-04T17:12:44.800284+00:00
TOPEGQJYGPFHEKCK,20,wms:stock_snapshot_sim,2026-09-04T17:12:44.800284+00:00
TSHEDZH5STQ4FZGH,10,wms:stock_snapshot_sim,2026-09-04T17:12:44.800284+00:00
CAGEBTJBTZ9HK4AU,8,wms:stock_snapshot_sim,2026-09-04T17:12:44.800284+00:00
SHIE86XAM3TUG7HA,23,wms:stock_snapshot_sim,2026-09-04T17:12:44.800284+00:00
TOPEBKYKHZ74DT6U,37,wms:stock_snapshot_sim,2026-09-04T17:12:44.800284+00:00
DIAE7QHEKN2B2CWN,1,wms:stock_snapshot_sim,2026-09-04T17:12:44.800284+00:00
KRTE5PEEG7YAGENZ,34,wms:stock_snapshot_sim,2026-09-04T17:12:44.800284+00:00
SHOEBYY4ZDWGQGEW,13,wms:stock_snapshot_sim,2026-09-04T17:12:44.800284+00:00
USGEDZF2Y87ECZHK,3,wms:stock_snapshot_sim,2026-09-04T17:12:44.800284+00:00
NKCE96SXZUY5TZPS,7,wms:stock_snapshot_sim,2026-09-04T17:12:44.800284+00:00
BBAED8D9WYU2798P,33,wms:stock_snapshot_sim,2026-09-04T17:12:44.800284+00:00
POSEH49H6VAUSEUZ,0,wms:stock_snapshot_sim,2026-09-04T17:12:44.800284+00:00
GUAEHKC4H4F6UARA,35,wms:stock_snapshot_sim,2026-09-04T17:12:44.800284+00:00
TSHECJAYAC5MGEXR,35,wms:stock_snapshot_sim,2026-09-04T17:12:44.800284+00:00
STIE6Q5UZBVBPZZZ,4,wms:stock_snapshot_sim,2026-09-04T17:12:44.800284+00:00
PTPEJQR9VKFUV4HY,34,wms:stock_snapshot_sim,2026-09-04T17:12:44.800284+00:00
TSHEGGDKSQHW3TB3,17,wms:stock_snapshot_sim,2026-09-04T17:12:44.800284+00:00
NKCE2W3WMZYFWMRP,12,wms:stock_snapshot_sim,2026-09-04T17:12:44.800284+00:00
NKCE6WUX8GDWXJCY,16,wms:stock_snapshot_sim,2026-09-04T17:12:44.800284+00:00
TSHE993QKHQB6W8V,30,wms:stock_snapshot_sim,2026-09-04T17:12:44.800284+00:00
BLOEGYWFQRFHPXGE,39,wms:stock_snapshot_sim,2026-09-04T17:12:44.800284+00:00
BRAEAREZG4Z6ZFK9,18,wms:stock_snapshot_sim,2026-09-04T17:12:44.800284+00:00
JWSE6AQUKTEDZ9HT,0,wms:stock_snapshot_sim,2026-09-04T17:12:44.800284+00:00
RNGE7GVYRPHSCTVA,5,wms:stock_snapshot_sim,2026-09-04T17:12:44.800284+00:00
CPCEKY4TKBYFE7PH,9,wms:stock_snapshot_sim,2026-09-04T17:12:44.800284+00:00
CPCEJCCPYGHSTWTF,4,wms:stock_snapshot_sim,2026-09-04T17:12:44.800284+00:00
TROEJZU35HUKG8VZ,16,wms:stock_snapshot_sim,2026-09-04T17:12:44.800284+00:00
NKCEBTQZEGG6CDX3,38,wms:stock_snapshot_sim,2026-09-04T17:12:44.800284+00:00
ACCEA4CABYCVWBCZ,7,wms:stock_snapshot_sim,2026-09-04T17:12:44.800284+00:00
SHOECDCRVB2WHKU4,4,wms:stock_snapshot_sim,2026-09-04T17:12:44.800284+00:00
RNGEBQZRZ79K3EMM,5,wms:stock_snapshot_sim,2026-09-04T17:12:44.800284+00:00
SNDEHZPDYWVYBCHT,8,wms:stock_snapshot_sim,2026-09-04T17:12:44.800284+00:00
SKIEAYTRHTZTA4GB,31,wms:stock_snapshot_sim,2026-09-04T17:12:44.800284+00:00
SHOE4K54VP44KTZK,35,wms:stock_snapshot_sim,2026-09-04T17:12:44.800284+00:00
RNGEBWEAGNSJF9HA,39,wms:stock_snapshot_sim,2026-09-04T17:12:44.800284+00:00
SHTE94E9WWH5ENFK,37,wms:stock_snapshot_sim,2026-09-04T17:12:44.800284+00:00
BBAEEDQYKWXZDFHR,0,wms:stock_snapshot_sim,2026-09-04T17:12:44.800284+00:00
USGEE6479VWWKCZW,8,wms:stock_snapshot_sim,2026-09-04T17:12:44.800284+00:00
STFE8Y2DHWQZYFPP,29,wms:stock_snapshot_sim,2026-09-04T17:12:44.800284+00:00
SHVDNAZR4CJHKTQK,13,wms:stock_snapshot_sim,2026-09-04T17:12:44.800284+00:00
SHTEB3NEBYFFCWFW,40,wms:stock_snapshot_sim,2026-09-04T17:12:44.800284+00:00
WCKE56UCHZHJZP6B,1,wms:stock_snapshot_sim,2026-09-04T17:12:44.800284+00:00
BDDEH29EWHWRAPWG,27,wms:stock_snapshot_sim,2026-09-04T17:12:44.800284+00:00
SNDE6KNAQN3GFRQG,32,wms:stock_snapshot_sim,2026-09-04T17:12:44.800284+00:00
TLPEGUHPCCY9XYMQ,22,wms:stock_snapshot_sim,2026-09-04T17:12:44.800284+00:00
ACCEGFBYZCVUMFF5,33,wms:stock_snapshot_sim,2026-09-04T17:12:44.800284+00:00
RNGEDAKAZXTGZNAM,20,wms:stock_snapshot_sim,2026-09-04T17:12:44.800284+00:00
BRAECA2JWQJZFHUU,35,wms:stock_snapshot_sim,2026-09-04T17:12:44.800284+00:00
ACCEGHHR2KFBGQVD,18,wms:stock_snapshot_sim,2026-09-04T17:12:44.800284+00:00
VESEGWK5FUJ2YDSG,33,wms:stock_snapshot_sim,2026-09-04T17:12:44.800284+00:00
MUGEBFGFRVWCKPVT,29,wms:stock_snapshot_sim,2026-09-04T17:12:44.800284+00:00
GCBEGY2PHUY2VVUH,12,wms:stock_snapshot_sim,2026-09-04T17:12:44.800284+00:00
BBAE2YBX9HNXXRV4,21,wms:stock_snapshot_sim,2026-09-04T17:12:44.800284+00:00
TROEGZ65YHBQKG9T,33,wms:stock_snapshot_sim,2026-09-04T17:12:44.800284+00:00
RTRDHYYVXHYG93NF,11,wms:stock_snapshot_sim,2026-09-04T17:12:44.800284+00:00
TPMEE72YPGSUVPGH,28,wms:stock_snapshot_sim,2026-09-04T17:12:44.800284+00:00
BRAEDAGAVCAR68GM,7,wms:stock_snapshot_sim,2026-09-04T17:12:44.800284+00:00
SKIE8AYKWDYJSG5N,29,wms:stock_snapshot_sim,2026-09-04T17:12:44.800284+00:00
MUGEACY8VKKQ6GJ4,35,wms:stock_snapshot_sim,2026-09-04T17:12:44.800284+00:00
BBAECBJ7G3YVDDZR,13,wms:stock_snapshot_sim,2026-09-04T17:12:44.800284+00:00
WCKEGGGDUYZHCHJY,15,wms:stock_snapshot_sim,2026-09-04T17:12:44.800284+00:00
BRAEDNX2NKMJFZ74,33,wms:stock_snapshot_sim,2026-09-04T17:12:44.800284+00:00
BCHEFHYUNCXTDHVU,34,wms:stock_snapshot_sim,2026-09-04T17:12:44.800284+00:00
ACCE9Y6PUYZSQP7W,20,wms:stock_snapshot_sim,2026-09-04T17:12:44.800284+00:00
SFFEHBHYHYFGY63U,14,wms:stock_snapshot_sim,2026-09-04T17:12:44.800284+00:00
SHIE8QE6TZTDVCGZ,10,wms:stock_snapshot_sim,2026-09-04T17:12:44.800284+00:00
BBAEBZTBNXE2GR4N,13,wms:stock_snapshot_sim,2026-09-04T17:12:44.800284+00:00
NKCDUEHCBEY7YZV8,11,wms:stock_snapshot_sim,2026-09-04T17:12:44.800284+00:00
RNCEJ64CFF8BJDQF,40,wms:stock_snapshot_sim,2026-09-04T17:12:44.800284+00:00
BBAEAHNGV3FHXJVC,21,wms:stock_snapshot_sim,2026-09-04T17:12:44.800284+00:00
NKCE4VA4EDK86BCN,31,wms:stock_snapshot_sim,2026-09-04T17:12:44.800284+00:00
ACCEAZCVK24U8KVZ,27,wms:stock_snapshot_sim,2026-09-04T17:12:44.800284+00:00
CAGE8YBK9KPUMPBY,18,wms:stock_snapshot_sim,2026-09-04T17:12:44.800284+00:00
ACCE9DK9UZUH5TBD,17,wms:stock_snapshot_sim,2026-09-04T17:12:44.800284+00:00
FAFEG28UYBFZFJF5,20,wms:stock_snapshot_sim,2026-09-04T17:12:44.800284+00:00
SHOECFFWRJYBTPHY,20,wms:stock_snapshot_sim,2026-09-04T17:12:44.800284+00:00
BRAE59YTMB36ZVFG,23,wms:stock_snapshot_sim,2026-09-04T17:12:44.800284+00:00
GLSEHFJZ2N9C3WYK,21,wms:stock_snapshot_sim,2026-09-04T17:12:44.800284+00:00
MUGECEVFBPUAPF8B,28,wms:stock_snapshot_sim,2026-09-04T17:12:44.800284+00:00
RNGE82XPT3HRHBA2,27,wms:stock_snapshot_sim,2026-09-04T17:12:44.800284+00:00
SHIEBG6FHNFZ2TFP,0,wms:stock_snapshot_sim,2026-09-04T17:12:44.800284+00:00
MUGEBFGFYPNW7GQ8,4,wms:stock_snapshot_sim,2026-09-04T17:12:44.800284+00:00
ACCEGBTPV5PPBHVD,23,wms:stock_snapshot_sim,2026-09-04T17:12:44.800284+00:00
SLBEAJZT8RVCKNMG,9,wms:stock_snapshot_sim,2026-09-04T17:12:44.800284+00:00
HLUEJQ3S5PTUUDUH,18,wms:stock_snapshot_sim,2026-09-04T17:12:44.800284+00:00
DREECRS4FHNBDJHY,0,wms:stock_snapshot_sim,2026-09-04T17:12:44.800284+00:00
TRODYXVC8MXEWWQR,14,wms:stock_snapshot_sim,2026-09-04T17:12:44.800284+00:00
SFFEGP24CR5VDNZC,17,wms:stock_snapshot_sim,2026-09-04T17:12:44.800284+00:00
ACCEGUY72CYWXAEW,24,wms:stock_snapshot_sim,2026-09-04T17:12:44.800284+00:00
CRTECN2QYVBX5Y4W,0,wms:stock_snapshot_sim,2026-09-04T17:12:44.800284+00:00
CTTEH9FTTMQQHD9V,25,wms:stock_snapshot_sim,2026-09-04T17:12:44.800284+00:00
TOPEYY5YQGGRWGGZ,36,wms:stock_snapshot_sim,2026-09-04T17:12:44.800284+00:00
FSEEHXHFG6KCYVVU,14,wms:stock_snapshot_sim,2026-09-04T17:12:44.800284+00:00
CPCECJPCXYCG5XTY,29,wms:stock_snapshot_sim,2026-09-04T17:12:44.800284+00:00
TOPE5FA7KRE3UKFR,7,wms:stock_snapshot_sim,2026-09-04T17:12:44.800284+00:00
CAGE6FYKHZ9HRKAB,0,wms:stock_snapshot_sim,2026-09-04T17:12:44.800284+00:00
CRTECN2QYFYRSXTH,31,wms:stock_snapshot_sim,2026-09-04T17:12:44.800284+00:00
SNDDXFF3ZYGKRCYK,38,wms:stock_snapshot_sim,2026-09-04T17:12:44.800284+00:00
WATE6HFX3RF49ZH4,3,wms:stock_snapshot_sim,2026-09-04T17:12:44.800284+00:00
WATEHYJBSKK8HHKC,25,wms:stock_snapshot_sim,2026-09-04T17:12:44.800284+00:00
NKCE9HF3HDDZJ5G4,32,wms:stock_snapshot_sim,2026-09-04T17:12:44.800284+00:00
SHIECJ45TFDT4EPB,39,wms:stock_snapshot_sim,2026-09-04T17:12:44.800284+00:00
NKCE9AZMXVGVUCU2,4,wms:stock_snapshot_sim,2026-09-04T17:12:44.800284+00:00
CAGE7NK9GT9GQKH2,22,wms:stock_snapshot_sim,2026-09-04T17:12:44.800284+00:00
CBKEJ3ANQCWMBW57,24,wms:stock_snapshot_sim,2026-09-04T17:12:44.800284+00:00
SHOE2FQCKJDCP9ZW,19,wms:stock_snapshot_sim,2026-09-04T17:12:44.800284+00:00
TSHE993QUHYUFTHX,9,wms:stock_snapshot_sim,2026-09-04T17:12:44.800284+00:00
STIE2FRBJNWDKUFF,5,wms:stock_snapshot_sim,2026-09-04T17:12:44.800284+00:00
WATE7NSTSTUUH7WM,27,wms:stock_snapshot_sim,2026-09-04T17:12:44.800284+00:00
PELEY8SBSDZWABHK,10,wms:stock_snapshot_sim,2026-09-04T17:12:44.800284+00:00
TOPECJFAHFF9PB94,37,wms:stock_snapshot_sim,2026-09-04T17:12:44.800284+00:00
RNGE7M925WYRGQBB,6,wms:stock_snapshot_sim,2026-09-04T17:12:44.800284+00:00
HTHEF7NSJAHRVHXZ,21,wms:stock_snapshot_sim,2026-09-04T17:12:44.800284+00:00
BCHEEYZYHGZ5W6SX,17,wms:stock_snapshot_sim,2026-09-04T17:12:44.800284+00:00
RCLEARZGMRQE2HMY,19,wms:stock_snapshot_sim,2026-09-04T17:12:44.800284+00:00
TSHE5QUQESZ6XHVR,9,wms:stock_snapshot_sim,2026-09-04T17:12:44.800284+00:00
BRAEA7GBCCF5TVAF,5,wms:stock_snapshot_sim,2026-09-04T17:12:44.800284+00:00
KRTDZ4J6JYACSVY3,21,wms:stock_snapshot_sim,2026-09-04T17:12:44.800284+00:00
SHOECYEZEHPVXYMV,24,wms:stock_snapshot_sim,2026-09-04T17:12:44.800284+00:00
CAGDU85YWUCGG8JE,29,wms:stock_snapshot_sim,2026-09-04T17:12:44.800284+00:00
SNDEGGUTDYJCK7KZ,14,wms:stock_snapshot_sim,2026-09-04T17:12:44.800284+00:00
SNDEYVXWYMSUHCF4,30,wms:stock_snapshot_sim,2026-09-04T17:12:44.800284+00:00
PBXE9ZWEPRBDMP2V,24,wms:stock_snapshot_sim,2026-09-04T17:12:44.800284+00:00
TRODSPHZRHJQH6S9,17,wms:stock_snapshot_sim,2026-09-04T17:12:44.800284+00:00
BCHEGAZ8PJG7ZQRR,2,wms:stock_snapshot_sim,2026-09-04T17:12:44.800284+00:00
NKCE96SXFGQXWVKR,27,wms:stock_snapshot_sim,2026-09-04T17:12:44.800284+00:00
SHOEBGHQ2NUKZBWB,32,wms:stock_snapshot_sim,2026-09-04T17:12:44.800284+00:00
RTREBUH2XQHZ5GCS,34,wms:stock_snapshot_sim,2026-09-04T17:12:44.800284+00:00
PBXE6YVW4CSQGJPS,0,wms:stock_snapshot_sim,2026-09-04T17:12:44.800284+00:00
BBAEEEGYGJPDYAR4,24,wms:stock_snapshot_sim,2026-09-04T17:12:44.800284+00:00
TROEGWHHRHGBEZS9,0,wms:stock_snapshot_sim,2026-09-04T17:12:44.800284+00:00
CRTECN2QZSPZDNAR,3,wms:stock_snapshot_sim,2026-09-04T17:12:44.800284+00:00
PANEHYNVHFCXGGMB,21,wms:stock_snapshot_sim,2026-09-04T17:12:44.800284+00:00
TSHE6KWDSPNRHFDC,32,wms:stock_snapshot_sim,2026-09-04T17:12:44.800284+00:00
TOPEGBSUC8JDVQVY,22,wms:stock_snapshot_sim,2026-09-04T17:12:44.800284+00:00
SHIEBZB49VZZQRKK,5,wms:stock_snapshot_sim,2026-09-04T17:12:44.800284+00:00
DREDXXNFYCD2VEXN,36,wms:stock_snapshot_sim,2026-09-04T17:12:44.800284+00:00
CNDEHGXHDHMKJXUS,35,wms:stock_snapshot_sim,2026-09-04T17:12:44.800284+00:00
CAGDYPBWZ6JSHECV,33,wms:stock_snapshot_sim,2026-09-04T17:12:44.800284+00:00
BBAEDPZZ9JV7XY5Z,6,wms:stock_snapshot_sim,2026-09-04T17:12:44.800284+00:00
SHIE9YDJP6JVWDFK,30,wms:stock_snapshot_sim,2026-09-04T17:12:44.800284+00:00
USGEDZUWG5Y26SAZ,13,wms:stock_snapshot_sim,2026-09-04T17:12:44.800284+00:00
SHTE6GKKJWPZHYMC,28,wms:stock_snapshot_sim,2026-09-04T17:12:44.800284+00:00
NKCE49ATZKM7MGZA,30,wms:stock_snapshot_sim,2026-09-04T17:12:44.800284+00:00
BBAE5GMYUBCDMFSF,10,wms:stock_snapshot_sim,2026-09-04T17:12:44.800284+00:00
SNDEHW9GP5PQGYKH,5,wms:stock_snapshot_sim,2026-09-04T17:12:44.800284+00:00
TSHE8HQPGP4GQ3ZV,37,wms:stock_snapshot_sim,2026-09-04T17:12:44.800284+00:00
RTREFDT4U3A6UZEH,34,wms:stock_snapshot_sim,2026-09-04T17:12:44.800284+00:00
ETHEGNMSZPZDZC6T,28,wms:stock_snapshot_sim,2026-09-04T17:12:44.800284+00:00
GSPEGZBEE64ZGJRD,26,wms:stock_snapshot_sim,2026-09-04T17:12:44.800284+00:00
FRAEGC94M7MZUU2G,1,wms:stock_snapshot_sim,2026-09-04T17:12:44.800284+00:00
CRTECN2QUCSMF4SX,25,wms:stock_snapshot_sim,2026-09-04T17:12:44.800284+00:00
KRTEEGQYRFY7MEFG,0,wms:stock_snapshot_sim,2026-09-04T17:12:44.800284+00:00
ERGEA5DYQ9KUZNAK,28,wms:stock_snapshot_sim,2026-09-04T17:12:44.800284+00:00
BRADX3A8RGKXQNE4,15,wms:stock_snapshot_sim,2026-09-04T17:12:44.800284+00:00
WATEHYW2NN8YBDYZ,21,wms:stock_snapshot_sim,2026-09-04T17:12:44.800284+00:00
PTLEH3DFPH3CST4J,13,wms:stock_snapshot_sim,2026-09-04T17:12:44.800284+00:00
SHIEGFC2FMKUGNZZ,37,wms:stock_snapshot_sim,2026-09-04T17:12:44.800284+00:00
MATEHFNMZVV9HYUV,37,wms:stock_snapshot_sim,2026-09-04T17:12:44.800284+00:00
BRAE89F4YRG7QDZ3,10,wms:stock_snapshot_sim,2026-09-04T17:12:44.800284+00:00
NKCE9PFFKPY6UWGG,12,wms:stock_snapshot_sim,2026-09-04T17:12:44.800284+00:00
TSHE62Q8XFQS7QU4,35,wms:stock_snapshot_sim,2026-09-04T17:12:44.800284+00:00
JWSDZMA44VZZWZAX,3,wms:stock_snapshot_sim,2026-09-04T17:12:44.800284+00:00
BLAEEJFZS37KVCDC,35,wms:stock_snapshot_sim,2026-09-04T17:12:44.800284+00:00
JWSDZCHGUTXYUGZD,5,wms:stock_snapshot_sim,2026-09-04T17:12:44.800284+00:00
STIE9F5UGYH9B68H,21,wms:stock_snapshot_sim,2026-09-04T17:12:44.800284+00:00
TOPEG7HZXTEJMTZH,14,wms:stock_snapshot_sim,2026-09-04T17:12:44.800284+00:00
PTPEANGB8CAX4YKW,11,wms:stock_snapshot_sim,2026-09-04T17:12:44.800284+00:00
SHTE6HYNUVRP8YAH,18,wms:stock_snapshot_sim,2026-09-04T17:12:44.800284+00:00
ACCEAHRFBR6PTFZZ,14,wms:stock_snapshot_sim,2026-09-04T17:12:44.800284+00:00
WATE8E8PCEJNWYCX,2,wms:stock_snapshot_sim,2026-09-04T17:12:44.800284+00:00
CRTECN2QYSAMMGRW,29,wms:stock_snapshot_sim,2026-09-04T17:12:44.800284+00:00
SHTEJZKPZ9HGUHYR,25,wms:stock_snapshot_sim,2026-09-04T17:12:44.800284+00:00
BRAEBXRB8GFZ6HM6,0,wms:stock_snapshot_sim,2026-09-04T17:12:44.800284+00:00
TOPE2RX9SCJKPRGV,14,wms:stock_snapshot_sim,2026-09-04T17:12:44.800284+00:00
TSHE2MEYXTHGZWE9,29,wms:stock_snapshot_sim,2026-09-04T17:12:44.800284+00:00
SHTDZEKGZFZDVCKJ,13,wms:stock_snapshot_sim,2026-09-04T17:12:44.800284+00:00
SHIECK9BFNDBMZCA,25,wms:stock_snapshot_sim,2026-09-04T17:12:44.800284+00:00
TSHEJB9HBUSJ6EZM,8,wms:stock_snapshot_sim,2026-09-04T17:12:44.800284+00:00
ACCEH5Z2YUKYQBFP,0,wms:stock_snapshot_sim,2026-09-04T17:12:44.800284+00:00
LJGEDPJBNXGVSUDF,38,wms:stock_snapshot_sim,2026-09-04T17:12:44.800284+00:00
STIE7KFKQDP9JZXF,8,wms:stock_snapshot_sim,2026-09-04T17:12:44.800284+00:00
SHDEJFVQ6ZMNFGAY,14,wms:stock_snapshot_sim,2026-09-04T17:12:44.800284+00:00
TOPE9KJEYHXXNBGC,32,wms:stock_snapshot_sim,2026-09-04T17:12:44.800284+00:00
CRTECN2QTWZHNKN2,23,wms:stock_snapshot_sim,2026-09-04T17:12:44.800284+00:00
LCHEH4GTFX23CPZR,21,wms:stock_snapshot_sim,2026-09-04T17:12:44.800284+00:00
BBAE3529WRMHGJNR,14,wms:stock_snapshot_sim,2026-09-04T17:12:44.800284+00:00
JEAEGMZZM2NAYHV6,33,wms:stock_snapshot_sim,2026-09-04T17:12:44.800284+00:00
HAREGHFYTVPNXEG6,17,wms:stock_snapshot_sim,2026-09-04T17:12:44.800284+00:00
SNDEC87JCXXKG9HJ,30,wms:stock_snapshot_sim,2026-09-04T17:12:44.800284+00:00
SNDE6HZFUPMKTCA7,0,wms:stock_snapshot_sim,2026-09-04T17:12:44.800284+00:00
CBKEJ3AZYYJTEHK6,27,wms:stock_snapshot_sim,2026-09-04T17:12:44.800284+00:00
SHTDSV7BJHUAWG9D,7,wms:stock_snapshot_sim,2026-09-04T17:12:44.800284+00:00
PBXE6677X2D6UFZZ,20,wms:stock_snapshot_sim,2026-09-04T17:12:44.800284+00:00
HMBEAU8PYRH23TFK,28,wms:stock_snapshot_sim,2026-09-04T17:12:44.800284+00:00
HJREGAHGVXJXZFHB,20,wms:stock_snapshot_sim,2026-09-04T17:12:44.800284+00:00
LBXEJS7ZFUEJF53Y,6,wms:stock_snapshot_sim,2026-09-04T17:12:44.800284+00:00
ERGEYTTPYVDBXKQK,25,wms:stock_snapshot_sim,2026-09-04T17:12:44.800284+00:00
SWDEFYSMVAF3RY8Y,2,wms:stock_snapshot_sim,2026-09-04T17:12:44.800284+00:00
NKCE57RNSZHFDPU3,18,wms:stock_snapshot_sim,2026-09-04T17:12:44.800284+00:00
SHTE2ME4Y3QR83ZM,21,wms:stock_snapshot_sim,2026-09-04T17:12:44.800284+00:00
NKCE8NHGCZETZQF4,0,wms:stock_snapshot_sim,2026-09-04T17:12:44.800284+00:00
DREE5M4ZGQHEQQU7,12,wms:stock_snapshot_sim,2026-09-04T17:12:44.800284+00:00
BRADM8DWHUGKNUE7,9,wms:stock_snapshot_sim,2026-09-04T17:12:44.800284+00:00
SHTE6P4FWF9NHF3V,9,wms:stock_snapshot_sim,2026-09-04T17:12:44.800284+00:00
DREDT9RCUGEJ6BQU,3,wms:stock_snapshot_sim,2026-09-04T17:12:44.800284+00:00
LJGE4YPSH5NK3GMY,0,wms:stock_snapshot_sim,2026-09-04T17:12:44.800284+00:00
WCKE23K4EUMSGH4F,19,wms:stock_snapshot_sim,2026-09-04T17:12:44.800284+00:00
CRNEDDYREZRDKVSY,27,wms:stock_snapshot_sim,2026-09-04T17:12:44.800284+00:00
SHOEAPT3RUN6RAJ2,27,wms:stock_snapshot_sim,2026-09-04T17:12:44.800284+00:00
SNDE37CXG3BUGJYV,34,wms:stock_snapshot_sim,2026-09-04T17:12:44.800284+00:00
RNGE82XZSUTZS7F6,12,wms:stock_snapshot_sim,2026-09-04T17:12:44.800284+00:00
TOPEEEPV4GFFSHJG,8,wms:stock_snapshot_sim,2026-09-04T17:12:44.800284+00:00
NKCE9PYYGDUEHZGH,2,wms:stock_snapshot_sim,2026-09-04T17:12:44.800284+00:00
BLAEEDJ6GGYYASSR,20,wms:stock_snapshot_sim,2026-09-04T17:12:44.800284+00:00
SHIDYZAYRM4KKJGR,24,wms:stock_snapshot_sim,2026-09-04T17:12:44.800284+00:00
ACCE6BHRE3QKFRJJ,17,wms:stock_snapshot_sim,2026-09-04T17:12:44.800284+00:00
MUGEJG6TBVQSYMUP,2,wms:stock_snapshot_sim,2026-09-04T17:12:44.800284+00:00
CRTECN2QUHEXQ5BG,22,wms:stock_snapshot_sim,2026-09-04T17:12:44.800284+00:00
SHOEA4HAJ8FZ5HCX,0,wms:stock_snapshot_sim,2026-09-04T17:12:44.800284+00:00
TIEEEBN6ATMHFU2E,10,wms:stock_snapshot_sim,2026-09-04T17:12:44.800284+00:00
TIEEEYH5YE4FJ345,3,wms:stock_snapshot_sim,2026-09-04T17:12:44.800284+00:00
CSOE2V29ZTH5A3QU,39,wms:stock_snapshot_sim,2026-09-04T17:12:44.800284+00:00
LJGEDWX3HT32UDXR,11,wms:stock_snapshot_sim,2026-09-04T17:12:44.800284+00:00
PCSE9V6C5NJPG2NN,1,wms:stock_snapshot_sim,2026-09-04T17:12:44.800284+00:00
DREE7NMEYW89MK2T,15,wms:stock_snapshot_sim,2026-09-04T17:12:44.800284+00:00
STIEBU65ZKFFPKHW,0,wms:stock_snapshot_sim,2026-09-04T17:12:44.800284+00:00
TOPDUETDZYPSNUMU,8,wms:stock_snapshot_sim,2026-09-04T17:12:44.800284+00:00
CPCE2ZMDRY5XHUHF,30,wms:stock_snapshot_sim,2026-09-04T17:12:44.800284+00:00
TSHE2MEVTZCMCYYZ,35,wms:stock_snapshot_sim,2026-09-04T17:12:44.800284+00:00
TSHE5EGSHNVFUBFT,39,wms:stock_snapshot_sim,2026-09-04T17:12:44.800284+00:00
BCHEG2BGDHQZ4ZSM,1,wms:stock_snapshot_sim,2026-09-04T17:12:44.800284+00:00
JWSEBWSRZDBMWWPR,31,wms:stock_snapshot_sim,2026-09-04T17:12:44.800284+00:00
NKCEANMP59KZZGKM,17,wms:stock_snapshot_sim,2026-09-04T17:12:44.800284+00:00
NKCE6SR4GUVUYSTE,35,wms:stock_snapshot_sim,2026-09-04T17:12:44.800284+00:00
ACCE6GFCDHGGMHN5,40,wms:stock_snapshot_sim,2026-09-04T17:12:44.800284+00:00
TSHE993PXEDUUVXH,7,wms:stock_snapshot_sim,2026-09-04T17:12:44.800284+00:00
CRTECN2QZ8CWZEFZ,37,wms:stock_snapshot_sim,2026-09-04T17:12:44.800284+00:00
TSHEGNVDSSTAG8C3,15,wms:stock_snapshot_sim,2026-09-04T17:12:44.800284+00:00
PPME7JN33MV2ARAY,10,wms:stock_snapshot_sim,2026-09-04T17:12:44.800284+00:00
ACCDVHJPXVEYGWGK,6,wms:stock_snapshot_sim,2026-09-04T17:12:44.800284+00:00
LJGECNPE8BUVGNRK,26,wms:stock_snapshot_sim,2026-09-04T17:12:44.800284+00:00
CAGE4BQXK3FSTRRS,40,wms:stock_snapshot_sim,2026-09-04T17:12:44.800284+00:00
BRAEDSGBPHRAHEMU,15,wms:stock_snapshot_sim,2026-09-04T17:12:44.800284+00:00
SHOEJP2GGGP2GGPB,20,wms:stock_snapshot_sim,2026-09-04T17:12:44.800284+00:00
NRSEEAG2VG6ZNBEP,30,wms:stock_snapshot_sim,2026-09-04T17:12:44.800284+00:00
SHOEAUABZ9EJC7YC,34,wms:stock_snapshot_sim,2026-09-04T17:12:44.800284+00:00
BRAE5VAWPKE5WV8M,18,wms:stock_snapshot_sim,2026-09-04T17:12:44.800284+00:00
SHTEY3BTCJMHHVCN,9,wms:stock_snapshot_sim,2026-09-04T17:12:44.800284+00:00
MUGEAGGKJM5GUWQH,24,wms:stock_snapshot_sim,2026-09-04T17:12:44.800284+00:00
SOFEDVYZHG5SHGXM,38,wms:stock_snapshot_sim,2026-09-04T17:12:44.800284+00:00
NKCEYUVR3MHTVGGJ,3,wms:stock_snapshot_sim,2026-09-04T17:12:44.800284+00:00
CRGE5D38Y762HXPE,25,wms:stock_snapshot_sim,2026-09-04T17:12:44.800284+00:00
SHTE5EFYZJW6MDAE,13,wms:stock_snapshot_sim,2026-09-04T17:12:44.800284+00:00
MUGEBJ7XJHMCGNV9,1,wms:stock_snapshot_sim,2026-09-04T17:12:44.800284+00:00
ACCEGYCGPKC3MNY3,3,wms:stock_snapshot_sim,2026-09-04T17:12:44.800284+00:00
PPME8GJ4GQUJNDDE,16,wms:stock_snapshot_sim,2026-09-04T17:12:44.800284+00:00
NKCDU4RZC2AFABJV,21,wms:stock_snapshot_sim,2026-09-04T17:12:44.800284+00:00
NKCE3HVUZFME6PYN,0,wms:stock_snapshot_sim,2026-09-04T17:12:44.800284+00:00
NKCDYPDS8THDBS7K,23,wms:stock_snapshot_sim,2026-09-04T17:12:44.800284+00:00
MNGEJPR8S6FCYBTG,37,wms:stock_snapshot_sim,2026-09-04T17:12:44.800284+00:00
CAGE53FSAFWZRHFF,14,wms:stock_snapshot_sim,2026-09-04T17:12:44.800284+00:00
NKCE9YX3QFMDGJQZ,17,wms:stock_snapshot_sim,2026-09-04T17:12:44.800284+00:00
TSHE9K9JFHHCYGHE,8,wms:stock_snapshot_sim,2026-09-04T17:12:44.800284+00:00
BALDK98MRHJZPHGZ,33,wms:stock_snapshot_sim,2026-09-04T17:12:44.800284+00:00
BBAE66EF9DP5PFTY,22,wms:stock_snapshot_sim,2026-09-04T17:12:44.800284+00:00
KRTEBSF5NPC5EVE5,12,wms:stock_snapshot_sim,2026-09-04T17:12:44.800284+00:00
CRTEB774SG3R4RPP,32,wms:stock_snapshot_sim,2026-09-04T17:12:44.800284+00:00
CAGE68FFRKGNM58Z,30,wms:stock_snapshot_sim,2026-09-04T17:12:44.800284+00:00
NKCE8HSQRAF3TPHW,22,wms:stock_snapshot_sim,2026-09-04T17:12:44.800284+00:00
BRAEBUHTPZGHB6HG,17,wms:stock_snapshot_sim,2026-09-04T17:12:44.800284+00:00
DREEGGYS8EW6FW7P,0,wms:stock_snapshot_sim,2026-09-04T17:12:44.800284+00:00
TIEEE8H9UBYCPHAP,2,wms:stock_snapshot_sim,2026-09-04T17:12:44.800284+00:00
BRAEDFNHCHMDHCYR,9,wms:stock_snapshot_sim,2026-09-04T17:12:44.800284+00:00
FDMEEHE6PWNXWYMK,0,wms:stock_snapshot_sim,2026-09-04T17:12:44.800284+00:00
BKPE6BUDHA3YA5YG,8,wms:stock_snapshot_sim,2026-09-04T17:12:44.800284+00:00
PCSEDE6ZNWQCXWDY,19,wms:stock_snapshot_sim,2026-09-04T17:12:44.800284+00:00
TSHEB96CXEUHVVT7,23,wms:stock_snapshot_sim,2026-09-04T17:12:44.800284+00:00
SGLE6MVKC8GWKYCF,28,wms:stock_snapshot_sim,2026-09-04T17:12:44.800284+00:00
TKPEJFWZBHFZDAWY,6,wms:stock_snapshot_sim,2026-09-04T17:12:44.800284+00:00
BRAE3TSHZCY2FJZY,33,wms:stock_snapshot_sim,2026-09-04T17:12:44.800284+00:00
CAGE6FYKGSNJWBG8,33,wms:stock_snapshot_sim,2026-09-04T17:12:44.800284+00:00
VESEHC6PHMF6H4RK,15,wms:stock_snapshot_sim,2026-09-04T17:12:44.800284+00:00
FABEGBT3NZXS32YG,13,wms:stock_snapshot_sim,2026-09-04T17:12:44.800284+00:00
PANEGYWYVSTHAZQE,23,wms:stock_snapshot_sim,2026-09-04T17:12:44.800284+00:00
TSHE9HNXUMRYS4RY,10,wms:stock_snapshot_sim,2026-09-04T17:12:44.800284+00:00
BEOEHHQZYG2VSX6W,34,wms:stock_snapshot_sim,2026-09-04T17:12:44.800284+00:00
RKSED5CE6CKW8YHP,35,wms:stock_snapshot_sim,2026-09-04T17:12:44.800284+00:00
DRPEHYHMEZHDYRK5,15,wms:stock_snapshot_sim,2026-09-04T17:12:44.800284+00:00
NKCEBHGBMSXWZWZY,34,wms:stock_snapshot_sim,2026-09-04T17:12:44.800284+00:00
BLAEE6KTUAKAHYNP,11,wms:stock_snapshot_sim,2026-09-04T17:12:44.800284+00:00
SNRE6DNNHRCCZ6VK,11,wms:stock_snapshot_sim,2026-09-04T17:12:44.800284+00:00
SWTEAW3STNNJSKNP,40,wms:stock_snapshot_sim,2026-09-04T17:12:44.800284+00:00
RNGDUZU5VCYXAAEM,10,wms:stock_snapshot_sim,2026-09-04T17:12:44.800284+00:00
ACCE9DJQV23YT3UG,40,wms:stock_snapshot_sim,2026-09-04T17:12:44.800284+00:00
MUGEGZUGKCVTS27W,13,wms:stock_snapshot_sim,2026-09-04T17:12:44.800284+00:00
ACCDX8ZUCDGVWWWB,26,wms:stock_snapshot_sim,2026-09-04T17:12:44.800284+00:00
CRNEE5ZSUJZ82AZE,34,wms:stock_snapshot_sim,2026-09-04T17:12:44.800284+00:00
SUDEGGB4ES3XZCKP,31,wms:stock_snapshot_sim,2026-09-04T17:12:44.800284+00:00
NKCE2MBFEMAJTEBD,9,wms:stock_snapshot_sim,2026-09-04T17:12:44.800284+00:00
SUDEGGATMGZYFZXH,20,wms:stock_snapshot_sim,2026-09-04T17:12:44.800284+00:00
BLAEEABZURNYJTGC,0,wms:stock_snapshot_sim,2026-09-04T17:12:44.800284+00:00
RNGE7Z9NAEWGKG5A,36,wms:stock_snapshot_sim,2026-09-04T17:12:44.800284+00:00
NKCE8P4WBZBDGYEP,14,wms:stock_snapshot_sim,2026-09-04T17:12:44.800284+00:00
NKCEAWAHSKMZKCAG,40,wms:stock_snapshot_sim,2026-09-04T17:12:44.800284+00:00
BLBEE5QEJWDQAWXH,5,wms:stock_snapshot_sim,2026-09-04T17:12:44.800284+00:00
TSHDZ5ZJ5NNVQHT9,0,wms:stock_snapshot_sim,2026-09-04T17:12:44.800284+00:00
ACCDSB6EJXB8B9GG,10,wms:stock_snapshot_sim,2026-09-04T17:12:44.800284+00:00
NKCDWBPZCHZEYT7S,11,wms:stock_snapshot_sim,2026-09-04T17:12:44.800284+00:00
TSHEBN6NKYCETFNZ,16,wms:stock_snapshot_sim,2026-09-04T17:12:44.800284+00:00
MUGE8S9K9YBFCGQV,11,wms:stock_snapshot_sim,2026-09-04T17:12:44.800284+00:00
NKCE5XDEWDYXBG5G,26,wms:stock_snapshot_sim,2026-09-04T17:12:44.800284+00:00
BCHEG2BGWFC3SYAG,16,wms:stock_snapshot_sim,2026-09-04T17:12:44.800284+00:00
BRAEGG4P8HYHRAC9,5,wms:stock_snapshot_sim,2026-09-04T17:12:44.800284+00:00
WATDJYPXTT4DQARH,18,wms:stock_snapshot_sim,2026-09-04T17:12:44.800284+00:00
TOPEBABFMZ2GSC2G,26,wms:stock_snapshot_sim,2026-09-04T17:12:44.800284+00:00
TSHE93RYDNZQPFP8,38,wms:stock_snapshot_sim,2026-09-04T17:12:44.800284+00:00
BOTEJT4YZXKRPDTY,10,wms:stock_snapshot_sim,2026-09-04T17:12:44.800284+00:00
BLAEEFFGZVBQYVFP,10,wms:stock_snapshot_sim,2026-09-04T17:12:44.800284+00:00
CRNEEABUBQZTGDZC,21,wms:stock_snapshot_sim,2026-09-04T17:12:44.800284+00:00
SKTDDA4YREGBZDP3,0,wms:stock_snapshot_sim,2026-09-04T17:12:44.800284+00:00
PACE4YPWNTHM9YXZ,20,wms:stock_snapshot_sim,2026-09-04T17:12:44.800284+00:00
ETHECTUGNUQNGTWK,39,wms:stock_snapshot_sim,2026-09-04T17:12:44.800284+00:00
BRAEDNX2TYQFYRBX,29,wms:stock_snapshot_sim,2026-09-04T17:12:44.800284+00:00
ACCEJQ2SFHSRVK35,8,wms:stock_snapshot_sim,2026-09-04T17:12:44.800284+00:00
BRAEDH6PP3XMBGB3,40,wms:stock_snapshot_sim,2026-09-04T17:12:44.800284+00:00
NKCE2RPCEMFCSMB5,5,wms:stock_snapshot_sim,2026-09-04T17:12:44.800284+00:00
BBAE66EFAAZJPF7M,22,wms:stock_snapshot_sim,2026-09-04T17:12:44.800284+00:00
PCSEDTF2Y2U6HYFQ,3,wms:stock_snapshot_sim,2026-09-04T17:12:44.800284+00:00
SHOE77HW4DJZSTJG,17,wms:stock_snapshot_sim,2026-09-04T17:12:44.800284+00:00
TWCEGVM7FVHXYEJN,30,wms:stock_snapshot_sim,2026-09-04T17:12:44.800284+00:00
SHIEE5NRDCFPEGBB,11,wms:stock_snapshot_sim,2026-09-04T17:12:44.800284+00:00
NKCEA5FHMHZ3HZR6,32,wms:stock_snapshot_sim,2026-09-04T17:12:44.800284+00:00
NKCE64Z489PQN4U4,15,wms:stock_snapshot_sim,2026-09-04T17:12:44.800284+00:00
SHTE6HF2D8HKHMYS,6,wms:stock_snapshot_sim,2026-09-04T17:12:44.800284+00:00
JWSEAXHZUDNH3ASY,39,wms:stock_snapshot_sim,2026-09-04T17:12:44.800284+00:00
VHREB3NZNQGEVUER,24,wms:stock_snapshot_sim,2026-09-04T17:12:44.800284+00:00
RNGEDAKBZPHKHGCQ,32,wms:stock_snapshot_sim,2026-09-04T17:12:44.800284+00:00
PEBEBG4ZTGMHGSJM,28,wms:stock_snapshot_sim,2026-09-04T17:12:44.800284+00:00
RTRD8FPJEQRZ6BEM,7,wms:stock_snapshot_sim,2026-09-04T17:12:44.800284+00:00
SRTE8M6RTYZVHMWR,18,wms:stock_snapshot_sim,2026-09-04T17:12:44.800284+00:00
PACEB7GGJXVVDZFZ,18,wms:stock_snapshot_sim,2026-09-04T17:12:44.800284+00:00
NKCE96SXT4MVC3GG,33,wms:stock_snapshot_sim,2026-09-04T17:12:44.800284+00:00
ACCE9YGGCDWRRXGF,17,wms:stock_snapshot_sim,2026-09-04T17:12:44.800284+00:00
CRTECN2QVH5KUGW4,6,wms:stock_snapshot_sim,2026-09-04T17:12:44.800284+00:00
TSHE3UZUHJEU7W5S,0,wms:stock_snapshot_sim,2026-09-04T17:12:44.800284+00:00
RNGEC8PZZJWYDH6F,32,wms:stock_snapshot_sim,2026-09-04T17:12:44.800284+00:00
TOPEHZNP4QZHVTDW,32,wms:stock_snapshot_sim,2026-09-04T17:12:44.800284+00:00
ACCDSY8EHHF5TSKC,28,wms:stock_snapshot_sim,2026-09-04T17:12:44.800284+00:00
SAREGJY7NJ9QSCA8,7,wms:stock_snapshot_sim,2026-09-04T17:12:44.800284+00:00
AFGEGF4DTH3GCFYD,32,wms:stock_snapshot_sim,2026-09-04T17:12:44.800284+00:00
BRAE5F3KHPGUMPCW,37,wms:stock_snapshot_sim,2026-09-04T17:12:44.800284+00:00
HMBE7G33NPATJGH5,34,wms:stock_snapshot_sim,2026-09-04T17:12:44.800284+00:00
BBAE87CF49NZBEEJ,25,wms:stock_snapshot_sim,2026-09-04T17:12:44.800284+00:00
BRAEDGM2YE58PGPV,0,wms:stock_snapshot_sim,2026-09-04T17:12:44.800284+00:00
RNGE8TQ9J4ZGYGFA,7,wms:stock_snapshot_sim,2026-09-04T17:12:44.800284+00:00
TSHEE99HHWZMMGCF,8,wms:stock_snapshot_sim,2026-09-04T17:12:44.800284+00:00
PTPE4HEYXCVJ9MEB,16,wms:stock_snapshot_sim,2026-09-04T17:12:44.800284+00:00
WATDUNJ7PGYUWDGQ,39,wms:stock_snapshot_sim,2026-09-04T17:12:44.800284+00:00
NKCE2RPCKWKSFJQQ,26,wms:stock_snapshot_sim,2026-09-04T17:12:44.800284+00:00
DREEFJ44EBBUEKKY,3,wms:stock_snapshot_sim,2026-09-04T17:12:44.800284+00:00
MUGEBFGFYQPGRQ7Z,29,wms:stock_snapshot_sim,2026-09-04T17:12:44.800284+00:00
CPCE8HXCNMHVH2FX,37,wms:stock_snapshot_sim,2026-09-04T17:12:44.800284+00:00
BLAE8B5G4GWTBEEH,3,wms:stock_snapshot_sim,2026-09-04T17:12:44.800284+00:00
BLAE8BUK4HQYGMPM,28,wms:stock_snapshot_sim,2026-09-04T17:12:44.800284+00:00
SAREGSFW6RDSHGNU,2,wms:stock_snapshot_sim,2026-09-04T17:12:44.800284+00:00
JEAEGFMZCDKBCGMJ,12,wms:stock_snapshot_sim,2026-09-04T17:12:44.800284+00:00
SHIEAXGYUTQSUBUQ,0,wms:stock_snapshot_sim,2026-09-04T17:12:44.800284+00:00
ACCEGGXEBPFGCDPQ,7,wms:stock_snapshot_sim,2026-09-04T17:12:44.800284+00:00
TSHE9CK2TZBUQGHV,27,wms:stock_snapshot_sim,2026-09-04T17:12:44.800284+00:00
CRTECN2QZCKDYCTG,30,wms:stock_snapshot_sim,2026-09-04T17:12:44.800284+00:00
MUGE6S9YZ25CHZRN,17,wms:stock_snapshot_sim,2026-09-04T17:12:44.800284+00:00
BALEGFWGYHBSY4UE,23,wms:stock_snapshot_sim,2026-09-04T17:12:44.800284+00:00
SWTECAGUGVHAKGSM,16,wms:stock_snapshot_sim,2026-09-04T17:12:44.800284+00:00
NKCE5H4XW2PH6KFH,4,wms:stock_snapshot_sim,2026-09-04T17:12:44.800284+00:00
RNGEYQZDCMC4YUKK,17,wms:stock_snapshot_sim,2026-09-04T17:12:44.800284+00:00
ACCEDNXYRZWBPFDF,11,wms:stock_snapshot_sim,2026-09-04T17:12:44.800284+00:00
SNREBR5MZHSPP6SQ,36,wms:stock_snapshot_sim,2026-09-04T17:12:44.800284+00:00
PPME9UG94TJJ5RUF,26,wms:stock_snapshot_sim,2026-09-04T17:12:44.800284+00:00
CRNEEABUEUGZBSMT,12,wms:stock_snapshot_sim,2026-09-04T17:12:44.800284+00:00
BBAE86J6VWJH6XUE,6,wms:stock_snapshot_sim,2026-09-04T17:12:44.800284+00:00
CAGEBTJBNDAJ5DHY,40,wms:stock_snapshot_sim,2026-09-04T17:12:44.800284+00:00
SHIEAF2JJFSBXFMH,15,wms:stock_snapshot_sim,2026-09-04T17:12:44.800284+00:00
USGEDDUFKVXFHXRG,20,wms:stock_snapshot_sim,2026-09-04T17:12:44.800284+00:00
NKCDYQ3RHXH4Z3ZY,6,wms:stock_snapshot_sim,2026-09-04T17:12:44.800284+00:00
RNGEDAK7ZFFEYTA3,21,wms:stock_snapshot_sim,2026-09-04T17:12:44.800284+00:00
CSPEGWZHFU2Q2ZPG,12,wms:stock_snapshot_sim,2026-09-04T17:12:44.800284+00:00
SHOE89XZZKW8GACG,13,wms:stock_snapshot_sim,2026-09-04T17:12:44.800284+00:00
SARE86DZPAVZZ8S5,32,wms:stock_snapshot_sim,2026-09-04T17:12:44.800284+00:00
PPMEAGQAMGRKVRTA,29,wms:stock_snapshot_sim,2026-09-04T17:12:44.800284+00:00
TOPE9WZAFZZBASUF,11,wms:stock_snapshot_sim,2026-09-04T17:12:44.800284+00:00
LACEGF4VSSWHCWTY,21,wms:stock_snapshot_sim,2026-09-04T17:12:44.800284+00:00
WATE68H5CT3JRKEZ,0,wms:stock_snapshot_sim,2026-09-04T17:12:44.800284+00:00
MUGE7DUF6GBTUQDD,20,wms:stock_snapshot_sim,2026-09-04T17:12:44.800284+00:00
NKCE6YF6WEFEK9W6,36,wms:stock_snapshot_sim,2026-09-04T17:12:44.800284+00:00
BBAE3QDNUGVN8QYG,36,wms:stock_snapshot_sim,2026-09-04T17:12:44.800284+00:00
SHTE8W9QTNENVHJ5,26,wms:stock_snapshot_sim,2026-09-04T17:12:44.800284+00:00
RNGDX7WA9Y5QGVHH,5,wms:stock_snapshot_sim,2026-09-04T17:12:44.800284+00:00
CAGE6FZQH7KMNAKA,6,wms:stock_snapshot_sim,2026-09-04T17:12:44.800284+00:00
WBTE6NV5KGNNHHUZ,26,wms:stock_snapshot_sim,2026-09-04T17:12:44.800284+00:00
WLPEJ5VGBMZKHWAZ,10,wms:stock_snapshot_sim,2026-09-04T17:12:44.800284+00:00
SNDEHZPDNCJWRWY8,35,wms:stock_snapshot_sim,2026-09-04T17:12:44.800284+00:00
DREEARMHWMVYQR45,9,wms:stock_snapshot_sim,2026-09-04T17:12:44.800284+00:00
BRAE4DJMYZQ2QGKZ,7,wms:stock_snapshot_sim,2026-09-04T17:12:44.800284+00:00
GLSEHFUGTFGKKZ8N,19,wms:stock_snapshot_sim,2026-09-04T17:12:44.800284+00:00
NKCEANMPRRRUSPZE,6,wms:stock_snapshot_sim,2026-09-04T17:12:44.800284+00:00
CRTECN2RDAKXQHYH,15,wms:stock_snapshot_sim,2026-09-04T17:12:44.800284+00:00
WATDZ2ZQYNBVMVGD,3,wms:stock_snapshot_sim,2026-09-04T17:12:44.800284+00:00
BCHEG9KDGJMZ8YPR,10,wms:stock_snapshot_sim,2026-09-04T17:12:44.800284+00:00
BRAEBJGPRAZZTECS,18,wms:stock_snapshot_sim,2026-09-04T17:12:44.800284+00:00
BLAEEFFGGZ4GHJ3S,0,wms:stock_snapshot_sim,2026-09-04T17:12:44.800284+00:00
DREEAXE3RZMHYH94,15,wms:stock_snapshot_sim,2026-09-04T17:12:44.800284+00:00
ACCEGP52WRHFURYZ,15,wms:stock_snapshot_sim,2026-09-04T17:12:44.800284+00:00
SHTE6GEJRVEYCJQV,14,wms:stock_snapshot_sim,2026-09-04T17:12:44.800284+00:00
RNGDWKZHDVFQTDYV,19,wms:stock_snapshot_sim,2026-09-04T17:12:44.800284+00:00
RNGE7GVYEFVQKHAM,2,wms:stock_snapshot_sim,2026-09-04T17:12:44.800284+00:00
SPBDWG6GJGTSWQVT,31,wms:stock_snapshot_sim,2026-09-04T17:12:44.800284+00:00
BDSEJTHGGZH3HSJF,27,wms:stock_snapshot_sim,2026-09-04T17:12:44.800284+00:00
KTAEHE9KPZU5JK2P,37,wms:stock_snapshot_sim,2026-09-04T17:12:44.800284+00:00
CAGE8PKGGGHUXMEN,12,wms:stock_snapshot_sim,2026-09-04T17:12:44.800284+00:00
FABEJX2NHNKCYHKA,38,wms:stock_snapshot_sim,2026-09-04T17:12:44.800284+00:00
TOPEHZP9DTWGBRTT,37,wms:stock_snapshot_sim,2026-09-04T17:12:44.800284+00:00
RCTECNPQGGB4ZGAZ,25,wms:stock_snapshot_sim,2026-09-04T17:12:44.800284+00:00
BRAEGJFXKXXSXYXC,24,wms:stock_snapshot_sim,2026-09-04T17:12:44.800284+00:00
TSHEDF3JFJHZF7X2,17,wms:stock_snapshot_sim,2026-09-04T17:12:44.800284+00:00
RNGE8Z3KPNB93ARN,24,wms:stock_snapshot_sim,2026-09-04T17:12:44.800284+00:00
BALE5F2AJQFJ6TTH,16,wms:stock_snapshot_sim,2026-09-04T17:12:44.800284+00:00
ETHEGYKNTMMDAGKT,23,wms:stock_snapshot_sim,2026-09-04T17:12:44.800284+00:00
CCVEFX3Y9DFJVJUU,0,wms:stock_snapshot_sim,2026-09-04T17:12:44.800284+00:00
SHOEJVGTSYMHYFBX,21,wms:stock_snapshot_sim,2026-09-04T17:12:44.800284+00:00
CRTEB774BTFUHHVA,16,wms:stock_snapshot_sim,2026-09-04T17:12:44.800284+00:00
SHTDCFZRMHZFFUK3,38,wms:stock_snapshot_sim,2026-09-04T17:12:44.800284+00:00
CRTEHSS9CHAE2BZZ,33,wms:stock_snapshot_sim,2026-09-04T17:12:44.800284+00:00
SHIECGFT7U8W3ZQN,35,wms:stock_snapshot_sim,2026-09-04T17:12:44.800284+00:00
ACCE9Z2HDVTHQHVF,39,wms:stock_snapshot_sim,2026-09-04T17:12:44.800284+00:00
JEAEGE8Q8GXYFTGU,23,wms:stock_snapshot_sim,2026-09-04T17:12:44.800284+00:00
RNGEDF5HHWM7UERM,36,wms:stock_snapshot_sim,2026-09-04T17:12:44.800284+00:00
BDSEGJBRDPGXNJSZ,15,wms:stock_snapshot_sim,2026-09-04T17:12:44.800284+00:00
BRAE4GF4X3VZZC9K,37,wms:stock_snapshot_sim,2026-09-04T17:12:44.800284+00:00
VASEJQS2YGQRCG5J,30,wms:stock_snapshot_sim,2026-09-04T17:12:44.800284+00:00
BDAEHFUJVKRGTS2F,32,wms:stock_snapshot_sim,2026-09-04T17:12:44.800284+00:00
RNGDX7QKWZGJMZFG,5,wms:stock_snapshot_sim,2026-09-04T17:12:44.800284+00:00
SWCEBFUBFYZ9QHKG,11,wms:stock_snapshot_sim,2026-09-04T17:12:44.800284+00:00
SHIE39QJZY3BNW3A,0,wms:stock_snapshot_sim,2026-09-04T17:12:44.800284+00:00
SHIE8M9PWUF5H4SF,4,wms:stock_snapshot_sim,2026-09-04T17:12:44.800284+00:00
HACEJU8F5MTVFHGV,31,wms:stock_snapshot_sim,2026-09-04T17:12:44.800284+00:00
ACCDWRBGHTDGF8HK,10,wms:stock_snapshot_sim,2026-09-04T17:12:44.800284+00:00
ACCE8JV7WA69JWEW,0,wms:stock_snapshot_sim,2026-09-04T17:12:44.800284+00:00
ACCE93GXBKVUSHVD,18,wms:stock_snapshot_sim,2026-09-04T17:12:44.800284+00:00
BRAE8QNFJPKUJVJM,2,wms:stock_snapshot_sim,2026-09-04T17:12:44.800284+00:00
TSHE5NYHZ2ZJSX2H,32,wms:stock_snapshot_sim,2026-09-04T17:12:44.800284+00:00
SNDE2ZZZYAZS8EXY,9,wms:stock_snapshot_sim,2026-09-04T17:12:44.800284+00:00
PCSEC86VQBYAG5YA,14,wms:stock_snapshot_sim,2026-09-04T17:12:44.800284+00:00
CAGEBFPEQSVMZGZZ,20,wms:stock_snapshot_sim,2026-09-04T17:12:44.800284+00:00
SUDEGGATJKZYUZUP,20,wms:stock_snapshot_sim,2026-09-04T17:12:44.800284+00:00
CTTEH9FXKU37EKNY,37,wms:stock_snapshot_sim,2026-09-04T17:12:44.800284+00:00
SNDE7TAAH9FE5T99,33,wms:stock_snapshot_sim,2026-09-04T17:12:44.800284+00:00
MUGE75ZZ3G2NGKXZ,10,wms:stock_snapshot_sim,2026-09-04T17:12:44.800284+00:00
TSHE9K9GQUKXGKXS,38,wms:stock_snapshot_sim,2026-09-04T17:12:44.800284+00:00
ACCEA4CAZNNRMUMX,1,wms:stock_snapshot_sim,2026-09-04T17:12:44.800284+00:00
CRTECN2QZZHZH8H3,4,wms:stock_snapshot_sim,2026-09-04T17:12:44.800284+00:00
BEMEE8Y8YEHRZ9WW,23,wms:stock_snapshot_sim,2026-09-04T17:12:44.800284+00:00
NKCEFKBYHXQ8VVF8,5,wms:stock_snapshot_sim,2026-09-04T17:12:44.800284+00:00
CAPE2ZGGHSGZAHGB,34,wms:stock_snapshot_sim,2026-09-04T17:12:44.800284+00:00
SCFEJVK9VK6U9WHE,11,wms:stock_snapshot_sim,2026-09-04T17:12:44.800284+00:00
ACCECNDZARZGG5GT,16,wms:stock_snapshot_sim,2026-09-04T17:12:44.800284+00:00
FABE7C3TH3C8BXED,12,wms:stock_snapshot_sim,2026-09-04T17:12:44.800284+00:00
STIE6Q5SH9WHXSZG,2,wms:stock_snapshot_sim,2026-09-04T17:12:44.800284+00:00
DREEFM4NXGZY5ZAH,32,wms:stock_snapshot_sim,2026-09-04T17:12:44.800284+00:00
SHOECENJFCNMF9QB,22,wms:stock_snapshot_sim,2026-09-04T17:12:44.800284+00:00
TKPE7DH2GGGYGJAM,0,wms:stock_snapshot_sim,2026-09-04T17:12:44.800284+00:00
PBXE7YBGGQSJXDNZ,37,wms:stock_snapshot_sim,2026-09-04T17:12:44.800284+00:00
SHOE6BEWJ3UEBDH9,25,wms:stock_snapshot_sim,2026-09-04T17:12:44.800284+00:00
CLTEHE9FDPYN5TQ3,25,wms:stock_snapshot_sim,2026-09-04T17:12:44.800284+00:00
SKTE8HA22ZZZ2DDH,9,wms:stock_snapshot_sim,2026-09-04T17:12:44.800284+00:00
AVCEGCGPZF3ANNUZ,12,wms:stock_snapshot_sim,2026-09-04T17:12:44.800284+00:00
BALE8ZABFPZGSGFX,0,wms:stock_snapshot_sim,2026-09-04T17:12:44.800284+00:00
DEPEECKGGQEPNCJU,28,wms:stock_snapshot_sim,2026-09-04T17:12:44.800284+00:00
SHTECB57QZATRQBM,32,wms:stock_snapshot_sim,2026-09-04T17:12:44.800284+00:00
SMTEHY6TJHJEBMBJ,0,wms:stock_snapshot_sim,2026-09-04T17:12:44.800284+00:00
PRCEA7HFDBNGFFM4,13,wms:stock_snapshot_sim,2026-09-04T17:12:44.800284+00:00
CDBECTRVD5HFXNPZ,6,wms:stock_snapshot_sim,2026-09-04T17:12:44.800284+00:00
DREE7AZZQNEE9ZVG,7,wms:stock_snapshot_sim,2026-09-04T17:12:44.800284+00:00
TOPECPG5VWUDTZFY,2,wms:stock_snapshot_sim,2026-09-04T17:12:44.800284+00:00
BLAEE6KTGFDV8NGP,4,wms:stock_snapshot_sim,2026-09-04T17:12:44.800284+00:00
RNGE87FCDRS5ZFGG,4,wms:stock_snapshot_sim,2026-09-04T17:12:44.800284+00:00
SNDEHZPHCXP7ZTFA,7,wms:stock_snapshot_sim,2026-09-04T17:12:44.800284+00:00
BRAEBQGSZFRHGT8Y,34,wms:stock_snapshot_sim,2026-09-04T17:12:44.800284+00:00
SAREGJY9JUXNZHXN,0,wms:stock_snapshot_sim,2026-09-04T17:12:44.800284+00:00
TOPE954FWJHG3WDZ,20,wms:stock_snapshot_sim,2026-09-04T17:12:44.800284+00:00
RNGE9HCZUV6JYUFH,0,wms:stock_snapshot_sim,2026-09-04T17:12:44.800284+00:00
ACCDVHJZ6NZPXWAM,37,wms:stock_snapshot_sim,2026-09-04T17:12:44.800284+00:00
SHIEY382SR75SXEY,5,wms:stock_snapshot_sim,2026-09-04T17:12:44.800284+00:00
JEAEHYZMPCBH3HCZ,13,wms:stock_snapshot_sim,2026-09-04T17:12:44.800284+00:00
HDNEDVWYZKSHSUXF,32,wms:stock_snapshot_sim,2026-09-04T17:12:44.800284+00:00
STIE9F5UWNR43SZ4,14,wms:stock_snapshot_sim,2026-09-04T17:12:44.800284+00:00
SHIEDUW9A53NNGWA,7,wms:stock_snapshot_sim,2026-09-04T17:12:44.800284+00:00
TSHEGACTV6KHYKNR,10,wms:stock_snapshot_sim,2026-09-04T17:12:44.800284+00:00
SHTE524QZEUXPHBM,37,wms:stock_snapshot_sim,2026-09-04T17:12:44.800284+00:00
BRAECBDFTKQCNMKT,29,wms:stock_snapshot_sim,2026-09-04T17:12:44.800284+00:00
RNGE8UGWZ7QGTSBT,12,wms:stock_snapshot_sim,2026-09-04T17:12:44.800284+00:00
BRAEGJFXVYH38FPM,29,wms:stock_snapshot_sim,2026-09-04T17:12:44.800284+00:00
SHTEEEWGPKP9FGA3,0,wms:stock_snapshot_sim,2026-09-04T17:12:44.800284+00:00
USGEBSK8VVGZCHPF,0,wms:stock_snapshot_sim,2026-09-04T17:12:44.800284+00:00
SOFEDVYZ7SAGYGHC,8,wms:stock_snapshot_sim,2026-09-04T17:12:44.800284+00:00
CRTECN2QUZSRCEN4,20,wms:stock_snapshot_sim,2026-09-04T17:12:44.800284+00:00
BOTEGYTZ2T6WUJMM,7,wms:stock_snapshot_sim,2026-09-04T17:12:44.800284+00:00
WATE8H957FY57WCH,12,wms:stock_snapshot_sim,2026-09-04T17:12:44.800284+00:00
PBXE5YG7JZP48WAF,11,wms:stock_snapshot_sim,2026-09-04T17:12:44.800284+00:00
BRAEDUXKYEZXQAXS,32,wms:stock_snapshot_sim,2026-09-04T17:12:44.800284+00:00
SHOEBGDFN67TZGXF,10,wms:stock_snapshot_sim,2026-09-04T17:12:44.800284+00:00
MUGEAGGKKDAXEA36,22,wms:stock_snapshot_sim,2026-09-04T17:12:44.800284+00:00
SHTEBYMYFM22MGZB,36,wms:stock_snapshot_sim,2026-09-04T17:12:44.800284+00:00
CRTEB774SCZXFHBY,29,wms:stock_snapshot_sim,2026-09-04T17:12:44.800284+00:00
SHODZU52YFHY6ZV5,36,wms:stock_snapshot_sim,2026-09-04T17:12:44.800284+00:00
DREE9ZY9WZXZTDVD,0,wms:stock_snapshot_sim,2026-09-04T17:12:44.800284+00:00
DRPEHYHMKTQZZCR2,10,wms:stock_snapshot_sim,2026-09-04T17:12:44.800284+00:00
SHTE5GZ2HUTH4YVV,32,wms:stock_snapshot_sim,2026-09-04T17:12:44.800284+00:00
ARTEGVFDAZVRGHDD,26,wms:stock_snapshot_sim,2026-09-04T17:12:44.800284+00:00
WATE8E8PATYHTDMD,0,wms:stock_snapshot_sim,2026-09-04T17:12:44.800284+00:00
USGEBZ7UHXASBG6M,0,wms:stock_snapshot_sim,2026-09-04T17:12:44.800284+00:00
WATDZ5HGUUHWPYHC,31,wms:stock_snapshot_sim,2026-09-04T17:12:44.800284+00:00
PELEG5D47TPA27QZ,38,wms:stock_snapshot_sim,2026-09-04T17:12:44.800284+00:00
PCSDY5AFFQG43YQW,0,wms:stock_snapshot_sim,2026-09-04T17:12:44.800284+00:00
BLAEAWABJY2DNWHJ,21,wms:stock_snapshot_sim,2026-09-04T17:12:44.800284+00:00
SHOE3S9BGW4GGEFJ,37,wms:stock_snapshot_sim,2026-09-04T17:12:44.800284+00:00
BRAEYFDCXRHPBEVZ,35,wms:stock_snapshot_sim,2026-09-04T17:12:44.800284+00:00
DIAEJUCEZNKKK4FK,35,wms:stock_snapshot_sim,2026-09-04T17:12:44.800284+00:00
BBADVZCAVZYNEFEG,19,wms:stock_snapshot_sim,2026-09-04T17:12:44.800284+00:00
NKCE38HEJPZSGBDZ,29,wms:stock_snapshot_sim,2026-09-04T17:12:44.800284+00:00
BRAEAMDPC2XJHNBH,19,wms:stock_snapshot_sim,2026-09-04T17:12:44.800284+00:00
TSHE5YQ4CDHJX4ZA,28,wms:stock_snapshot_sim,2026-09-04T17:12:44.800284+00:00
NKCE25R8XM3B6Y96,25,wms:stock_snapshot_sim,2026-09-04T17:12:44.800284+00:00
NKCEC8ASYCY89ATW,0,wms:stock_snapshot_sim,2026-09-04T17:12:44.800284+00:00
SHVEFAS3RT9N63BU,0,wms:stock_snapshot_sim,2026-09-04T17:12:44.800284+00:00
LJGEBNNZGHGUECCT,36,wms:stock_snapshot_sim,2026-09-04T17:12:44.800284+00:00
USGEB59M4HDG7HZN,25,wms:stock_snapshot_sim,2026-09-04T17:12:44.800284+00:00
TSHE8HQPHFZGHMYG,19,wms:stock_snapshot_sim,2026-09-04T17:12:44.800284+00:00
STIE88KNVG7YETY6,4,wms:stock_snapshot_sim,2026-09-04T17:12:44.800284+00:00
PCSEDYVBHT3EFHDK,3,wms:stock_snapshot_sim,2026-09-04T17:12:44.800284+00:00
PCSE3693XHY2PC9H,6,wms:stock_snapshot_sim,2026-09-04T17:12:44.800284+00:00
RNGEDAPVYYKEC48G,38,wms:stock_snapshot_sim,2026-09-04T17:12:44.800284+00:00
NKCECZFZGZBQKCRD,37,wms:stock_snapshot_sim,2026-09-04T17:12:44.800284+00:00
BBAE4NS6QEDG9FDV,21,wms:stock_snapshot_sim,2026-09-04T17:12:44.800284+00:00
PCSDYQEV8G2ZGBNM,35,wms:stock_snapshot_sim,2026-09-04T17:12:44.800284+00:00
NKCECWKZYKVUJ9HU,0,wms:stock_snapshot_sim,2026-09-04T17:12:44.800284+00:00
BRAECTFYRN4C9FU5,25,wms:stock_snapshot_sim,2026-09-04T17:12:44.800284+00:00
BLBECQUKSFHGRRTA,35,wms:stock_snapshot_sim,2026-09-04T17:12:44.800284+00:00
BRAEDTPDZSCRZCYG,0,wms:stock_snapshot_sim,2026-09-04T17:12:44.800284+00:00
NKCEYUVRC28U5CEK,28,wms:stock_snapshot_sim,2026-09-04T17:12:44.800284+00:00
PTLEH3D3VTGUCQBK,34,wms:stock_snapshot_sim,2026-09-04T17:12:44.800284+00:00
PCSEC86VAFUTHBPX,33,wms:stock_snapshot_sim,2026-09-04T17:12:44.800284+00:00
CRTECUWZ8GPZMZYY,3,wms:stock_snapshot_sim,2026-09-04T17:12:44.800284+00:00
CRTECN2QTVAGYNZ6,7,wms:stock_snapshot_sim,2026-09-04T17:12:44.800284+00:00
ACCE6QH4PRZFAVHW,12,wms:stock_snapshot_sim,2026-09-04T17:12:44.800284+00:00
SAREJHNQXH2Y7GWV,21,wms:stock_snapshot_sim,2026-09-04T17:12:44.800284+00:00
SHTECS552ZY62VPS,0,wms:stock_snapshot_sim,2026-09-04T17:12:44.800284+00:00
RNGE8UGWZYBGJRSB,14,wms:stock_snapshot_sim,2026-09-04T17:12:44.800284+00:00
SHTE6SEHTFZHK2GQ,40,wms:stock_snapshot_sim,2026-09-04T17:12:44.800284+00:00
TOPE8YMASZEUXPRY,0,wms:stock_snapshot_sim,2026-09-04T17:12:44.800284+00:00
TSHECU3FXUGAGAG9,14,wms:stock_snapshot_sim,2026-09-04T17:12:44.800284+00:00
NKCEASCZPRTXMMRB,8,wms:stock_snapshot_sim,2026-09-04T17:12:44.800284+00:00
SNDEJMK8HWAQEPQY,1,wms:stock_snapshot_sim,2026-09-04T17:12:44.800284+00:00
WATDZ2ZQWKH2ERZ9,22,wms:stock_snapshot_sim,2026-09-04T17:12:44.800284+00:00
TOPECENJ85HRQQHA,25,wms:stock_snapshot_sim,2026-09-04T17:12:44.800284+00:00
SHTE4YFYWCGZEPHB,24,wms:stock_snapshot_sim,2026-09-04T17:12:44.800284+00:00
JEAECN2PHAGBUNF9,26,wms:stock_snapshot_sim,2026-09-04T17:12:44.800284+00:00
TOPEAFG4YEQSH5TT,0,wms:stock_snapshot_sim,2026-09-04T17:12:44.800284+00:00
SNDE5V33H2FZMPQ4,16,wms:stock_snapshot_sim,2026-09-04T17:12:44.800284+00:00
NKCECQYZ7T7ZBHGW,17,wms:stock_snapshot_sim,2026-09-04T17:12:44.800284+00:00
CAGEBTJBUKGHGBSJ,28,wms:stock_snapshot_sim,2026-09-04T17:12:44.800284+00:00
TSHEHU5RPEPPZW2R,20,wms:stock_snapshot_sim,2026-09-04T17:12:44.800284+00:00
BNGEB467ZXZZ4HWS,18,wms:stock_snapshot_sim,2026-09-04T17:12:44.800284+00:00
TSHEHU5RGV5MQ4DC,1,wms:stock_snapshot_sim,2026-09-04T17:12:44.800284+00:00
INSDZKFYUEHRDXJH,27,wms:stock_snapshot_sim,2026-09-04T17:12:44.800284+00:00
TWCEBZZUUZS54TFU,13,wms:stock_snapshot_sim,2026-09-04T17:12:44.800284+00:00
ACCE9Y6PKB4BHTPY,32,wms:stock_snapshot_sim,2026-09-04T17:12:44.800284+00:00
CAGEBTJBA4ARHRUC,1,wms:stock_snapshot_sim,2026-09-04T17:12:44.800284+00:00
SHTE4S26SFEGUW3M,26,wms:stock_snapshot_sim,2026-09-04T17:12:44.800284+00:00
BRAE2NF6QBUFMJTU,0,wms:stock_snapshot_sim,2026-09-04T17:12:44.800284+00:00
SNDEJU7GGGXMAXZS,9,wms:stock_snapshot_sim,2026-09-04T17:12:44.800284+00:00
SHIE9GH8DZF3APB9,15,wms:stock_snapshot_sim,2026-09-04T17:12:44.800284+00:00
KLSEGT5ZUGR9FQXE,0,wms:stock_snapshot_sim,2026-09-04T17:12:44.800284+00:00
TSHDVZHTKHPQHWYY,11,wms:stock_snapshot_sim,2026-09-04T17:12:44.800284+00:00
ACCEKFVX9RJR743C,32,wms:stock_snapshot_sim,2026-09-04T17:12:44.800284+00:00
BBAEGFFCHHVSHHTX,0,wms:stock_snapshot_sim,2026-09-04T17:12:44.800284+00:00
KECEGTXHXCYTH2GN,11,wms:stock_snapshot_sim,2026-09-04T17:12:44.800284+00:00
BEMEEZ6CFDVZTGWW,17,wms:stock_snapshot_sim,2026-09-04T17:12:44.800284+00:00
ACCEEEWGHE9JGKQE,26,wms:stock_snapshot_sim,2026-09-04T17:12:44.800284+00:00
BLOEJFFYGJCJZERW,19,wms:stock_snapshot_sim,2026-09-04T17:12:44.800284+00:00
STIE88KNFZF2JFRN,37,wms:stock_snapshot_sim,2026-09-04T17:12:44.800284+00:00
PACE43HF8JWNA2GY,8,wms:stock_snapshot_sim,2026-09-04T17:12:44.800284+00:00
TSHDX6XEUHTSBCZG,13,wms:stock_snapshot_sim,2026-09-04T17:12:44.800284+00:00
TOPE8PBFNH9YNHFK,36,wms:stock_snapshot_sim,2026-09-04T17:12:44.800284+00:00
SHIE8HXEEX69GA9F,13,wms:stock_snapshot_sim,2026-09-04T17:12:44.800284+00:00
NSTEG48NGGGGPC8F,3,wms:stock_snapshot_sim,2026-09-04T17:12:44.800284+00:00
BRAEYMFCWUSF3U9B,7,wms:stock_snapshot_sim,2026-09-04T17:12:44.800284+00:00
SHTECQYNKGZNNBRP,3,wms:stock_snapshot_sim,2026-09-04T17:12:44.800284+00:00
BKPEHTGBH5GGWENP,12,wms:stock_snapshot_sim,2026-09-04T17:12:44.800284+00:00
KRTE9JEY2HZZN9YW,0,wms:stock_snapshot_sim,2026-09-04T17:12:44.800284+00:00
SHOEGJTFGB2NEXGY,5,wms:stock_snapshot_sim,2026-09-04T17:12:44.800284+00:00
NKCE7MMGF9C62JPD,40,wms:stock_snapshot_sim,2026-09-04T17:12:44.800284+00:00
DREE4FC46AXGNA5V,10,wms:stock_snapshot_sim,2026-09-04T17:12:44.800284+00:00
TOPE7WAUFEYYDXKG,3,wms:stock_snapshot_sim,2026-09-04T17:12:44.800284+00:00
PANEGYX2UKXFYWRJ,33,wms:stock_snapshot_sim,2026-09-04T17:12:44.800284+00:00
BBAEECVVGEXSKGUD,13,wms:stock_snapshot_sim,2026-09-04T17:12:44.800284+00:00
BBAECKXFW889ZMS6,21,wms:stock_snapshot_sim,2026-09-04T17:12:44.800284+00:00
CAGEBTJB8UABHDRH,0,wms:stock_snapshot_sim,2026-09-04T17:12:44.800284+00:00
ACCEAMGZHGXYJSHR,0,wms:stock_snapshot_sim,2026-09-04T17:12:44.800284+00:00
PCSEAH5WCWFSNX4Y,17,wms:stock_snapshot_sim,2026-09-04T17:12:44.800284+00:00
CSPE7MZDXTGHMJHR,23,wms:stock_snapshot_sim,2026-09-04T17:12:44.800284+00:00
NKCEDCT9963RUGNN,4,wms:stock_snapshot_sim,2026-09-04T17:12:44.800284+00:00
CRNEE84JFPHW6GJQ,10,wms:stock_snapshot_sim,2026-09-04T17:12:44.800284+00:00
SNDDWSHKNEUHQSZS,33,wms:stock_snapshot_sim,2026-09-04T17:12:44.800284+00:00
HTHEAZB2FUH9FVQE,0,wms:stock_snapshot_sim,2026-09-04T17:12:44.800284+00:00
CRTECN2QXMHMRSER,13,wms:stock_snapshot_sim,2026-09-04T17:12:44.800284+00:00
TOPECMKVRZJKGAYZ,29,wms:stock_snapshot_sim,2026-09-04T17:12:44.800284+00:00
LJGE8MZRNYJCG7AH,0,wms:stock_snapshot_sim,2026-09-04T17:12:44.800284+00:00
BTWEBUHYYNMZ77FN,16,wms:stock_snapshot_sim,2026-09-04T17:12:44.800284+00:00
BTWEBRD3XC3TNZU7,19,wms:stock_snapshot_sim,2026-09-04T17:12:44.800284+00:00
CBKEAHJXUTDPXNFP,10,wms:stock_snapshot_sim,2026-09-04T17:12:44.800284+00:00
RNGEDF5HDGKZGA3T,21,wms:stock_snapshot_sim,2026-09-04T17:12:44.800284+00:00
CRTECN2QZD4WXYG8,0,wms:stock_snapshot_sim,2026-09-04T17:12:44.800284+00:00
WCKE25RA9WDHBYKH,27,wms:stock_snapshot_sim,2026-09-04T17:12:44.800284+00:00
CPBEF7N4YFPB9EEQ,2,wms:stock_snapshot_sim,2026-09-04T17:12:44.800284+00:00
NKCEAFM7NXAMQUEM,11,wms:stock_snapshot_sim,2026-09-04T17:12:44.800284+00:00
PEBED5CDE9ESV8PQ,21,wms:stock_snapshot_sim,2026-09-04T17:12:44.800284+00:00
SMTEHPZJEQWD7SH5,10,wms:stock_snapshot_sim,2026-09-04T17:12:44.800284+00:00
IRNEGYYUJVPHTSQW,15,wms:stock_snapshot_sim,2026-09-04T17:12:44.800284+00:00
HMBEGFGEJPKMXZ3W,0,wms:stock_snapshot_sim,2026-09-04T17:12:44.800284+00:00
SHOEGFWHNAKBNYHR,0,wms:stock_snapshot_sim,2026-09-04T17:12:44.800284+00:00
SHIE954FZSSHYFGG,0,wms:stock_snapshot_sim,2026-09-04T17:12:44.800284+00:00
TOPE7UX4DNXBGJAW,37,wms:stock_snapshot_sim,2026-09-04T17:12:44.800284+00:00
BRAEJPHB6KF8NGBK,15,wms:stock_snapshot_sim,2026-09-04T17:12:44.800284+00:00
PBXE547H7YBMSFAE,3,wms:stock_snapshot_sim,2026-09-04T17:12:44.800284+00:00
KRTEBUNTZB7PSB9N,5,wms:stock_snapshot_sim,2026-09-04T17:12:44.800284+00:00
LJGEG52TCRESAGVP,0,wms:stock_snapshot_sim,2026-09-04T17:12:44.800284+00:00
MUGEGZUHP8QZVFGF,31,wms:stock_snapshot_sim,2026-09-04T17:12:44.800284+00:00
TSHE75PWGFSKTZ2E,25,wms:stock_snapshot_sim,2026-09-04T17:12:44.800284+00:00
BRAE6Z79P4B94Y4T,40,wms:stock_snapshot_sim,2026-09-04T17:12:44.800284+00:00
SHOE3774HGBXWZZG,16,wms:stock_snapshot_sim,2026-09-04T17:12:44.800284+00:00
CBKEBVA87XJXEBCM,40,wms:stock_snapshot_sim,2026-09-04T17:12:44.800284+00:00
BBAE9ZGY3DNEFUQX,30,wms:stock_snapshot_sim,2026-09-04T17:12:44.800284+00:00
CRTECN2QSQX5H4GM,10,wms:stock_snapshot_sim,2026-09-04T17:12:44.800284+00:00
HFCEGNHHSGSQ5HHW,24,wms:stock_snapshot_sim,2026-09-04T17:12:44.800284+00:00
SHTEBTB8GMQFNPRY,19,wms:stock_snapshot_sim,2026-09-04T17:12:44.800284+00:00
BLBE2GTCQEHHRMC9,12,wms:stock_snapshot_sim,2026-09-04T17:12:44.800284+00:00
TOPEHZRBDNV4JJRW,25,wms:stock_snapshot_sim,2026-09-04T17:12:44.800284+00:00
BBAEDFFKG2F4MZSA,11,wms:stock_snapshot_sim,2026-09-04T17:12:44.800284+00:00
NKCE4EVCXSYXTFCH,2,wms:stock_snapshot_sim,2026-09-04T17:12:44.800284+00:00
CRNEFPYY4NH4XGWP,20,wms:stock_snapshot_sim,2026-09-04T17:12:44.800284+00:00
SHTECG6J69DKZD2K,30,wms:stock_snapshot_sim,2026-09-04T17:12:44.800284+00:00
CAGE8PKGVCNS7JCH,35,wms:stock_snapshot_sim,2026-09-04T17:12:44.800284+00:00
NDNEDPVHSZEJMSGA,26,wms:stock_snapshot_sim,2026-09-04T17:12:44.800284+00:00
TOPEC89ZP7VSJGZK,23,wms:stock_snapshot_sim,2026-09-04T17:12:44.800284+00:00
SHTEDAU6ZHWERKGC,26,wms:stock_snapshot_sim,2026-09-04T17:12:44.800284+00:00
CAGDRJJ3HUNXZPND,27,wms:stock_snapshot_sim,2026-09-04T17:12:44.800284+00:00
CRNEG8D8Z8MCHKRR,29,wms:stock_snapshot_sim,2026-09-04T17:12:44.800284+00:00
DIAEBYZFWTGNBASF,25,wms:stock_snapshot_sim,2026-09-04T17:12:44.800284+00:00
TSHE4SBYYJJTQJMB,22,wms:stock_snapshot_sim,2026-09-04T17:12:44.800284+00:00
BRAEAZEFXGVCTJJN,26,wms:stock_snapshot_sim,2026-09-04T17:12:44.800284+00:00
ACCEGK9TXV3RMMXY,34,wms:stock_snapshot_sim,2026-09-04T17:12:44.800284+00:00
ACCE9Z2HBBAUXRXE,14,wms:stock_snapshot_sim,2026-09-04T17:12:44.800284+00:00
ACCE6GFGHEZSBFYC,37,wms:stock_snapshot_sim,2026-09-04T17:12:44.800284+00:00
PTPEYPK3HFACCKAM,40,wms:stock_snapshot_sim,2026-09-04T17:12:44.800284+00:00
ETHEG2YEBGJT8UG6,30,wms:stock_snapshot_sim,2026-09-04T17:12:44.800284+00:00
NKCE48ZU6EAYFSCM,27,wms:stock_snapshot_sim,2026-09-04T17:12:44.800284+00:00
TOPEDM57CZDENHEG,20,wms:stock_snapshot_sim,2026-09-04T17:12:44.800284+00:00
CRTECN2QX6RSYSRG,10,wms:stock_snapshot_sim,2026-09-04T17:12:44.800284+00:00
BBAEBEYRUHGEARGR,35,wms:stock_snapshot_sim,2026-09-04T17:12:44.800284+00:00
SHOEAP3QYFUR6QQB,20,wms:stock_snapshot_sim,2026-09-04T17:12:44.800284+00:00
ACCEFH5BDGMHHFDT,40,wms:stock_snapshot_sim,2026-09-04T17:12:44.800284+00:00
LJGEB3XBZHF4CNUF,13,wms:stock_snapshot_sim,2026-09-04T17:12:44.800284+00:00
SHOE4RYRMHQ5NAYY,36,wms:stock_snapshot_sim,2026-09-04T17:12:44.800284+00:00
SWTEAFYHVZTBZKHC,25,wms:stock_snapshot_sim,2026-09-04T17:12:44.800284+00:00
ACCE73VFWU9JYKEF,28,wms:stock_snapshot_sim,2026-09-04T17:12:44.800284+00:00
PBXEAKUHBKVYNGEG,29,wms:stock_snapshot_sim,2026-09-04T17:12:44.800284+00:00
SHOEGEV4PTVSQTER,0,wms:stock_snapshot_sim,2026-09-04T17:12:44.800284+00:00
DREE8RTGWJMQSAGS,37,wms:stock_snapshot_sim,2026-09-04T17:12:44.800284+00:00
ACCDZMAPDQKERE8P,18,wms:stock_snapshot_sim,2026-09-04T17:12:44.800284+00:00
TSHE993QZGEZ9HVR,37,wms:stock_snapshot_sim,2026-09-04T17:12:44.800284+00:00
TSHE5NYHHCVJSR4S,26,wms:stock_snapshot_sim,2026-09-04T17:12:44.800284+00:00
SPBE3RJXPR9DZTPT,13,wms:stock_snapshot_sim,2026-09-04T17:12:44.800284+00:00
FABEGC2G3CVZUT5Y,21,wms:stock_snapshot_sim,2026-09-04T17:12:44.800284+00:00
CAHEGE3SQCAEJE4R,9,wms:stock_snapshot_sim,2026-09-04T17:12:44.800284+00:00
BBAE4PWDV2TZ8G8H,32,wms:stock_snapshot_sim,2026-09-04T17:12:44.800284+00:00
BRAEAW9JPQUGRWNB,40,wms:stock_snapshot_sim,2026-09-04T17:12:44.800284+00:00
ACCEGH6QZH3EDXK5,3,wms:stock_snapshot_sim,2026-09-04T17:12:44.800284+00:00
KTAEGFPRCCS46ZMA,5,wms:stock_snapshot_sim,2026-09-04T17:12:44.800284+00:00
CSPE9BQ5UEGGKQBM,0,wms:stock_snapshot_sim,2026-09-04T17:12:44.800284+00:00
TSHE993QZ5W5ZCSG,0,wms:stock_snapshot_sim,2026-09-04T17:12:44.800284+00:00
NKCE7VKYTANNFZ32,4,wms:stock_snapshot_sim,2026-09-04T17:12:44.800284+00:00
NKCDTAXFFDCCGUY4,6,wms:stock_snapshot_sim,2026-09-04T17:12:44.800284+00:00
TOPEDUW4C69H6SGW,23,wms:stock_snapshot_sim,2026-09-04T17:12:44.800284+00:00
SHTEATTVQZYMJDYQ,10,wms:stock_snapshot_sim,2026-09-04T17:12:44.800284+00:00
HAREGHFYAZYMUEWH,20,wms:stock_snapshot_sim,2026-09-04T17:12:44.800284+00:00
SWTECYHHU6Z2QZWT,24,wms:stock_snapshot_sim,2026-09-04T17:12:44.800284+00:00
BBAEE9AQCFCZKJ5C,21,wms:stock_snapshot_sim,2026-09-04T17:12:44.800284+00:00
CTTEH9FXP5DHZWF7,29,wms:stock_snapshot_sim,2026-09-04T17:12:44.800284+00:00
CBKEBFJWGCTVNSVJ,12,wms:stock_snapshot_sim,2026-09-04T17:12:44.800284+00:00
CAGE8TQ8A7TPFYZN,7,wms:stock_snapshot_sim,2026-09-04T17:12:44.800284+00:00
BBAEB9KV5GQZZZYK,11,wms:stock_snapshot_sim,2026-09-04T17:12:44.800284+00:00
TSHEDJXPN4HNT2UP,10,wms:stock_snapshot_sim,2026-09-04T17:12:44.800284+00:00
PTPEFMKUTCGZB5G5,8,wms:stock_snapshot_sim,2026-09-04T17:12:44.800284+00:00
ACCDAHV9MAHKZGZP,40,wms:stock_snapshot_sim,2026-09-04T17:12:44.800284+00:00
ACCE9Z5RZGZGFTXD,36,wms:stock_snapshot_sim,2026-09-04T17:12:44.800284+00:00
VMREGZPQWWGWTXQZ,31,wms:stock_snapshot_sim,2026-09-04T17:12:44.800284+00:00
ACCE9Y6QYKUUS5XR,18,wms:stock_snapshot_sim,2026-09-04T17:12:44.800284+00:00
MUGEBFGY3HVWBKY4,16,wms:stock_snapshot_sim,2026-09-04T17:12:44.800284+00:00
PCSEC86VVCMGRCYE,10,wms:stock_snapshot_sim,2026-09-04T17:12:44.800284+00:00
RTRE2TYN2XUPCEVH,7,wms:stock_snapshot_sim,2026-09-04T17:12:44.800284+00:00
TSHE66CGVGRRYFTF,9,wms:stock_snapshot_sim,2026-09-04T17:12:44.800284+00:00
WATDZNSHJHDTS9GN,31,wms:stock_snapshot_sim,2026-09-04T17:12:44.800284+00:00
SNDEYGKYHFGMBHJS,11,wms:stock_snapshot_sim,2026-09-04T17:12:44.800284+00:00
RNGE9HDFY49RXJSZ,38,wms:stock_snapshot_sim,2026-09-04T17:12:44.800284+00:00
BALEGFXZGSRGJKJY,24,wms:stock_snapshot_sim,2026-09-04T17:12:44.800284+00:00
SHTE6Z7AHX8VZSGS,38,wms:stock_snapshot_sim,2026-09-04T17:12:44.800284+00:00
JWSDZJB8HVH2GXQ7,29,wms:stock_snapshot_sim,2026-09-04T17:12:44.800284+00:00
SKPEJ9GJEASCGYDF,32,wms:stock_snapshot_sim,2026-09-04T17:12:44.800284+00:00
MNKE8ZWFT44GRURB,37,wms:stock_snapshot_sim,2026-09-04T17:12:44.800284+00:00
NKCDYQ3REN9WJEAF,22,wms:stock_snapshot_sim,2026-09-04T17:12:44.800284+00:00
STIEYZ5TJ5HSFPPB,24,wms:stock_snapshot_sim,2026-09-04T17:12:44.800284+00:00
TSHE5QUQAEB5HWYV,0,wms:stock_snapshot_sim,2026-09-04T17:12:44.800284+00:00
SNDECCCGM2TCHBWG,20,wms:stock_snapshot_sim,2026-09-04T17:12:44.800284+00:00
TROEGZUQDD7VPHKP,10,wms:stock_snapshot_sim,2026-09-04T17:12:44.800284+00:00
ACCE4NR3ZTDM2UZX,13,wms:stock_snapshot_sim,2026-09-04T17:12:44.800284+00:00
BRAE9Y5V963WTTNW,21,wms:stock_snapshot_sim,2026-09-04T17:12:44.800284+00:00
ACCDQDYBQ7YH7EF5,6,wms:stock_snapshot_sim,2026-09-04T17:12:44.800284+00:00
PBXEAZTCCAUM8TMT,32,wms:stock_snapshot_sim,2026-09-04T17:12:44.800284+00:00
PADEHZFJGQNSEVKC,0,wms:stock_snapshot_sim,2026-09-04T17:12:44.800284+00:00
BBAEC8AX9GXTD5TN,27,wms:stock_snapshot_sim,2026-09-04T17:12:44.800284+00:00
BLAEDZ9GGZT3GHF5,24,wms:stock_snapshot_sim,2026-09-04T17:12:44.800284+00:00
TSHE9CK2HZBMRAGW,13,wms:stock_snapshot_sim,2026-09-04T17:12:44.800284+00:00
TKPE7KXCAUZY4DGC,34,wms:stock_snapshot_sim,2026-09-04T17:12:44.800284+00:00
BBAE5SXX7RT8ZKWS,2,wms:stock_snapshot_sim,2026-09-04T17:12:44.800284+00:00
JWSDWBPPQH5V6TTC,11,wms:stock_snapshot_sim,2026-09-04T17:12:44.800284+00:00
SUDEHYGURKV9EVVS,0,wms:stock_snapshot_sim,2026-09-04T17:12:44.800284+00:00
ACCEGZ5PGHCDZTNY,20,wms:stock_snapshot_sim,2026-09-04T17:12:44.800284+00:00
SHTE9UGFFKKTYJ7S,28,wms:stock_snapshot_sim,2026-09-04T17:12:44.800284+00:00
VESEGVEMNYBU8DBE,18,wms:stock_snapshot_sim,2026-09-04T17:12:44.800284+00:00
ACCEGR4ZHHMWSMFM,30,wms:stock_snapshot_sim,2026-09-04T17:12:44.800284+00:00
SHOEY7HYSEZJQMMY,22,wms:stock_snapshot_sim,2026-09-04T17:12:44.800284+00:00
TSHE993ZP9QGSJUQ,9,wms:stock_snapshot_sim,2026-09-04T17:12:44.800284+00:00
RNGE7M92AHYVJFTN,40,wms:stock_snapshot_sim,2026-09-04T17:12:44.800284+00:00
PCSED7G5QSRGNGTW,0,wms:stock_snapshot_sim,2026-09-04T17:12:44.800284+00:00
ACCE6SJGW5HSKZGK,20,wms:stock_snapshot_sim,2026-09-04T17:12:44.800284+00:00
SHOE68H54NZM9MG8,31,wms:stock_snapshot_sim,2026-09-04T17:12:44.800284+00:00
BRAEE6YMHGPCFTYJ,3,wms:stock_snapshot_sim,2026-09-04T17:12:44.800284+00:00
NKCEBP8AQZGMMWT9,18,wms:stock_snapshot_sim,2026-09-04T17:12:44.800284+00:00
BRAE8QNFFGWGG5MY,22,wms:stock_snapshot_sim,2026-09-04T17:12:44.800284+00:00
TSHEAQMBMGG9DRPG,33,wms:stock_snapshot_sim,2026-09-04T17:12:44.800284+00:00
JWSDX6UBDXUHRCAZ,28,wms:stock_snapshot_sim,2026-09-04T17:12:44.800284+00:00
PELEG5D2MWCDGZPX,22,wms:stock_snapshot_sim,2026-09-04T17:12:44.800284+00:00
BBADSZKD5VVZXA2K,23,wms:stock_snapshot_sim,2026-09-04T17:12:44.800284+00:00
NKCE49ATNPFHH5N4,36,wms:stock_snapshot_sim,2026-09-04T17:12:44.800284+00:00
MLBEHCAYU8TGRGGJ,19,wms:stock_snapshot_sim,2026-09-04T17:12:44.800284+00:00
ACCE3YFF4D4KYBF4,29,wms:stock_snapshot_sim,2026-09-04T17:12:44.800284+00:00
DREEGZ4CUZH5CATV,6,wms:stock_snapshot_sim,2026-09-04T17:12:44.800284+00:00
SHTEF3VTKZT2FUSG,21,wms:stock_snapshot_sim,2026-09-04T17:12:44.800284+00:00
SHIE2NM4FBBAYP9U,8,wms:stock_snapshot_sim,2026-09-04T17:12:44.800284+00:00
USGEDSKFXUHKEGME,0,wms:stock_snapshot_sim,2026-09-04T17:12:44.800284+00:00
TSHEFJFPZ5FB7HXZ,7,wms:stock_snapshot_sim,2026-09-04T17:12:44.800284+00:00
SHOECB9GB2WDH5RP,12,wms:stock_snapshot_sim,2026-09-04T17:12:44.800284+00:00
BTWE7T3W9VYRKYAF,10,wms:stock_snapshot_sim,2026-09-04T17:12:44.800284+00:00
HFCEGNQBNPDHFAVZ,16,wms:stock_snapshot_sim,2026-09-04T17:12:44.800284+00:00
LACEGF4N3CAXZDKH,5,wms:stock_snapshot_sim,2026-09-04T17:12:44.800284+00:00
RNGE7GVYWRPVS6QA,0,wms:stock_snapshot_sim,2026-09-04T17:12:44.800284+00:00
BBAEDNAEHBHXU3FR,0,wms:stock_snapshot_sim,2026-09-04T17:12:44.800284+00:00
RNGE7M92NZGZSZJQ,40,wms:stock_snapshot_sim,2026-09-04T17:12:44.800284+00:00
BBAEE8975GVQKFAU,0,wms:stock_snapshot_sim,2026-09-04T17:12:44.800284+00:00
SHTEBG36QFJGDXQV,30,wms:stock_snapshot_sim,2026-09-04T17:12:44.800284+00:00
BBAEEAEQTYGWMGZC,22,wms:stock_snapshot_sim,2026-09-04T17:12:44.800284+00:00
CAGE52QHVSB7KTKG,7,wms:stock_snapshot_sim,2026-09-04T17:12:44.800284+00:00
PACEARXTEE2R8CNT,4,wms:stock_snapshot_sim,2026-09-04T17:12:44.800284+00:00
SHIEC8AT4ENZVG72,13,wms:stock_snapshot_sim,2026-09-04T17:12:44.800284+00:00
BRAEDQDFVRGZBEEY,6,wms:stock_snapshot_sim,2026-09-04T17:12:44.800284+00:00
STIEYZ62UCEMEGMV,6,wms:stock_snapshot_sim,2026-09-04T17:12:44.800284+00:00
TSHE9K9GXHXSFWY7,0,wms:stock_snapshot_sim,2026-09-04T17:12:44.800284+00:00
STIE7KFKQB86AJAH,15,wms:stock_snapshot_sim,2026-09-04T17:12:44.800284+00:00
HACEGKHCGRWZURKD,6,wms:stock_snapshot_sim,2026-09-04T17:12:44.800284+00:00
ERGEACF2BQZ8CMGC,34,wms:stock_snapshot_sim,2026-09-04T17:12:44.800284+00:00
PELEGTPGEMCWUGS8,13,wms:stock_snapshot_sim,2026-09-04T17:12:44.800284+00:00
TIEEEAHSK2GGGAEQ,32,wms:stock_snapshot_sim,2026-09-04T17:12:44.800284+00:00
BBAE8HKQYYNN4ZG3,12,wms:stock_snapshot_sim,2026-09-04T17:12:44.800284+00:00
CRTEB774ZFD3FGHQ,38,wms:stock_snapshot_sim,2026-09-04T17:12:44.800284+00:00
TUNEG39HT7DZCGZQ,4,wms:stock_snapshot_sim,2026-09-04T17:12:44.800284+00:00
BBAE9ZGYQD7ZVHZG,33,wms:stock_snapshot_sim,2026-09-04T17:12:44.800284+00:00
TUNE8XCD5NGNPDYJ,0,wms:stock_snapshot_sim,2026-09-04T17:12:44.800284+00:00
LJGE9YJHTJZCQ5VP,13,wms:stock_snapshot_sim,2026-09-04T17:12:44.800284+00:00
BBAE76FZRY4DUGSJ,35,wms:stock_snapshot_sim,2026-09-04T17:12:44.800284+00:00
CCVEFV4XN2TQDQJZ,13,wms:stock_snapshot_sim,2026-09-04T17:12:44.800284+00:00
TSHDUXJ2AUQPGHZT,5,wms:stock_snapshot_sim,2026-09-04T17:12:44.800284+00:00
PKBEGBTRKKHU26YQ,21,wms:stock_snapshot_sim,2026-09-04T17:12:44.800284+00:00
BBAE9TFD2SFE278G,15,wms:stock_snapshot_sim,2026-09-04T17:12:44.800284+00:00
RNGEDNFEZJCFGG86,38,wms:stock_snapshot_sim,2026-09-04T17:12:44.800284+00:00
DREEG7PNZ3WGSFWR,27,wms:stock_snapshot_sim,2026-09-04T17:12:44.800284+00:00
JWSE7RRYXAJHBYJ7,19,wms:stock_snapshot_sim,2026-09-04T17:12:44.800284+00:00
TSHE4SBYZZG2GKDA,17,wms:stock_snapshot_sim,2026-09-04T17:12:44.800284+00:00
SOFEDVYZZMSWQNED,16,wms:stock_snapshot_sim,2026-09-04T17:12:44.800284+00:00
HBLEGH7H48GDRZQP,17,wms:stock_snapshot_sim,2026-09-04T17:12:44.800284+00:00
MUGE5HG8G63YKHFB,11,wms:stock_snapshot_sim,2026-09-04T17:12:44.800284+00:00
WATDNA7SWQ4ECPVS,0,wms:stock_snapshot_sim,2026-09-04T17:12:44.800284+00:00
PCSECTYTDV7DGJ4R,0,wms:stock_snapshot_sim,2026-09-04T17:12:44.800284+00:00
SNDEJMNRQZNK6TSA,4,wms:stock_snapshot_sim,2026-09-04T17:12:44.800284+00:00
SNDEAN42XPSZS7MN,28,wms:stock_snapshot_sim,2026-09-04T17:12:44.800284+00:00
BRAE8GDGSKTVFQZE,0,wms:stock_snapshot_sim,2026-09-04T17:12:44.800284+00:00
HMBEGDYJHYWEPKAS,29,wms:stock_snapshot_sim,2026-09-04T17:12:44.800284+00:00
SHOEC8QG3CV6YYDJ,0,wms:stock_snapshot_sim,2026-09-04T17:12:44.800284+00:00
DREEGU3NMHQZYFWM,6,wms:stock_snapshot_sim,2026-09-04T17:12:44.800284+00:00
SHOEDNVZFZZ9ZK92,24,wms:stock_snapshot_sim,2026-09-04T17:12:44.800284+00:00
NKCE9G2BJ3YUK4WE,39,wms:stock_snapshot_sim,2026-09-04T17:12:44.800284+00:00
NKCEBDYGDGFYNGGY,5,wms:stock_snapshot_sim,2026-09-04T17:12:44.800284+00:00
RNGE8URXBHZUZREY,21,wms:stock_snapshot_sim,2026-09-04T17:12:44.800284+00:00
ACCEGKTS5S53KQVD,31,wms:stock_snapshot_sim,2026-09-04T17:12:44.800284+00:00
SHIE7VFYJHKGMXUR,20,wms:stock_snapshot_sim,2026-09-04T17:12:44.800284+00:00
WCKEGGN2J66F3KAF,21,wms:stock_snapshot_sim,2026-09-04T17:12:44.800284+00:00
NKCE9AZMRYXZFKP7,13,wms:stock_snapshot_sim,2026-09-04T17:12:44.800284+00:00
NKCE7HN9XD8UDKHF,11,wms:stock_snapshot_sim,2026-09-04T17:12:44.800284+00:00
ACCE9DJHVGYY8BD5,0,wms:stock_snapshot_sim,2026-09-04T17:12:44.800284+00:00
PTPE62XBRHPBQDZS,30,wms:stock_snapshot_sim,2026-09-04T17:12:44.800284+00:00
ACCDG38FQQGWYHZD,21,wms:stock_snapshot_sim,2026-09-04T17:12:44.800284+00:00
WATDYQ93UUZYVFQX,26,wms:stock_snapshot_sim,2026-09-04T17:12:44.800284+00:00
AVCEGBFBGFRWJSPS,30,wms:stock_snapshot_sim,2026-09-04T17:12:44.800284+00:00
CPCEGHG364F5SC6A,10,wms:stock_snapshot_sim,2026-09-04T17:12:44.800284+00:00
CRTECN2QXU2DFRMM,25,wms:stock_snapshot_sim,2026-09-04T17:12:44.800284+00:00
IRBEJURJN28BV5UT,2,wms:stock_snapshot_sim,2026-09-04T17:12:44.800284+00:00
SHIE9FMPPPMDUXVZ,21,wms:stock_snapshot_sim,2026-09-04T17:12:44.800284+00:00
WATE6S3AHZXW9GPK,10,wms:stock_snapshot_sim,2026-09-04T17:12:44.800284+00:00
SHTE38MZUZFNQQ5G,1,wms:stock_snapshot_sim,2026-09-04T17:12:44.800284+00:00
STIE6Q5TCMRCR7SU,12,wms:stock_snapshot_sim,2026-09-04T17:12:44.800284+00:00
SOFEDVYZAHXWYTGW,12,wms:stock_snapshot_sim,2026-09-04T17:12:44.800284+00:00
PBXE7WMTBNZDKWWE,2,wms:stock_snapshot_sim,2026-09-04T17:12:44.800284+00:00
BBAEEEZKVPZYTGBW,10,wms:stock_snapshot_sim,2026-09-04T17:12:44.800284+00:00
ACCE4YAHHTZNGUCB,13,wms:stock_snapshot_sim,2026-09-04T17:12:44.800284+00:00
CRTECN2QTQQD8BEH,0,wms:stock_snapshot_sim,2026-09-04T17:12:44.800284+00:00
SHOE3S9B2TDHEQDU,20,wms:stock_snapshot_sim,2026-09-04T17:12:44.800284+00:00
BRAEGJFX4ZCMZHH6,36,wms:stock_snapshot_sim,2026-09-04T17:12:44.800284+00:00
SUDEHYGUSSZGDBRQ,13,wms:stock_snapshot_sim,2026-09-04T17:12:44.800284+00:00
DRPEHGFG2FPKZEBB,32,wms:stock_snapshot_sim,2026-09-04T17:12:44.800284+00:00
AFGEFJSHE2NERYX8,11,wms:stock_snapshot_sim,2026-09-04T17:12:44.800284+00:00
NKCE96SXZGNBFP3J,4,wms:stock_snapshot_sim,2026-09-04T17:12:44.800284+00:00
BLAEFKASM6ZYQ7SW,7,wms:stock_snapshot_sim,2026-09-04T17:12:44.800284+00:00
BTWEBRD4PJUZZ7P6,0,wms:stock_snapshot_sim,2026-09-04T17:12:44.800284+00:00
GLSEHB7RQJFVT6GS,31,wms:stock_snapshot_sim,2026-09-04T17:12:44.800284+00:00
ACCEAHRF2C8HJ3PH,10,wms:stock_snapshot_sim,2026-09-04T17:12:44.800284+00:00
LPBEG9CUAWK3TF33,32,wms:stock_snapshot_sim,2026-09-04T17:12:44.800284+00:00
JCKEC8AVHUPEFF5X,27,wms:stock_snapshot_sim,2026-09-04T17:12:44.800284+00:00
RNGEBKGHZFCSNZWZ,20,wms:stock_snapshot_sim,2026-09-04T17:12:44.800284+00:00
RNGE5SPMSKUXBJBH,22,wms:stock_snapshot_sim,2026-09-04T17:12:44.800284+00:00
ACCE9Y6QHSHZ6NWK,40,wms:stock_snapshot_sim,2026-09-04T17:12:44.800284+00:00
SNDE93UPDQ5TNMZG,8,wms:stock_snapshot_sim,2026-09-04T17:12:44.800284+00:00
STIE7KFGCXTRW8YK,34,wms:stock_snapshot_sim,2026-09-04T17:12:44.800284+00:00
SHOECH8DTDMVKGGS,24,wms:stock_snapshot_sim,2026-09-04T17:12:44.800284+00:00
TOPEG3ZFYPPG9HZM,9,wms:stock_snapshot_sim,2026-09-04T17:12:44.800284+00:00
BBAEDUWFCWY9AGUF,31,wms:stock_snapshot_sim,2026-09-04T17:12:44.800284+00:00
KRTEDSBPDBUPX5GH,0,wms:stock_snapshot_sim,2026-09-04T17:12:44.800284+00:00
TSHE9YDHZDDYKACQ,27,wms:stock_snapshot_sim,2026-09-04T17:12:44.800284+00:00
CBKEBVA8THHJYWRF,21,wms:stock_snapshot_sim,2026-09-04T17:12:44.800284+00:00
PCSE5N9BAHDXCSVB,21,wms:stock_snapshot_sim,2026-09-04T17:12:44.800284+00:00
SRTEHHXG8MUXTGPA,31,wms:stock_snapshot_sim,2026-09-04T17:12:44.800284+00:00
PYJEG25JXPNJBDYW,36,wms:stock_snapshot_sim,2026-09-04T17:12:44.800284+00:00
ACCE9Y6MAQHSJ9ZZ,22,wms:stock_snapshot_sim,2026-09-04T17:12:44.800284+00:00
KTAEG4P2NNNBDRMT,9,wms:stock_snapshot_sim,2026-09-04T17:12:44.800284+00:00
MUGEBJ7XKJDMNXY3,37,wms:stock_snapshot_sim,2026-09-04T17:12:44.800284+00:00
NKCE6UWHJPBKGHZ5,15,wms:stock_snapshot_sim,2026-09-04T17:12:44.800284+00:00
TLPEGUHZHDWZN2QD,40,wms:stock_snapshot_sim,2026-09-04T17:12:44.800284+00:00
ACCDXFFD7H52GCDD,16,wms:stock_snapshot_sim,2026-09-04T17:12:44.800284+00:00
TOPE5PHFZHVEY42Z,31,wms:stock_snapshot_sim,2026-09-04T17:12:44.800284+00:00
TSHE7G27ZZKCTNDF,21,wms:stock_snapshot_sim,2026-09-04T17:12:44.800284+00:00
CLTEHE9FC9GPHNF2,7,wms:stock_snapshot_sim,2026-09-04T17:12:44.800284+00:00
COMEAZ94HWYQTZHZ,10,wms:stock_snapshot_sim,2026-09-04T17:12:44.800284+00:00
NKCEASN6V7MJ482Y,6,wms:stock_snapshot_sim,2026-09-04T17:12:44.800284+00:00
NKCEA5FH4WFEN68W,30,wms:stock_snapshot_sim,2026-09-04T17:12:44.800284+00:00
WATDZ5HGJGTPBEHB,18,wms:stock_snapshot_sim,2026-09-04T17:12:44.800284+00:00
HMBEDCJHGYJA5XFR,0,wms:stock_snapshot_sim,2026-09-04T17:12:44.800284+00:00
BRAECTFYBT6YHYE3,13,wms:stock_snapshot_sim,2026-09-04T17:12:44.800284+00:00
ERGE5FG6ZJRPY7JM,18,wms:stock_snapshot_sim,2026-09-04T17:12:44.800284+00:00
ECMD9YGUDNHZCHZ5,24,wms:stock_snapshot_sim,2026-09-04T17:12:44.800284+00:00
SOFEDVYZXN34ZJZQ,4,wms:stock_snapshot_sim,2026-09-04T17:12:44.800284+00:00
SHTEA572MCFG8YZZ,15,wms:stock_snapshot_sim,2026-09-04T17:12:44.800284+00:00
SGLEGBV4QFHTNHE2,21,wms:stock_snapshot_sim,2026-09-04T17:12:44.800284+00:00
DREEAXE3W4GCYENW,40,wms:stock_snapshot_sim,2026-09-04T17:12:44.800284+00:00
TSHE94UKGAFFG8AH,10,wms:stock_snapshot_sim,2026-09-04T17:12:44.800284+00:00
ACCE9Y6QGXDGPUJH,21,wms:stock_snapshot_sim,2026-09-04T17:12:44.800284+00:00
NKCEAX7HGAK22MYJ,21,wms:stock_snapshot_sim,2026-09-04T17:12:44.800284+00:00
ACCE7NQEW82AW6HY,35,wms:stock_snapshot_sim,2026-09-04T17:12:44.800284+00:00
RNGEC8PZHP2RRXS4,13,wms:stock_snapshot_sim,2026-09-04T17:12:44.800284+00:00
HACEJP42QMUPNAQM,39,wms:stock_snapshot_sim,2026-09-04T17:12:44.800284+00:00
TSHDZCZYY8SU7AGG,19,wms:stock_snapshot_sim,2026-09-04T17:12:44.800284+00:00
DREEDC7THGYTA2JZ,13,wms:stock_snapshot_sim,2026-09-04T17:12:44.800284+00:00
LJGEGJJ3A3YPGNMP,33,wms:stock_snapshot_sim,2026-09-04T17:12:44.800284+00:00
SNDDZK5FHH85BUZN,25,wms:stock_snapshot_sim,2026-09-04T17:12:44.800284+00:00
SHOE7NJSGVYAUEGN,1,wms:stock_snapshot_sim,2026-09-04T17:12:44.800284+00:00
BRAE5F3KHHPXDMUR,14,wms:stock_snapshot_sim,2026-09-04T17:12:44.800284+00:00
TOPEBNGP7UKPXDJD,2,wms:stock_snapshot_sim,2026-09-04T17:12:44.800284+00:00
KLSEGT8ZP5H3XF95,0,wms:stock_snapshot_sim,2026-09-04T17:12:44.800284+00:00
BLAE3GHGTZ94HJSU,27,wms:stock_snapshot_sim,2026-09-04T17:12:44.800284+00:00
KRTEDCQBDWGR6GMJ,0,wms:stock_snapshot_sim,2026-09-04T17:12:44.800284+00:00
RNGE7Z9NKQU2CEVJ,10,wms:stock_snapshot_sim,2026-09-04T17:12:44.800284+00:00
NKCE64Z4UYTTXRWS,25,wms:stock_snapshot_sim,2026-09-04T17:12:44.800284+00:00
ACCE7JHZ5J7GZQUH,39,wms:stock_snapshot_sim,2026-09-04T17:12:44.800284+00:00
WATE26J747RNXYG7,21,wms:stock_snapshot_sim,2026-09-04T17:12:44.800284+00:00
INKEF7WMPUEH9G4V,18,wms:stock_snapshot_sim,2026-09-04T17:12:44.800284+00:00
PYJEJENKGGSEC33V,13,wms:stock_snapshot_sim,2026-09-04T17:12:44.800284+00:00
TSHEGEFHBFVF5QZH,30,wms:stock_snapshot_sim,2026-09-04T17:12:44.800284+00:00
SNRE53FVWSRGRGS7,38,wms:stock_snapshot_sim,2026-09-04T17:12:44.800284+00:00
SHIEBUD95XV2YAGF,2,wms:stock_snapshot_sim,2026-09-04T17:12:44.800284+00:00
RTRDMTEPMWHHPSUS,21,wms:stock_snapshot_sim,2026-09-04T17:12:44.800284+00:00
SHVE93ZPYYZUBBHC,24,wms:stock_snapshot_sim,2026-09-04T17:12:44.800284+00:00
MUGEAGGKZSXJZXBB,25,wms:stock_snapshot_sim,2026-09-04T17:12:44.800284+00:00
HCPEG62NMAA2YRGQ,28,wms:stock_snapshot_sim,2026-09-04T17:12:44.800284+00:00
BRAE7FNDZG77GEZH,26,wms:stock_snapshot_sim,2026-09-04T17:12:44.800284+00:00
CRTECN2QYUWCFPSX,40,wms:stock_snapshot_sim,2026-09-04T17:12:44.800284+00:00
SHIE93YGTRAV6XTW,3,wms:stock_snapshot_sim,2026-09-04T17:12:44.800284+00:00
SNDE6S7NRNHX762T,21,wms:stock_snapshot_sim,2026-09-04T17:12:44.800284+00:00
SUDEGGATCJNJGD9A,37,wms:stock_snapshot_sim,2026-09-04T17:12:44.800284+00:00
CRTECN2QWV4QEM9Z,0,wms:stock_snapshot_sim,2026-09-04T17:12:44.800284+00:00
MUGEACY7ZZFGP7BM,9,wms:stock_snapshot_sim,2026-09-04T17:12:44.800284+00:00
TSHDVZGYGGKYRVXV,5,wms:stock_snapshot_sim,2026-09-04T17:12:44.800284+00:00
AFGEFM63YQH4WHRH,7,wms:stock_snapshot_sim,2026-09-04T17:12:44.800284+00:00
TSHE9EZJVGGGPUP4,16,wms:stock_snapshot_sim,2026-09-04T17:12:44.800284+00:00
NKCE64Z4PHQRV7UG,0,wms:stock_snapshot_sim,2026-09-04T17:12:44.800284+00:00
DREDZZVYZB4V9DGN,23,wms:stock_snapshot_sim,2026-09-04T17:12:44.800284+00:00
ACCEFH5C3W5VFM84,27,wms:stock_snapshot_sim,2026-09-04T17:12:44.800284+00:00
CRTECN2QYG6SNGZE,5,wms:stock_snapshot_sim,2026-09-04T17:12:44.800284+00:00
NKCDS6WDYRB8EAVU,35,wms:stock_snapshot_sim,2026-09-04T17:12:44.800284+00:00
PTPEAPCXUNAJKUHZ,0,wms:stock_snapshot_sim,2026-09-04T17:12:44.800284+00:00
NKCEJRANJCNVFZHM,26,wms:stock_snapshot_sim,2026-09-04T17:12:44.800284+00:00
BRAEDUXKVAPEV9G6,36,wms:stock_snapshot_sim,2026-09-04T17:12:44.800284+00:00
ERGE4JGZH2DZS9WU,14,wms:stock_snapshot_sim,2026-09-04T17:12:44.800284+00:00
JWSEBXZF8JURSWZZ,8,wms:stock_snapshot_sim,2026-09-04T17:12:44.800284+00:00
ACBEA4498A9CBFRX,17,wms:stock_snapshot_sim,2026-09-04T17:12:44.800284+00:00
SWTECW2SGCQGRE5B,4,wms:stock_snapshot_sim,2026-09-04T17:12:44.800284+00:00
ACBEA449EDYHB9ZA,36,wms:stock_snapshot_sim,2026-09-04T17:12:44.800284+00:00
TUNE8X8ZCJX3CJ7K,0,wms:stock_snapshot_sim,2026-09-04T17:12:44.800284+00:00
BLAEDQ27FMZMQCDS,15,wms:stock_snapshot_sim,2026-09-04T17:12:44.800284+00:00
ACCDXFPF4KZFGJEF,3,wms:stock_snapshot_sim,2026-09-04T17:12:44.800284+00:00
BRFEGGQG344GRQQJ,15,wms:stock_snapshot_sim,2026-09-04T17:12:44.800284+00:00
DREE8AQXPWYHDYGR,9,wms:stock_snapshot_sim,2026-09-04T17:12:44.800284+00:00
CRTECN2QTCW9VDKR,21,wms:stock_snapshot_sim,2026-09-04T17:12:44.800284+00:00
SHIE6ZSBHCNYY2CP,26,wms:stock_snapshot_sim,2026-09-04T17:12:44.800284+00:00
TOPEGGA4KWAXGTG7,0,wms:stock_snapshot_sim,2026-09-04T17:12:44.800284+00:00
TSHE7KBMACNCBZFK,32,wms:stock_snapshot_sim,2026-09-04T17:12:44.800284+00:00
USGEEF3QJJ7D7B2B,0,wms:stock_snapshot_sim,2026-09-04T17:12:44.800284+00:00
SHTECYFAT7H4SBGZ,27,wms:stock_snapshot_sim,2026-09-04T17:12:44.800284+00:00
BRAEE6YMWYEU6MYY,3,wms:stock_snapshot_sim,2026-09-04T17:12:44.800284+00:00
TRODSPHZZDRRZGUX,3,wms:stock_snapshot_sim,2026-09-04T17:12:44.800284+00:00
BRAECHF3WZHZBQX2,38,wms:stock_snapshot_sim,2026-09-04T17:12:44.800284+00:00
SCHE4YSTYDQBDYQF,23,wms:stock_snapshot_sim,2026-09-04T17:12:44.800284+00:00
TSHEFJ33H8RXNYRC,38,wms:stock_snapshot_sim,2026-09-04T17:12:44.800284+00:00
NKCE8NX2QRFPAZMM,33,wms:stock_snapshot_sim,2026-09-04T17:12:44.800284+00:00
RTRDFFYG65VG5RWS,11,wms:stock_snapshot_sim,2026-09-04T17:12:44.800284+00:00
ACCEJFPSWXZTJWJ7,10,wms:stock_snapshot_sim,2026-09-04T17:12:44.800284+00:00
SNDEJMK8J2ZEZJKX,40,wms:stock_snapshot_sim,2026-09-04T17:12:44.800284+00:00
ACCE2SXDBTYNYYQ3,36,wms:stock_snapshot_sim,2026-09-04T17:12:44.800284+00:00
TSHEHHHDSKPYGUW2,25,wms:stock_snapshot_sim,2026-09-04T17:12:44.800284+00:00
CRNEDGD2AF33BHNZ,13,wms:stock_snapshot_sim,2026-09-04T17:12:44.800284+00:00
TPMEE6Z2FAWCZZSR,17,wms:stock_snapshot_sim,2026-09-04T17:12:44.800284+00:00
DREEA4DUZHUQASHP,21,wms:stock_snapshot_sim,2026-09-04T17:12:44.800284+00:00
NKCEB98TFGDFKT9G,26,wms:stock_snapshot_sim,2026-09-04T17:12:44.800284+00:00
NKCE9PFFQHU7GTU7,19,wms:stock_snapshot_sim,2026-09-04T17:12:44.800284+00:00
TIEEEYH59522JQ2G,29,wms:stock_snapshot_sim,2026-09-04T17:12:44.800284+00:00
SHOEHYEXVYZRGMGJ,33,wms:stock_snapshot_sim,2026-09-04T17:12:44.800284+00:00
POSEJUACYNRRFWFH,14,wms:stock_snapshot_sim,2026-09-04T17:12:44.800284+00:00
SHIE7VFYMZMDGAEQ,3,wms:stock_snapshot_sim,2026-09-04T17:12:44.800284+00:00
TOPE8QNKRJHBNWNV,7,wms:stock_snapshot_sim,2026-09-04T17:12:44.800284+00:00
NKCE9RCW8ABDHNQM,14,wms:stock_snapshot_sim,2026-09-04T17:12:44.800284+00:00
PENDRVJZVG6FYFTW,37,wms:stock_snapshot_sim,2026-09-04T17:12:44.800284+00:00
ACCEGNVADAYPFTER,20,wms:stock_snapshot_sim,2026-09-04T17:12:44.800284+00:00
JWSEAH9VYCPHEYSH,14,wms:stock_snapshot_sim,2026-09-04T17:12:44.800284+00:00
FABEAAXUJ6T58S7A,20,wms:stock_snapshot_sim,2026-09-04T17:12:44.800284+00:00
SFFEJTPPKYVGEGJH,4,wms:stock_snapshot_sim,2026-09-04T17:12:44.800284+00:00
DSUEAC6SFWFUDRPB,15,wms:stock_snapshot_sim,2026-09-04T17:12:44.800284+00:00
CRTECYY4VY3MU5HR,17,wms:stock_snapshot_sim,2026-09-04T17:12:44.800284+00:00
NKCE5TFVHZDZTAYH,2,wms:stock_snapshot_sim,2026-09-04T17:12:44.800284+00:00
TOPECBAAP9HW5VMH,14,wms:stock_snapshot_sim,2026-09-04T17:12:44.800284+00:00
VESEJBPY3VSTTWDY,22,wms:stock_snapshot_sim,2026-09-04T17:12:44.800284+00:00
BRAEB2S89JZEYYGW,25,wms:stock_snapshot_sim,2026-09-04T17:12:44.800284+00:00
NKCECW7BSTZBHH6R,30,wms:stock_snapshot_sim,2026-09-04T17:12:44.800284+00:00
LINE92U9KGZG25AY,39,wms:stock_snapshot_sim,2026-09-04T17:12:44.800284+00:00
PCSEE4H5QPAW4GHR,32,wms:stock_snapshot_sim,2026-09-04T17:12:44.800284+00:00
DREEBCF89BPFGHGD,39,wms:stock_snapshot_sim,2026-09-04T17:12:44.800284+00:00
TSHEH9F3ZTGNZHYJ,16,wms:stock_snapshot_sim,2026-09-04T17:12:44.800284+00:00
BBAEE9F9UDQGGH3K,0,wms:stock_snapshot_sim,2026-09-04T17:12:44.800284+00:00
SNDEGQ7HHJBEQXAM,1,wms:stock_snapshot_sim,2026-09-04T17:12:44.800284+00:00
WATE9MXPDDFGKUKK,40,wms:stock_snapshot_sim,2026-09-04T17:12:44.800284+00:00
SHOED5DC2GSMQMHU,0,wms:stock_snapshot_sim,2026-09-04T17:12:44.800284+00:00
SHTE7MYZPX4RBTSZ,0,wms:stock_snapshot_sim,2026-09-04T17:12:44.800284+00:00
TSHEB78WDT9ZZFUS,1,wms:stock_snapshot_sim,2026-09-04T17:12:44.800284+00:00
WATEHVHJMDH9ME88,25,wms:stock_snapshot_sim,2026-09-04T17:12:44.800284+00:00
NKCE9PFFNHUK8AZD,11,wms:stock_snapshot_sim,2026-09-04T17:12:44.800284+00:00
TSHEF3Z3HYERHY5W,0,wms:stock_snapshot_sim,2026-09-04T17:12:44.800284+00:00
WATE8E8PCQJAQNAP,13,wms:stock_snapshot_sim,2026-09-04T17:12:44.800284+00:00
KRTE6TC8JFHYB6GH,24,wms:stock_snapshot_sim,2026-09-04T17:12:44.800284+00:00
SNDECHZFERU9ENEW,0,wms:stock_snapshot_sim,2026-09-04T17:12:44.800284+00:00
CAGE6FYKQHFNZZ4K,2,wms:stock_snapshot_sim,2026-09-04T17:12:44.800284+00:00
ETHEGBVP9VHFZD7R,3,wms:stock_snapshot_sim,2026-09-04T17:12:44.800284+00:00
TOPE8DPRUWZRK9WM,20,wms:stock_snapshot_sim,2026-09-04T17:12:44.800284+00:00
NKCE7MMGJSVN3J2W,30,wms:stock_snapshot_sim,2026-09-04T17:12:44.800284+00:00
ACCEGCAVP2NZEETM,14,wms:stock_snapshot_sim,2026-09-04T17:12:44.800284+00:00
BBAEGFCTGA8BCDTA,2,wms:stock_snapshot_sim,2026-09-04T17:12:44.800284+00:00
NKCE9GY4HKPNJVXD,31,wms:stock_snapshot_sim,2026-09-04T17:12:44.800284+00:00
DEOEG73YYY6XKA5H,8,wms:stock_snapshot_sim,2026-09-04T17:12:44.800284+00:00
VSKEGCZEGAUNNNWR,0,wms:stock_snapshot_sim,2026-09-04T17:12:44.800284+00:00
RNGEDAKDDTWVKUEZ,38,wms:stock_snapshot_sim,2026-09-04T17:12:44.800284+00:00
TSHE6KZZQ7BGSSQE,18,wms:stock_snapshot_sim,2026-09-04T17:12:44.800284+00:00
SHTE7HGFX3VAYKZ8,37,wms:stock_snapshot_sim,2026-09-04T17:12:44.800284+00:00
JWSEEBGDSHCAEQQF,10,wms:stock_snapshot_sim,2026-09-04T17:12:44.800284+00:00
CAGE5HPCQHDXS9XR,26,wms:stock_snapshot_sim,2026-09-04T17:12:44.800284+00:00
DREE9EHEWXZYSCDU,2,wms:stock_snapshot_sim,2026-09-04T17:12:44.800284+00:00
RNGE7M925Z3VHYYC,0,wms:stock_snapshot_sim,2026-09-04T17:12:44.800284+00:00
BBAE7DPRYDNBTNEB,30,wms:stock_snapshot_sim,2026-09-04T17:12:44.800284+00:00
PTGEGUZFRVHMXTFH,1,wms:stock_snapshot_sim,2026-09-04T17:12:44.800284+00:00
DSTEJJ8UFYUTSZ3F,3,wms:stock_snapshot_sim,2026-09-04T17:12:44.800284+00:00
BRAE5VAWXNJUNHHH,18,wms:stock_snapshot_sim,2026-09-04T17:12:44.800284+00:00
CRNEE84JTCWGADGY,31,wms:stock_snapshot_sim,2026-09-04T17:12:44.800284+00:00
STIE9F5UMVHFJKCG,18,wms:stock_snapshot_sim,2026-09-04T17:12:44.800284+00:00
SNDE3NWJCPNHJZGZ,0,wms:stock_snapshot_sim,2026-09-04T17:12:44.800284+00:00
NKCE8RB5PMVBAG7W,13,wms:stock_snapshot_sim,2026-09-04T17:12:44.800284+00:00
BRAEBCY3ZGPMZFVG,29,wms:stock_snapshot_sim,2026-09-04T17:12:44.800284+00:00
DREE6D3EYQGBEMPR,3,wms:stock_snapshot_sim,2026-09-04T17:12:44.800284+00:00
TSHE9KFZHUFGPHJE,28,wms:stock_snapshot_sim,2026-09-04T17:12:44.800284+00:00
NKCE34THCPW5V7FV,32,wms:stock_snapshot_sim,2026-09-04T17:12:44.800284+00:00
SWSE9ZHPG5FTCYSY,4,wms:stock_snapshot_sim,2026-09-04T17:12:44.800284+00:00
RNGE8TQ9ZEJC2V8X,6,wms:stock_snapshot_sim,2026-09-04T17:12:44.800284+00:00
RNGEDAK8ZM9PHZNW,30,wms:stock_snapshot_sim,2026-09-04T17:12:44.800284+00:00
TOPE7W4CHR6HNEHM,35,wms:stock_snapshot_sim,2026-09-04T17:12:44.800284+00:00
BRAEDZA3NRVADE2H,24,wms:stock_snapshot_sim,2026-09-04T17:12:44.800284+00:00
PANEGUAUARDHTN9D,35,wms:stock_snapshot_sim,2026-09-04T17:12:44.800284+00:00
WATE26J7MSP5GPSY,23,wms:stock_snapshot_sim,2026-09-04T17:12:44.800284+00:00
PBXEBHJDYTYCFFNB,38,wms:stock_snapshot_sim,2026-09-04T17:12:44.800284+00:00
NKCEAPCYJZYZXDKZ,30,wms:stock_snapshot_sim,2026-09-04T17:12:44.800284+00:00
JCKEDGHEZPXRVFAH,19,wms:stock_snapshot_sim,2026-09-04T17:12:44.800284+00:00
MUGECEVF5ZYJRXMM,32,wms:stock_snapshot_sim,2026-09-04T17:12:44.800284+00:00
RTRD3849TERR75YB,27,wms:stock_snapshot_sim,2026-09-04T17:12:44.800284+00:00
ACCDXH5JGXMTZFTZ,28,wms:stock_snapshot_sim,2026-09-04T17:12:44.800284+00:00
ACCEA4BE9VZGJTE2,0,wms:stock_snapshot_sim,2026-09-04T17:12:44.800284+00:00
FRAEGWYADDXUXCZY,9,wms:stock_snapshot_sim,2026-09-04T17:12:44.800284+00:00
WATEE853EXXZWFGD,23,wms:stock_snapshot_sim,2026-09-04T17:12:44.800284+00:00
NKCDXHWZHPXRF28E,29,wms:stock_snapshot_sim,2026-09-04T17:12:44.800284+00:00
CDBECKGD48GHQNQK,11,wms:stock_snapshot_sim,2026-09-04T17:12:44.800284+00:00
GLSEHEHRX2AEPMY4,22,wms:stock_snapshot_sim,2026-09-04T17:12:44.800284+00:00
WATE7VE2D62VEKW8,10,wms:stock_snapshot_sim,2026-09-04T17:12:44.800284+00:00
KRTE92H8GPYRZHVD,35,wms:stock_snapshot_sim,2026-09-04T17:12:44.800284+00:00
STIE7VAYKHMKHKGN,11,wms:stock_snapshot_sim,2026-09-04T17:12:44.800284+00:00
DREEYPKZ9VUXAGYU,37,wms:stock_snapshot_sim,2026-09-04T17:12:44.800284+00:00
SHIE9ZYZQBKZQMWD,14,wms:stock_snapshot_sim,2026-09-04T17:12:44.800284+00:00
TSHE7KBHSZGHUHHE,26,wms:stock_snapshot_sim,2026-09-04T17:12:44.800284+00:00
TOPE99DTCKGQKZDH,0,wms:stock_snapshot_sim,2026-09-04T17:12:44.800284+00:00
USGEDX24BCNC63FE,8,wms:stock_snapshot_sim,2026-09-04T17:12:44.800284+00:00
BTWEDFCPBQ6FNNGB,35,wms:stock_snapshot_sim,2026-09-04T17:12:44.800284+00:00
ECOEFYFBTDEB4ZFU,0,wms:stock_snapshot_sim,2026-09-04T17:12:44.800284+00:00
LJGE9YD3WZPRNQ4E,1,wms:stock_snapshot_sim,2026-09-04T17:12:44.800284+00:00
CRTECN2QZNJG3SGV,36,wms:stock_snapshot_sim,2026-09-04T17:12:44.800284+00:00
DREEAY5YCZ3WYSMD,11,wms:stock_snapshot_sim,2026-09-04T17:12:44.800284+00:00
RNGE9B79AGXBZW2F,22,wms:stock_snapshot_sim,2026-09-04T17:12:44.800284+00:00
DREE7NMEMZRGT9DM,21,wms:stock_snapshot_sim,2026-09-04T17:12:44.800284+00:00
MATEGX23XSZHD9VK,24,wms:stock_snapshot_sim,2026-09-04T17:12:44.800284+00:00
NKCE72Y8YMHGMTV5,26,wms:stock_snapshot_sim,2026-09-04T17:12:44.800284+00:00
NDNEGCSHMXV2NY4Q,26,wms:stock_snapshot_sim,2026-09-04T17:12:44.800284+00:00
BTWE7FMNQWFFKUFT,23,wms:stock_snapshot_sim,2026-09-04T17:12:44.800284+00:00
CBREJCGU2F9PZCFH,7,wms:stock_snapshot_sim,2026-09-04T17:12:44.800284+00:00
RNGEBQZRZSJHG9ZE,30,wms:stock_snapshot_sim,2026-09-04T17:12:44.800284+00:00
RNGEA8Z5PHCTUKFF,13,wms:stock_snapshot_sim,2026-09-04T17:12:44.800284+00:00
SHTEBFDATZQGEAKG,33,wms:stock_snapshot_sim,2026-09-04T17:12:44.800284+00:00
STIEYZ5TM4X5E6X9,32,wms:stock_snapshot_sim,2026-09-04T17:12:44.800284+00:00
NKCE8Z6B7TYMEZVZ,5,wms:stock_snapshot_sim,2026-09-04T17:12:44.800284+00:00
BRAEBADVXZ2HFJC8,20,wms:stock_snapshot_sim,2026-09-04T17:12:44.800284+00:00
BRAEGJFXYTH2MG98,26,wms:stock_snapshot_sim,2026-09-04T17:12:44.800284+00:00
NKCECHHZSUD4KNZF,14,wms:stock_snapshot_sim,2026-09-04T17:12:44.800284+00:00
SKTEC88DXZARGU8N,7,wms:stock_snapshot_sim,2026-09-04T17:12:44.800284+00:00
PCSE5VQ3FBAPKERB,13,wms:stock_snapshot_sim,2026-09-04T17:12:44.800284+00:00
BRAEB2S8TG98KYGJ,0,wms:stock_snapshot_sim,2026-09-04T17:12:44.800284+00:00
SBEEH3QGU7MFYJFY,0,wms:stock_snapshot_sim,2026-09-04T17:12:44.800284+00:00
BBAEBTRWQGXX6GCF,12,wms:stock_snapshot_sim,2026-09-04T17:12:44.800284+00:00
FABE92NVNY884KUZ,5,wms:stock_snapshot_sim,2026-09-04T17:12:44.800284+00:00
WCKEDVH6WZBMEKHN,0,wms:stock_snapshot_sim,2026-09-04T17:12:44.800284+00:00
WATE8H95AJHGJWGY,8,wms:stock_snapshot_sim,2026-09-04T17:12:44.800284+00:00
SHOEEQNJETZKM4PZ,23,wms:stock_snapshot_sim,2026-09-04T17:12:44.800284+00:00
DRPEHYHG9YYHD2HH,1,wms:stock_snapshot_sim,2026-09-04T17:12:44.800284+00:00
NKCEJTV9DHZJTJYY,20,wms:stock_snapshot_sim,2026-09-04T17:12:44.800284+00:00
ACCDXFAJ8NGKEQ5A,24,wms:stock_snapshot_sim,2026-09-04T17:12:44.800284+00:00
NKCE5EHJRGWCKXHR,28,wms:stock_snapshot_sim,2026-09-04T17:12:44.800284+00:00
PBXECYF3YHWYG4UN,31,wms:stock_snapshot_sim,2026-09-04T17:12:44.800284+00:00
MUGE8VY8HZAM3ZRK,38,wms:stock_snapshot_sim,2026-09-04T17:12:44.800284+00:00
SHOEC88MHGKHKJHQ,0,wms:stock_snapshot_sim,2026-09-04T17:12:44.800284+00:00
ACCDY6GYCSJ2UTHY,3,wms:stock_snapshot_sim,2026-09-04T17:12:44.800284+00:00
WATEJAE8DFSKJDQE,23,wms:stock_snapshot_sim,2026-09-04T17:12:44.800284+00:00
NKCEAPCWHHHAJHMT,0,wms:stock_snapshot_sim,2026-09-04T17:12:44.800284+00:00
ACCDVHJZVETHWJAE,25,wms:stock_snapshot_sim,2026-09-04T17:12:44.800284+00:00
DREE978EXDA4XHRY,7,wms:stock_snapshot_sim,2026-09-04T17:12:44.800284+00:00
SHOE4CJXZ28HE7EH,38,wms:stock_snapshot_sim,2026-09-04T17:12:44.800284+00:00
TOPE9QQC8FQCKATQ,23,wms:stock_snapshot_sim,2026-09-04T17:12:44.800284+00:00
CRTECN2QVMHWASTG,32,wms:stock_snapshot_sim,2026-09-04T17:12:44.800284+00:00
TSHEDHZWTCXSFSVS,25,wms:stock_snapshot_sim,2026-09-04T17:12:44.800284+00:00
VAREJGRESXVGASMN,0,wms:stock_snapshot_sim,2026-09-04T17:12:44.800284+00:00
BRAE3P8YB385MSKN,6,wms:stock_snapshot_sim,2026-09-04T17:12:44.800284+00:00
SKIEFFYZZXYJKT3Z,35,wms:stock_snapshot_sim,2026-09-04T17:12:44.800284+00:00
WATDP5NHXYENPWQW,0,wms:stock_snapshot_sim,2026-09-04T17:12:44.800284+00:00
PCSE76X4K44HZ5YY,7,wms:stock_snapshot_sim,2026-09-04T17:12:44.800284+00:00
RNGEDAKEXFZHV4GU,22,wms:stock_snapshot_sim,2026-09-04T17:12:44.800284+00:00
SHOEBQ36GHBZEYHY,31,wms:stock_snapshot_sim,2026-09-04T17:12:44.800284+00:00
TSHEHHHDT9ZHZGH7,0,wms:stock_snapshot_sim,2026-09-04T17:12:44.800284+00:00
BRAEDQEETE3Y2CZJ,29,wms:stock_snapshot_sim,2026-09-04T17:12:44.800284+00:00
LJGEYFMRM5YFDPZN,27,wms:stock_snapshot_sim,2026-09-04T17:12:44.800284+00:00
STIE8YSWM4FXPEGF,0,wms:stock_snapshot_sim,2026-09-04T17:12:44.800284+00:00
BBAEA8VKYEPMBYAR,38,wms:stock_snapshot_sim,2026-09-04T17:12:44.800284+00:00
CRTECN2QURQHDFH3,2,wms:stock_snapshot_sim,2026-09-04T17:12:44.800284+00:00
KRTEFG6MGMW4FQXF,29,wms:stock_snapshot_sim,2026-09-04T17:12:44.800284+00:00
TSHE8HWMFHUCGF9P,0,wms:stock_snapshot_sim,2026-09-04T17:12:44.800284+00:00
PTGEGUZFYXKZ5HVT,18,wms:stock_snapshot_sim,2026-09-04T17:12:44.800284+00:00
PBXE6FYZSHDUEZPZ,25,wms:stock_snapshot_sim,2026-09-04T17:12:44.800284+00:00
BBADWZZD2H57J7FW,35,wms:stock_snapshot_sim,2026-09-04T17:12:44.800284+00:00
SGLEGBV8VZ4QSREY,4,wms:stock_snapshot_sim,2026-09-04T17:12:44.800284+00:00
PENDDM4QZXWDD8AX,8,wms:stock_snapshot_sim,2026-09-04T17:12:44.800284+00:00
TSHE993RZHBYAFD9,32,wms:stock_snapshot_sim,2026-09-04T17:12:44.800284+00:00
ACCDVFK6MPE6DSHH,29,wms:stock_snapshot_sim,2026-09-04T17:12:44.800284+00:00
BBAEGG6EZGVG7XZC,11,wms:stock_snapshot_sim,2026-09-04T17:12:44.800284+00:00
SNDEJTZYMNA2YHYY,0,wms:stock_snapshot_sim,2026-09-04T17:12:44.800284+00:00
HOFEYQZPKEMRTVHH,28,wms:stock_snapshot_sim,2026-09-04T17:12:44.800284+00:00
BRAE7SQFYUNRAHH5,10,wms:stock_snapshot_sim,2026-09-04T17:12:44.800284+00:00
ERGE8E8NXYT5QZXK,5,wms:stock_snapshot_sim,2026-09-04T17:12:44.800284+00:00
SHOEFHKHHVGZQ9FY,32,wms:stock_snapshot_sim,2026-09-04T17:12:44.800284+00:00
ACCE2X5HEHGF9XYA,25,wms:stock_snapshot_sim,2026-09-04T17:12:44.800284+00:00
DREECR3HFXYFPHD4,12,wms:stock_snapshot_sim,2026-09-04T17:12:44.800284+00:00
ACBECFGT5ZWMXAVZ,3,wms:stock_snapshot_sim,2026-09-04T17:12:44.800284+00:00
NKCEGGEKZXHG2ZGN,15,wms:stock_snapshot_sim,2026-09-04T17:12:44.800284+00:00
SWTEE995HZE9WRTM,38,wms:stock_snapshot_sim,2026-09-04T17:12:44.800284+00:00
BCHEF5ZYFHDCSVRN,15,wms:stock_snapshot_sim,2026-09-04T17:12:44.800284+00:00
FABE8VTWXSASGFDH,8,wms:stock_snapshot_sim,2026-09-04T17:12:44.800284+00:00
ACCEHPWEJZG9FR8M,9,wms:stock_snapshot_sim,2026-09-04T17:12:44.800284+00:00
ARPEG54NHHJDT9FZ,39,wms:stock_snapshot_sim,2026-09-04T17:12:44.800284+00:00
CPCE2ZMDKPBBNGZT,29,wms:stock_snapshot_sim,2026-09-04T17:12:44.800284+00:00
ACCE6DZC6Y5ZYCZ7,28,wms:stock_snapshot_sim,2026-09-04T17:12:44.800284+00:00
OFSEGVPGRDA3D8SM,0,wms:stock_snapshot_sim,2026-09-04T17:12:44.800284+00:00
WATE3FAGH3DKJSFC,24,wms:stock_snapshot_sim,2026-09-04T17:12:44.800284+00:00
BRAEFDMGHGNN3RQP,7,wms:stock_snapshot_sim,2026-09-04T17:12:44.800284+00:00
SNDEFGEAF4GRHHX8,3,wms:stock_snapshot_sim,2026-09-04T17:12:44.800284+00:00
MUGECEVF4WG8JSZ9,36,wms:stock_snapshot_sim,2026-09-04T17:12:44.800284+00:00
BBAEE2NFRUJJAEA7,5,wms:stock_snapshot_sim,2026-09-04T17:12:44.800284+00:00
TSHEHU5RW2VDGFKZ,0,wms:stock_snapshot_sim,2026-09-04T17:12:44.800284+00:00
TSHE7FMPS7RT2PRY,23,wms:stock_snapshot_sim,2026-09-04T17:12:44.800284+00:00
RNGDTBQSME354KFA,33,wms:stock_snapshot_sim,2026-09-04T17:12:44.800284+00:00
WCKE56UCYZGEMGEH,9,wms:stock_snapshot_sim,2026-09-04T17:12:44.800284+00:00
HOFEDRD3TAHUZEHG,11,wms:stock_snapshot_sim,2026-09-04T17:12:44.800284+00:00
SHODF2C2WGTMVQFZ,0,wms:stock_snapshot_sim,2026-09-04T17:12:44.800284+00:00
BRAE6ZCHAHQE5HD9,13,wms:stock_snapshot_sim,2026-09-04T17:12:44.800284+00:00
TOPE7JZU5WZZVYDT,35,wms:stock_snapshot_sim,2026-09-04T17:12:44.800284+00:00
ACCE9DJKRYYFFZHU,17,wms:stock_snapshot_sim,2026-09-04T17:12:44.800284+00:00
SWSEFUNK9Z2WKVCA,12,wms:stock_snapshot_sim,2026-09-04T17:12:44.800284+00:00
RTRD8FPJQUFYZAPJ,8,wms:stock_snapshot_sim,2026-09-04T17:12:44.800284+00:00
NKCE88AH5FPZNKKT,15,wms:stock_snapshot_sim,2026-09-04T17:12:44.800284+00:00
MSKEGUQETUG66GYC,20,wms:stock_snapshot_sim,2026-09-04T17:12:44.800284+00:00
PBXE9242JZFTYT28,26,wms:stock_snapshot_sim,2026-09-04T17:12:44.800284+00:00
RTRD6FYY9KH3BBGZ,0,wms:stock_snapshot_sim,2026-09-04T17:12:44.800284+00:00
ACCEA4C9YHBYRYRK,0,wms:stock_snapshot_sim,2026-09-04T17:12:44.800284+00:00
BRAE825JNJFFJYSU,8,wms:stock_snapshot_sim,2026-09-04T17:12:44.800284+00:00
ACCEGQY5WKZGDDZD,18,wms:stock_snapshot_sim,2026-09-04T17:12:44.800284+00:00
SHOE2PQ4TFG9X8GF,1,wms:stock_snapshot_sim,2026-09-04T17:12:44.800284+00:00
RNGEC9RHPFCGF43U,9,wms:stock_snapshot_sim,2026-09-04T17:12:44.800284+00:00
TOPECYENWHHDGFCH,16,wms:stock_snapshot_sim,2026-09-04T17:12:44.800284+00:00
PBXE92G5YEA7JAHZ,14,wms:stock_snapshot_sim,2026-09-04T17:12:44.800284+00:00
TOPECUZYVBVQ3FEZ,31,wms:stock_snapshot_sim,2026-09-04T17:12:44.800284+00:00
BRAEDTPHWGSGJY6C,14,wms:stock_snapshot_sim,2026-09-04T17:12:44.800284+00:00
RTRD6FYY7B26SHXC,0,wms:stock_snapshot_sim,2026-09-04T17:12:44.800284+00:00
ETHEGDRCZHGFREBW,35,wms:stock_snapshot_sim,2026-09-04T17:12:44.800284+00:00
PYJEH24XGHWTJTZA,5,wms:stock_snapshot_sim,2026-09-04T17:12:44.800284+00:00
BRFEJYHNGYSX9T9D,9,wms:stock_snapshot_sim,2026-09-04T17:12:44.800284+00:00
SWTEBYZGPBJESZ7R,10,wms:stock_snapshot_sim,2026-09-04T17:12:44.800284+00:00
SHOE7FC8SKGXN3YZ,5,wms:stock_snapshot_sim,2026-09-04T17:12:44.800284+00:00
SHTEAJ5ZRY4QEJ6G,5,wms:stock_snapshot_sim,2026-09-04T17:12:44.800284+00:00
RNGE7M92H9QHRKEX,16,wms:stock_snapshot_sim,2026-09-04T17:12:44.800284+00:00
NKCE6GJ5VD6BFU7X,27,wms:stock_snapshot_sim,2026-09-04T17:12:44.800284+00:00
CRTECN2QTNHHPAZ5,24,wms:stock_snapshot_sim,2026-09-04T17:12:44.800284+00:00
JCKEEB5YX5Q8HYBM,17,wms:stock_snapshot_sim,2026-09-04T17:12:44.800284+00:00
WATE8BTE58AGYHNX,28,wms:stock_snapshot_sim,2026-09-04T17:12:44.800284+00:00
ACCDWJFYSJSH6X4Q,0,wms:stock_snapshot_sim,2026-09-04T17:12:44.800284+00:00
RNGEDAKBZKH7AWJQ,26,wms:stock_snapshot_sim,2026-09-04T17:12:44.800284+00:00
RNGEDAQDHZPJHK73,0,wms:stock_snapshot_sim,2026-09-04T17:12:44.800284+00:00
BBAEC897YCBZPV8H,24,wms:stock_snapshot_sim,2026-09-04T17:12:44.800284+00:00
BDSEGZCEKFVE5WXY,39,wms:stock_snapshot_sim,2026-09-04T17:12:44.800284+00:00
DREE2SZ4GMNSCZCM,15,wms:stock_snapshot_sim,2026-09-04T17:12:44.800284+00:00
TSHEGHHNH8AEGG7V,9,wms:stock_snapshot_sim,2026-09-04T17:12:44.800284+00:00
CBKEHRSHVFGZ7FVQ,33,wms:stock_snapshot_sim,2026-09-04T17:12:44.800284+00:00
BRAEFR6JZ6TD2JMY,11,wms:stock_snapshot_sim,2026-09-04T17:12:44.800284+00:00
SHIDZ3SWEEKCJ8PM,34,wms:stock_snapshot_sim,2026-09-04T17:12:44.800284+00:00
BBAEAN9S4XKMAHZB,5,wms:stock_snapshot_sim,2026-09-04T17:12:44.800284+00:00
BBAE9VRNJXQDTTRM,2,wms:stock_snapshot_sim,2026-09-04T17:12:44.800284+00:00
RTREFWYNH9RGDCQK,36,wms:stock_snapshot_sim,2026-09-04T17:12:44.800284+00:00
SNDEGQ7M7EHGY3SG,0,wms:stock_snapshot_sim,2026-09-04T17:12:44.800284+00:00
PTGEGUZHKTTY5BKJ,10,wms:stock_snapshot_sim,2026-09-04T17:12:44.800284+00:00
SNDECMAYWVGGDCUF,3,wms:stock_snapshot_sim,2026-09-04T17:12:44.800284+00:00
SNDEGSM3QGRYFPCD,26,wms:stock_snapshot_sim,2026-09-04T17:12:44.800284+00:00
BBAE7DBHPEGVHFZX,22,wms:stock_snapshot_sim,2026-09-04T17:12:44.800284+00:00
TSHEFJFZCGXRYC9X,35,wms:stock_snapshot_sim,2026-09-04T17:12:44.800284+00:00
BRAEBBMQZUG8NQ9N,20,wms:stock_snapshot_sim,2026-09-04T17:12:44.800284+00:00
TMLED7GYWDRPJEHQ,31,wms:stock_snapshot_sim,2026-09-04T17:12:44.800284+00:00
DREEGZ7RCCF3ECJG,25,wms:stock_snapshot_sim,2026-09-04T17:12:44.800284+00:00
PBXEBQGMBP2VJTSQ,38,wms:stock_snapshot_sim,2026-09-04T17:12:44.800284+00:00
DREE3KKWWM9FZD8U,39,wms:stock_snapshot_sim,2026-09-04T17:12:44.800284+00:00
MNGEJQYUARJXF9EC,37,wms:stock_snapshot_sim,2026-09-04T17:12:44.800284+00:00
NKCE6KGHUEVNGVZJ,22,wms:stock_snapshot_sim,2026-09-04T17:12:44.800284+00:00
GSPEGXZ3YB3YBR95,0,wms:stock_snapshot_sim,2026-09-04T17:12:44.800284+00:00
SHTE6YVVZAUUCUKP,22,wms:stock_snapshot_sim,2026-09-04T17:12:44.800284+00:00
RCLEJFTMA5ZFSSEU,40,wms:stock_snapshot_sim,2026-09-04T17:12:44.800284+00:00
BRAE2M4QWF2FVMH5,17,wms:stock_snapshot_sim,2026-09-04T17:12:44.800284+00:00
MUGEBFGFHNSEBGMC,18,wms:stock_snapshot_sim,2026-09-04T17:12:44.800284+00:00
HMBEJJ5GZDSPV69C,39,wms:stock_snapshot_sim,2026-09-04T17:12:44.800284+00:00
ACCEFABMRTNCSHJ8,21,wms:stock_snapshot_sim,2026-09-04T17:12:44.800284+00:00
SHTEBY72FGKPYBRU,21,wms:stock_snapshot_sim,2026-09-04T17:12:44.800284+00:00
NKCEANMPATURDMHV,37,wms:stock_snapshot_sim,2026-09-04T17:12:44.800284+00:00
LJGEG6UDW2EBZQQ2,20,wms:stock_snapshot_sim,2026-09-04T17:12:44.800284+00:00
WCKE26PFQHKXRHZS,22,wms:stock_snapshot_sim,2026-09-04T17:12:44.800284+00:00
TOPEDF95XZC3KRYV,27,wms:stock_snapshot_sim,2026-09-04T17:12:44.800284+00:00
ACCE9YWXVFTHQHJ2,39,wms:stock_snapshot_sim,2026-09-04T17:12:44.800284+00:00
RTRE93J4UYHVQAKG,13,wms:stock_snapshot_sim,2026-09-04T17:12:44.800284+00:00
PACEAYZANXQFKGZ3,9,wms:stock_snapshot_sim,2026-09-04T17:12:44.800284+00:00
SHOEYGK5AYYBVXKH,19,wms:stock_snapshot_sim,2026-09-04T17:12:44.800284+00:00
DREEFJ44SMEHZZFV,24,wms:stock_snapshot_sim,2026-09-04T17:12:44.800284+00:00
CAGE6DFWETTR4MUU,36,wms:stock_snapshot_sim,2026-09-04T17:12:44.800284+00:00
BCHEGFZ8GFKHF75R,30,wms:stock_snapshot_sim,2026-09-04T17:12:44.800284+00:00
CRNEGE2TRGCGCD6J,12,wms:stock_snapshot_sim,2026-09-04T17:12:44.800284+00:00
SHIEBCZQNHTSFPJG,19,wms:stock_snapshot_sim,2026-09-04T17:12:44.800284+00:00
LSKE9RHNFSDTF7D2,14,wms:stock_snapshot_sim,2026-09-04T17:12:44.800284+00:00
SHOEJ9CTF3KHJD5N,22,wms:stock_snapshot_sim,2026-09-04T17:12:44.800284+00:00
RNGEDAPSYR5YHGZG,32,wms:stock_snapshot_sim,2026-09-04T17:12:44.800284+00:00
ACCE6GFCFEUGCKH9,26,wms:stock_snapshot_sim,2026-09-04T17:12:44.800284+00:00
SHOEJF5G5NAZ4EMG,18,wms:stock_snapshot_sim,2026-09-04T17:12:44.800284+00:00
LACEGEZBUKFAFH2E,30,wms:stock_snapshot_sim,2026-09-04T17:12:44.800284+00:00
ACCDXB99PB5Z6E8H,10,wms:stock_snapshot_sim,2026-09-04T17:12:44.800284+00:00
SNDEJGYFP2AT3FMH,5,wms:stock_snapshot_sim,2026-09-04T17:12:44.800284+00:00
DREEBBWDWEFTZQB7,25,wms:stock_snapshot_sim,2026-09-04T17:12:44.800284+00:00
ACCDVHJPEVANMBVC,26,wms:stock_snapshot_sim,2026-09-04T17:12:44.800284+00:00
KRTEBFRQVB9NCSSH,0,wms:stock_snapshot_sim,2026-09-04T17:12:44.800284+00:00
BCHEGFZ82BDJGWV7,17,wms:stock_snapshot_sim,2026-09-04T17:12:44.800284+00:00
SWDEJXHBHWTUXCXS,30,wms:stock_snapshot_sim,2026-09-04T17:12:44.800284+00:00
SWSEHUF9PRYCHNQF,36,wms:stock_snapshot_sim,2026-09-04T17:12:44.800284+00:00
CAGDY6GGGVXY9ZGS,18,wms:stock_snapshot_sim,2026-09-04T17:12:44.800284+00:00
STIE9F5UZZHYBAWY,27,wms:stock_snapshot_sim,2026-09-04T17:12:44.800284+00:00
SHTE3HGETNXH7HDB,4,wms:stock_snapshot_sim,2026-09-04T17:12:44.800284+00:00
TOPEEEPVFEVFP99H,32,wms:stock_snapshot_sim,2026-09-04T17:12:44.800284+00:00
MNKDZSMXADGFZD3C,31,wms:stock_snapshot_sim,2026-09-04T17:12:44.800284+00:00
FAFEG28U3HTYJE7U,21,wms:stock_snapshot_sim,2026-09-04T17:12:44.800284+00:00
ACBECFGTEC5DXHPJ,12,wms:stock_snapshot_sim,2026-09-04T17:12:44.800284+00:00
BRAEAZEFZYER5JHJ,4,wms:stock_snapshot_sim,2026-09-04T17:12:44.800284+00:00
HMBEJCMHKH4CGC7C,0,wms:stock_snapshot_sim,2026-09-04T17:12:44.800284+00:00
ACCE9DJQRGFJ3BUM,0,wms:stock_snapshot_sim,2026-09-04T17:12:44.800284+00:00
TSHEBSF9NBDWJXZW,35,wms:stock_snapshot_sim,2026-09-04T17:12:44.800284+00:00
PBXEBACDET3D2KFB,7,wms:stock_snapshot_sim,2026-09-04T17:12:44.800284+00:00
CRNEE84JQGQHBTQU,28,wms:stock_snapshot_sim,2026-09-04T17:12:44.800284+00:00
SUSEE6Y3NMPS9GRR,37,wms:stock_snapshot_sim,2026-09-04T17:12:44.800284+00:00
CAGEBTGHEHZHZGK3,0,wms:stock_snapshot_sim,2026-09-04T17:12:44.800284+00:00
CAPECT5UT8476PFD,40,wms:stock_snapshot_sim,2026-09-04T17:12:44.800284+00:00
BBAE7DPRVNKURYXZ,19,wms:stock_snapshot_sim,2026-09-04T17:12:44.800284+00:00
ACCEGUY9UY7UQTNF,15,wms:stock_snapshot_sim,2026-09-04T17:12:44.800284+00:00
BALEYMGAD5F63Z6P,39,wms:stock_snapshot_sim,2026-09-04T17:12:44.800284+00:00
SNDEAN42SGFZADUB,18,wms:stock_snapshot_sim,2026-09-04T17:12:44.800284+00:00
BBAECJDU9UGUYFHX,23,wms:stock_snapshot_sim,2026-09-04T17:12:44.800284+00:00
BBAEDVQEYBFKHFTB,10,wms:stock_snapshot_sim,2026-09-04T17:12:44.800284+00:00
ACCE9WVGVJ4GKTKJ,0,wms:stock_snapshot_sim,2026-09-04T17:12:44.800284+00:00
BXREGCWNHEBNY4HA,15,wms:stock_snapshot_sim,2026-09-04T17:12:44.800284+00:00
BLAE2EEAXYVGRQMR,25,wms:stock_snapshot_sim,2026-09-04T17:12:44.800284+00:00
WATDP753NMW4UDE7,40,wms:stock_snapshot_sim,2026-09-04T17:12:44.800284+00:00
PELEFH68JH6FDERS,0,wms:stock_snapshot_sim,2026-09-04T17:12:44.800284+00:00
BRAEAR7WUYD3CZAT,37,wms:stock_snapshot_sim,2026-09-04T17:12:44.800284+00:00
TOPEJRDFKFGPZEGZ,18,wms:stock_snapshot_sim,2026-09-04T17:12:44.800284+00:00
ACCEGZ6BJFUPXFEE,8,wms:stock_snapshot_sim,2026-09-04T17:12:44.800284+00:00
RUGEHHZCGYK3YZ6J,0,wms:stock_snapshot_sim,2026-09-04T17:12:44.800284+00:00
PBXE9ZVGPURJ795H,15,wms:stock_snapshot_sim,2026-09-04T17:12:44.800284+00:00
SHIEBJH8XQ2TEASA,40,wms:stock_snapshot_sim,2026-09-04T17:12:44.800284+00:00
VANEE2FFWVZZQHJV,12,wms:stock_snapshot_sim,2026-09-04T17:12:44.800284+00:00
TKPE2GSYFFVWFNPG,18,wms:stock_snapshot_sim,2026-09-04T17:12:44.800284+00:00
FDUE6ZHHR9AAKU2B,16,wms:stock_snapshot_sim,2026-09-04T17:12:44.800284+00:00
BRAE6FZPPGFFGCGH,28,wms:stock_snapshot_sim,2026-09-04T17:12:44.800284+00:00
PBXE829GJ3ESYYMQ,39,wms:stock_snapshot_sim,2026-09-04T17:12:44.800284+00:00
TLSEHUFDYMAWZ8AV,29,wms:stock_snapshot_sim,2026-09-04T17:12:44.800284+00:00
BBADZUEQ65WVS6FG,7,wms:stock_snapshot_sim,2026-09-04T17:12:44.800284+00:00
SRTEGWKKRXZ5FEKN,27,wms:stock_snapshot_sim,2026-09-04T17:12:44.800284+00:00
SHOEH4GRSUBJGZXE,29,wms:stock_snapshot_sim,2026-09-04T17:12:44.800284+00:00
SHIEARR34RCY5ZPH,25,wms:stock_snapshot_sim,2026-09-04T17:12:44.800284+00:00
ERGDSBBCWXDACJWX,25,wms:stock_snapshot_sim,2026-09-04T17:12:44.800284+00:00
SHOECCBJ3HGJUTEJ,0,wms:stock_snapshot_sim,2026-09-04T17:12:44.800284+00:00
NKCEBFWTSMKDQZMR,14,wms:stock_snapshot_sim,2026-09-04T17:12:44.800284+00:00
ECOEFYFBVX3VSZB2,32,wms:stock_snapshot_sim,2026-09-04T17:12:44.800284+00:00
PTPEB88UTZRHHVXD,34,wms:stock_snapshot_sim,2026-09-04T17:12:44.800284+00:00
PCSE4V8GX9QCUTYN,2,wms:stock_snapshot_sim,2026-09-04T17:12:44.800284+00:00
ACCEDTNRCATDEC54,40,wms:stock_snapshot_sim,2026-09-04T17:12:44.800284+00:00
DREE6TGFWYMBAJMF,29,wms:stock_snapshot_sim,2026-09-04T17:12:44.800284+00:00
STIE88KN9ZDSGZKY,24,wms:stock_snapshot_sim,2026-09-04T17:12:44.800284+00:00
NKCEDCT94E2RHF3W,5,wms:stock_snapshot_sim,2026-09-04T17:12:44.800284+00:00
NKCEBVP6FKYVH7PY,25,wms:stock_snapshot_sim,2026-09-04T17:12:44.800284+00:00
BFAD3ZJYYCXDAVGH,26,wms:stock_snapshot_sim,2026-09-04T17:12:44.800284+00:00
BRAEBBMQZCKGFFGH,21,wms:stock_snapshot_sim,2026-09-04T17:12:44.800284+00:00
PBXEDCSE8CHTATYY,18,wms:stock_snapshot_sim,2026-09-04T17:12:44.800284+00:00
SHTECDG8TKJY38KU,19,wms:stock_snapshot_sim,2026-09-04T17:12:44.800284+00:00
CRTECN2QYN3ZN75Z,25,wms:stock_snapshot_sim,2026-09-04T17:12:44.800284+00:00
WATE34FM4B65YDDE,31,wms:stock_snapshot_sim,2026-09-04T17:12:44.800284+00:00
NKCE64Z4VZXKHB4E,37,wms:stock_snapshot_sim,2026-09-04T17:12:44.800284+00:00
CRTECN2QSGBHXGMN,5,wms:stock_snapshot_sim,2026-09-04T17:12:44.800284+00:00
SHTE9EFGJRQM5HE9,2,wms:stock_snapshot_sim,2026-09-04T17:12:44.800284+00:00
SRTEGKWYRMVXC7GE,23,wms:stock_snapshot_sim,2026-09-04T17:12:44.800284+00:00
HACEGGERPZDHNCFS,2,wms:stock_snapshot_sim,2026-09-04T17:12:44.800284+00:00
CRTECN2QV33YCZYX,29,wms:stock_snapshot_sim,2026-09-04T17:12:44.800284+00:00
SWSEBHCPHKWEUAAG,6,wms:stock_snapshot_sim,2026-09-04T17:12:44.800284+00:00
NKCE88AHK5UXRBUB,23,wms:stock_snapshot_sim,2026-09-04T17:12:44.800284+00:00
PTPE93ZFQMYVXCTJ,24,wms:stock_snapshot_sim,2026-09-04T17:12:44.800284+00:00
ACCE6DZC4YWVGMZH,17,wms:stock_snapshot_sim,2026-09-04T17:12:44.800284+00:00
RNGE7M92MNUHRFFY,11,wms:stock_snapshot_sim,2026-09-04T17:12:44.800284+00:00
RNGEDAQ3XGRVN8Q5,38,wms:stock_snapshot_sim,2026-09-04T17:12:44.800284+00:00
SHOEY7HYDHGCWUPF,39,wms:stock_snapshot_sim,2026-09-04T17:12:44.800284+00:00
BBADXU3ZYTGQU9UN,13,wms:stock_snapshot_sim,2026-09-04T17:12:44.800284+00:00
RNGE88Q94HF6SCCG,25,wms:stock_snapshot_sim,2026-09-04T17:12:44.800284+00:00
JEAEFYQHSR7BWPG9,15,wms:stock_snapshot_sim,2026-09-04T17:12:44.800284+00:00
FFLEGEXHXGFXZAXY,0,wms:stock_snapshot_sim,2026-09-04T17:12:44.800284+00:00
NKCE6GKJTFMH5P4N,6,wms:stock_snapshot_sim,2026-09-04T17:12:44.800284+00:00
NKCECCMFVD3FXBRA,36,wms:stock_snapshot_sim,2026-09-04T17:12:44.800284+00:00
TOPE9HYGS96GGY2C,0,wms:stock_snapshot_sim,2026-09-04T17:12:44.800284+00:00
PBXE9YWGS6S6HCQF,0,wms:stock_snapshot_sim,2026-09-04T17:12:44.800284+00:00
CTTEH9FXG97MNGFZ,29,wms:stock_snapshot_sim,2026-09-04T17:12:44.800284+00:00
TSHE6ZF3GEFT9ZRM,10,wms:stock_snapshot_sim,2026-09-04T17:12:44.800284+00:00
VHREBBHBYY9HGJ66,18,wms:stock_snapshot_sim,2026-09-04T17:12:44.800284+00:00
SHTEDQH4ZVMC4GT7,12,wms:stock_snapshot_sim,2026-09-04T17:12:44.800284+00:00
NKCE5YFQWQUZGC4Y,20,wms:stock_snapshot_sim,2026-09-04T17:12:44.800284+00:00
SHOE6QGATWATFY5J,5,wms:stock_snapshot_sim,2026-09-04T17:12:44.800284+00:00
CBKEBVA8B4SZJVKY,6,wms:stock_snapshot_sim,2026-09-04T17:12:44.800284+00:00
NKCE69P8DBYVCSBY,37,wms:stock_snapshot_sim,2026-09-04T17:12:44.800284+00:00
NKCEBUG2XMBRJDGV,12,wms:stock_snapshot_sim,2026-09-04T17:12:44.800284+00:00
RNGEC8PNVNJQHWNM,31,wms:stock_snapshot_sim,2026-09-04T17:12:44.800284+00:00
ERGE8DXEEWK3X9TF,11,wms:stock_snapshot_sim,2026-09-04T17:12:44.800284+00:00
ACCE9DK69UVANMJX,13,wms:stock_snapshot_sim,2026-09-04T17:12:44.800284+00:00
BRAEBBMQQ37GW3CZ,5,wms:stock_snapshot_sim,2026-09-04T17:12:44.800284+00:00
PTPDZYCEDURXTYRF,0,wms:stock_snapshot_sim,2026-09-04T17:12:44.800284+00:00
AIREBA9VGER68DFH,12,wms:stock_snapshot_sim,2026-09-04T17:12:44.800284+00:00
CLDE34YVWAJ8ZN6R,30,wms:stock_snapshot_sim,2026-09-04T17:12:44.800284+00:00
BBAE5W98GVTZ9FAZ,24,wms:stock_snapshot_sim,2026-09-04T17:12:44.800284+00:00
RNGE8Z3KSNKWHEER,10,wms:stock_snapshot_sim,2026-09-04T17:12:44.800284+00:00
CSOEGTPR39XZHZJY,12,wms:stock_snapshot_sim,2026-09-04T17:12:44.800284+00:00
TOPEC8AR9XBZHQGH,1,wms:stock_snapshot_sim,2026-09-04T17:12:44.800284+00:00
TSHE993ZCTZGT5P4,11,wms:stock_snapshot_sim,2026-09-04T17:12:44.800284+00:00
STIE7KFKTVFQENK6,33,wms:stock_snapshot_sim,2026-09-04T17:12:44.800284+00:00
ACCE6SJGCZFFKHFF,33,wms:stock_snapshot_sim,2026-09-04T17:12:44.800284+00:00
BRAE8WPSH2EVXGBM,4,wms:stock_snapshot_sim,2026-09-04T17:12:44.800284+00:00
ACCE6YRAHZCTEFXH,11,wms:stock_snapshot_sim,2026-09-04T17:12:44.800284+00:00
BRAE8RSAVHEWMGZA,0,wms:stock_snapshot_sim,2026-09-04T17:12:44.800284+00:00
STIE7KFHUS3NNPZA,9,wms:stock_snapshot_sim,2026-09-04T17:12:44.800284+00:00
SHOECT3MGNKFEDEK,39,wms:stock_snapshot_sim,2026-09-04T17:12:44.800284+00:00
BBADVRPJYHHMUSFE,37,wms:stock_snapshot_sim,2026-09-04T17:12:44.800284+00:00
PCSEE27FVCXHZZ42,30,wms:stock_snapshot_sim,2026-09-04T17:12:44.800284+00:00
RNGEH3ERFUQUV3UN,12,wms:stock_snapshot_sim,2026-09-04T17:12:44.800284+00:00
TOPEAP5VYCZKFHB3,16,wms:stock_snapshot_sim,2026-09-04T17:12:44.800284+00:00
CRTECN2QUG8V4QCY,39,wms:stock_snapshot_sim,2026-09-04T17:12:44.800284+00:00
SHMECRRNMKDPFVNF,5,wms:stock_snapshot_sim,2026-09-04T17:12:44.800284+00:00
BALDK98MYRRTHZHJ,9,wms:stock_snapshot_sim,2026-09-04T17:12:44.800284+00:00
USGEDZEKBZKVYEZC,0,wms:stock_snapshot_sim,2026-09-04T17:12:44.800284+00:00
TOPE6HZUKGTFPUFP,32,wms:stock_snapshot_sim,2026-09-04T17:12:44.800284+00:00
RTREFR77EH5G8AH4,26,wms:stock_snapshot_sim,2026-09-04T17:12:44.800284+00:00
BRAE74BRNMBXXFHD,26,wms:stock_snapshot_sim,2026-09-04T17:12:44.800284+00:00
ACCEH5SDB7WJKN3F,30,wms:stock_snapshot_sim,2026-09-04T17:12:44.800284+00:00
PTPE3KKXGM4XTGKF,34,wms:stock_snapshot_sim,2026-09-04T17:12:44.800284+00:00
SHIEHZSPHYJF494X,39,wms:stock_snapshot_sim,2026-09-04T17:12:44.800284+00:00
WATDXFGTP3FEMGEH,26,wms:stock_snapshot_sim,2026-09-04T17:12:44.800284+00:00
NKCDWHFRDMFWMSYT,34,wms:stock_snapshot_sim,2026-09-04T17:12:44.800284+00:00
BRAEBHDVYFH5AWYH,11,wms:stock_snapshot_sim,2026-09-04T17:12:44.800284+00:00
WATDG9F7SDHKQNRJ,32,wms:stock_snapshot_sim,2026-09-04T17:12:44.800284+00:00
JEAEGWYDZYDRGXQF,3,wms:stock_snapshot_sim,2026-09-04T17:12:44.800284+00:00
PPME7GQYVGKVG5ZW,39,wms:stock_snapshot_sim,2026-09-04T17:12:44.800284+00:00
PTGEGUPZQDZ4NDBY,20,wms:stock_snapshot_sim,2026-09-04T17:12:44.800284+00:00
TSHECXA5W8VFH653,27,wms:stock_snapshot_sim,2026-09-04T17:12:44.800284+00:00
BBAE76FZE7Z3RHYR,20,wms:stock_snapshot_sim,2026-09-04T17:12:44.800284+00:00
PAEE7ZWANPGQYQRZ,21,wms:stock_snapshot_sim,2026-09-04T17:12:44.800284+00:00
JEAECYBVTGSXBD9X,2,wms:stock_snapshot_sim,2026-09-04T17:12:44.800284+00:00
BLAEE9CRQZKT2HQ2,10,wms:stock_snapshot_sim,2026-09-04T17:12:44.800284+00:00
KRTEB48YQ2KV6CZE,38,wms:stock_snapshot_sim,2026-09-04T17:12:44.800284+00:00
BHGEGTATPZRZ8HHQ,9,wms:stock_snapshot_sim,2026-09-04T17:12:44.800284+00:00
BRAEDSKC3YRYJZCR,20,wms:stock_snapshot_sim,2026-09-04T17:12:44.800284+00:00
RNGEDAPTVZVHEWHZ,10,wms:stock_snapshot_sim,2026-09-04T17:12:44.800284+00:00
TSHECB2GBG3D2AWH,0,wms:stock_snapshot_sim,2026-09-04T17:12:44.800284+00:00
BCHEGTS9Z3RKZYTM,29,wms:stock_snapshot_sim,2026-09-04T17:12:44.800284+00:00
CRNEFQF6GZF9ZCZQ,26,wms:stock_snapshot_sim,2026-09-04T17:12:44.800284+00:00
DREE6ZCHWDWFWGGS,30,wms:stock_snapshot_sim,2026-09-04T17:12:44.800284+00:00
ACCDVDC8S5JWEE6X,14,wms:stock_snapshot_sim,2026-09-04T17:12:44.800284+00:00
TLPEGUHZJ4BX6JPJ,27,wms:stock_snapshot_sim,2026-09-04T17:12:44.800284+00:00
TSHE75PXSMNAZZVS,16,wms:stock_snapshot_sim,2026-09-04T17:12:44.800284+00:00
NKCEC8AZQUFGUXGH,7,wms:stock_snapshot_sim,2026-09-04T17:12:44.800284+00:00
PBXE5ZJZZAPAJMKW,4,wms:stock_snapshot_sim,2026-09-04T17:12:44.800284+00:00
ACCEGH6RPWY9DHAB,25,wms:stock_snapshot_sim,2026-09-04T17:12:44.800284+00:00
SHIEHGXHM6VBHTUR,28,wms:stock_snapshot_sim,2026-09-04T17:12:44.800284+00:00
KIDEG8AZEWEM77HM,0,wms:stock_snapshot_sim,2026-09-04T17:12:44.800284+00:00
TFHEGXQNWQ2DFXKW,33,wms:stock_snapshot_sim,2026-09-04T17:12:44.800284+00:00
LACEGEZDHWHZ7Z4W,3,wms:stock_snapshot_sim,2026-09-04T17:12:44.800284+00:00
PCSEAH5WAEHFFNDZ,31,wms:stock_snapshot_sim,2026-09-04T17:12:44.800284+00:00
PAEE8EZHZFKKYMVK,0,wms:stock_snapshot_sim,2026-09-04T17:12:44.800284+00:00
SNDE5HENGYQVEAN9,20,wms:stock_snapshot_sim,2026-09-04T17:12:44.800284+00:00
GOGEHZ5PKPZJG38Y,11,wms:stock_snapshot_sim,2026-09-04T17:12:44.800284+00:00
BRAE3TSHUSJJYKM7,0,wms:stock_snapshot_sim,2026-09-04T17:12:44.800284+00:00
NKCE2F5HXGKRMKYZ,36,wms:stock_snapshot_sim,2026-09-04T17:12:44.800284+00:00
SNDEHZQ7MMN272VX,2,wms:stock_snapshot_sim,2026-09-04T17:12:44.800284+00:00
JCKEEQP3QGVECNG7,34,wms:stock_snapshot_sim,2026-09-04T17:12:44.800284+00:00
NKCE38HB3Y5YH3UF,29,wms:stock_snapshot_sim,2026-09-04T17:12:44.800284+00:00
BXREDW5M9CYFK4FF,40,wms:stock_snapshot_sim,2026-09-04T17:12:44.800284+00:00
MUGEAGGKGSPGYPHT,40,wms:stock_snapshot_sim,2026-09-04T17:12:44.800284+00:00
MUGEAGGKFB4NSF9K,24,wms:stock_snapshot_sim,2026-09-04T17:12:44.800284+00:00
ACCEFYBAHHZJJK6Y,0,wms:stock_snapshot_sim,2026-09-04T17:12:44.800284+00:00
CAGE68FFZ2ZWZVHQ,8,wms:stock_snapshot_sim,2026-09-04T17:12:44.800284+00:00
PCSE97CPCHTJAB7M,32,wms:stock_snapshot_sim,2026-09-04T17:12:44.800284+00:00
SWTE8ZHJKG6YVQPE,33,wms:stock_snapshot_sim,2026-09-04T17:12:44.800284+00:00
JWSDUGFCNMVZFWHX,0,wms:stock_snapshot_sim,2026-09-04T17:12:44.800284+00:00
ACCEDUQAX9GDMGUY,37,wms:stock_snapshot_sim,2026-09-04T17:12:44.800284+00:00
NKCEC8AZHBUEHH6Y,10,wms:stock_snapshot_sim,2026-09-04T17:12:44.800284+00:00
RNGEBD45KWPUJG3F,25,wms:stock_snapshot_sim,2026-09-04T17:12:44.800284+00:00
BRAEFR6JUMNFA5MT,29,wms:stock_snapshot_sim,2026-09-04T17:12:44.800284+00:00
WATDKB7JA52JZRRU,18,wms:stock_snapshot_sim,2026-09-04T17:12:44.800284+00:00
STIEGXE2ZDEDQRBA,13,wms:stock_snapshot_sim,2026-09-04T17:12:44.800284+00:00
BXREGYMPWEUAXF3C,0,wms:stock_snapshot_sim,2026-09-04T17:12:44.800284+00:00
BRAEDUXKWTYRBXZH,26,wms:stock_snapshot_sim,2026-09-04T17:12:44.800284+00:00
RTRE3KKX6DHYNZBK,3,wms:stock_snapshot_sim,2026-09-04T17:12:44.800284+00:00
PTYEA6SFGD4X8NAR,9,wms:stock_snapshot_sim,2026-09-04T17:12:44.800284+00:00
CRTECN2QTXQGCGBG,37,wms:stock_snapshot_sim,2026-09-04T17:12:44.800284+00:00
BZREHKZQZF7EVGMZ,10,wms:stock_snapshot_sim,2026-09-04T17:12:44.800284+00:00
JWSE9FZHVHMC7GEB,37,wms:stock_snapshot_sim,2026-09-04T17:12:44.800284+00:00
SNDEJQ78HASZT5F3,14,wms:stock_snapshot_sim,2026-09-04T17:12:44.800284+00:00
USGEDSGQ9W2FYVYT,0,wms:stock_snapshot_sim,2026-09-04T17:12:44.800284+00:00
ACCEYYFYNFKKTZSZ,0,wms:stock_snapshot_sim,2026-09-04T17:12:44.800284+00:00
NKCE96SXDZKCXRVU,17,wms:stock_snapshot_sim,2026-09-04T17:12:44.800284+00:00
TSHEDH3BNTQQZAHC,5,wms:stock_snapshot_sim,2026-09-04T17:12:44.800284+00:00
AFGEH6YAGHPJATZB,11,wms:stock_snapshot_sim,2026-09-04T17:12:44.800284+00:00
SHODYKR8QFMVYHT9,32,wms:stock_snapshot_sim,2026-09-04T17:12:44.800284+00:00
HTSEG6YUAFSNFG6M,30,wms:stock_snapshot_sim,2026-09-04T17:12:44.800284+00:00
ACCE9Y6PZHFJRGGQ,22,wms:stock_snapshot_sim,2026-09-04T17:12:44.800284+00:00
BZREHKG23PKHXCNC,24,wms:stock_snapshot_sim,2026-09-04T17:12:44.800284+00:00
NKCDTAXFKDTPHKTB,17,wms:stock_snapshot_sim,2026-09-04T17:12:44.800284+00:00
ACCEFH5CNYDGAUHZ,36,wms:stock_snapshot_sim,2026-09-04T17:12:44.800284+00:00
NKCDXEGW2ZEPHDEE,22,wms:stock_snapshot_sim,2026-09-04T17:12:44.800284+00:00
BHGEGTAVWRZQTU6T,21,wms:stock_snapshot_sim,2026-09-04T17:12:44.800284+00:00
TOPE9PSGHRKUCXKM,38,wms:stock_snapshot_sim,2026-09-04T17:12:44.800284+00:00
TSHE7S4HYXCHZZ4N,18,wms:stock_snapshot_sim,2026-09-04T17:12:44.800284+00:00
SFFEGF6KWKBUFUYY,16,wms:stock_snapshot_sim,2026-09-04T17:12:44.800284+00:00
BRAECKHY8AG2JFGJ,2,wms:stock_snapshot_sim,2026-09-04T17:12:44.800284+00:00
FABE8VYTQZZPBJEH,18,wms:stock_snapshot_sim,2026-09-04T17:12:44.800284+00:00
USGEE4P5BUGKHE2M,33,wms:stock_snapshot_sim,2026-09-04T17:12:44.800284+00:00
KTAEJJCJSRQGZMZR,26,wms:stock_snapshot_sim,2026-09-04T17:12:44.800284+00:00
ACCEDTNRADHZ35UD,0,wms:stock_snapshot_sim,2026-09-04T17:12:44.800284+00:00
RTRDETBCPG9XNHUY,17,wms:stock_snapshot_sim,2026-09-04T17:12:44.800284+00:00
TSHEA527ZPQQQMTZ,10,wms:stock_snapshot_sim,2026-09-04T17:12:44.800284+00:00
CPCEDGGNU7PT864G,15,wms:stock_snapshot_sim,2026-09-04T17:12:44.800284+00:00
JWSEBZN9X49CPUFH,16,wms:stock_snapshot_sim,2026-09-04T17:12:44.800284+00:00
CAGDWGCSDGYNDH3Y,10,wms:stock_snapshot_sim,2026-09-04T17:12:44.800284+00:00
NKCE9YFBAJ6EAVRY,35,wms:stock_snapshot_sim,2026-09-04T17:12:44.800284+00:00
DREEBMB4XAWWEYCT,27,wms:stock_snapshot_sim,2026-09-04T17:12:44.800284+00:00
ETHEGDTGYCFHJEEF,27,wms:stock_snapshot_sim,2026-09-04T17:12:44.800284+00:00
BLAEEAAWGKXCXJHX,20,wms:stock_snapshot_sim,2026-09-04T17:12:44.800284+00:00
TSHECHFVV3F5FHK2,0,wms:stock_snapshot_sim,2026-09-04T17:12:44.800284+00:00
SHTEFFFNJMNHJSHN,31,wms:stock_snapshot_sim,2026-09-04T17:12:44.800284+00:00
SHTEFBPX324BEKVG,5,wms:stock_snapshot_sim,2026-09-04T17:12:44.800284+00:00
ECOEFYFBJVZWTN9A,4,wms:stock_snapshot_sim,2026-09-04T17:12:44.800284+00:00
SHOEF9G8GXBDSEUG,28,wms:stock_snapshot_sim,2026-09-04T17:12:44.800284+00:00
BBAEE6ZDKHPTFFDA,31,wms:stock_snapshot_sim,2026-09-04T17:12:44.800284+00:00
STIE7KFKTNEWZQFZ,22,wms:stock_snapshot_sim,2026-09-04T17:12:44.800284+00:00
TLSEHUFCGASFZ2GG,8,wms:stock_snapshot_sim,2026-09-04T17:12:44.800284+00:00
NKCEC87S2ZAZBYAR,32,wms:stock_snapshot_sim,2026-09-04T17:12:44.800284+00:00
SHTE8N2482YTBCFH,32,wms:stock_snapshot_sim,2026-09-04T17:12:44.800284+00:00
PBXECUFGDMEZWMYB,26,wms:stock_snapshot_sim,2026-09-04T17:12:44.800284+00:00
SHTE6QDFYHVZ8XCV,26,wms:stock_snapshot_sim,2026-09-04T17:12:44.800284+00:00
NKCE5UY9F9G7GPE4,16,wms:stock_snapshot_sim,2026-09-04T17:12:44.800284+00:00
PCSEAKVBZUG8VZF5,40,wms:stock_snapshot_sim,2026-09-04T17:12:44.800284+00:00
USGEDDUFFUEEDZAV,22,wms:stock_snapshot_sim,2026-09-04T17:12:44.800284+00:00
CHDDY9JVKEGSGS4M,21,wms:stock_snapshot_sim,2026-09-04T17:12:44.800284+00:00
SWIEHF3EF5PZAZUY,6,wms:stock_snapshot_sim,2026-09-04T17:12:44.800284+00:00
CRTEHSS9BDYRCEFC,6,wms:stock_snapshot_sim,2026-09-04T17:12:44.800284+00:00
SNDEDGBMM8UGED7W,1,wms:stock_snapshot_sim,2026-09-04T17:12:44.800284+00:00
TSHE6UDNZ787GK4X,28,wms:stock_snapshot_sim,2026-09-04T17:12:44.800284+00:00
ACCEJMAZVTQYQMQJ,6,wms:stock_snapshot_sim,2026-09-04T17:12:44.800284+00:00
PELEG5D2UYKEU8FQ,10,wms:stock_snapshot_sim,2026-09-04T17:12:44.800284+00:00
BBAEEYH6S8NMYGHN,1,wms:stock_snapshot_sim,2026-09-04T17:12:44.800284+00:00
SHTEBZU8AGESEXBG,3,wms:stock_snapshot_sim,2026-09-04T17:12:44.800284+00:00
DREEC88PDXYHGGTC,24,wms:stock_snapshot_sim,2026-09-04T17:12:44.800284+00:00
TSHE93RZUFFHBCYC,23,wms:stock_snapshot_sim,2026-09-04T17:12:44.800284+00:00
TSHE7AX3FRHNH2BC,6,wms:stock_snapshot_sim,2026-09-04T17:12:44.800284+00:00
CLTEHD75ANYWYAAY,0,wms:stock_snapshot_sim,2026-09-04T17:12:44.800284+00:00
PSOEH3ZYYFETGCCD,22,wms:stock_snapshot_sim,2026-09-04T17:12:44.800284+00:00
SNDEHZPDGAZBWJTM,0,wms:stock_snapshot_sim,2026-09-04T17:12:44.800284+00:00
TSHE9CK2TZBUQGHV,6,wms:stock_snapshot_sim,2026-09-04T17:12:44.800284+00:00
ACCEFH5CASTRN5FH,40,wms:stock_snapshot_sim,2026-09-04T17:12:44.800284+00:00
MUGE94E88NSTANZT,0,wms:stock_snapshot_sim,2026-09-04T17:12:44.800284+00:00
ACCEAHRF4G8FZA8P,11,wms:stock_snapshot_sim,2026-09-04T17:12:44.800284+00:00
CPCE8HXCNMHVH2FX,32,wms:stock_snapshot_sim,2026-09-04T17:12:44.800284+00:00
BZREHBHZHBEHZZEY,38,wms:stock_snapshot_sim,2026-09-04T17:12:44.800284+00:00
SHOED8FAHTWYDVZP,34,wms:stock_snapshot_sim,2026-09-04T17:12:44.800284+00:00
NKCEYM3BHZHMYT7Q,0,wms:stock_snapshot_sim,2026-09-04T17:12:44.800284+00:00
BBAECD6FD6MHYUXR,9,wms:stock_snapshot_sim,2026-09-04T17:12:44.800284+00:00
SHIE7EUKZA97SQMQ,0,wms:stock_snapshot_sim,2026-09-04T17:12:44.800284+00:00
NKCEA5FHV3D93K3S,17,wms:stock_snapshot_sim,2026-09-04T17:12:44.800284+00:00
CRTECN2QVSZXUG7X,33,wms:stock_snapshot_sim,2026-09-04T17:12:44.800284+00:00
ACCE9ZY9SMY2NEB4,0,wms:stock_snapshot_sim,2026-09-04T17:12:44.800284+00:00
ACCE9DK69UVANMJX,19,wms:stock_snapshot_sim,2026-09-04T17:12:44.800284+00:00
NKCE3JRMGTW9GQAY,0,wms:stock_snapshot_sim,2026-09-04T17:12:44.800284+00:00
NKCE9QTMY3BFZCQD,11,wms:stock_snapshot_sim,2026-09-04T17:12:44.800284+00:00
TSHE9CK2YKT7ZRQT,29,wms:stock_snapshot_sim,2026-09-04T17:12:44.800284+00:00
ERGE8E8NXYT5QZXK,33,wms:stock_snapshot_sim,2026-09-04T17:12:44.800284+00:00
SHIE7ZWAUZG6SUMF,26,wms:stock_snapshot_sim,2026-09-04T17:12:44.800284+00:00
TSHE93RZRVHH3G5U,16,wms:stock_snapshot_sim,2026-09-04T17:12:44.800284+00:00
BRAE8AJZW5QBNWAZ,20,wms:stock_snapshot_sim,2026-09-04T17:12:44.800284+00:00
CCVEFX3Y9DFJVJUU,14,wms:stock_snapshot_sim,2026-09-04T17:12:44.800284+00:00
ACCE7ZK9GP3YCHBP,10,wms:stock_snapshot_sim,2026-09-04T17:12:44.800284+00:00
HBAEGEXDRN2PQ8A6,3,wms:stock_snapshot_sim,2026-09-04T17:12:44.800284+00:00
NKCEAPCWHHHAJHMT,0,wms:stock_snapshot_sim,2026-09-04T17:12:44.800284+00:00
BOTEANCHAS7NRBDZ,8,wms:stock_snapshot_sim,2026-09-04T17:12:44.800284+00:00
KTAEG4P2NNNBDRMT,29,wms:stock_snapshot_sim,2026-09-04T17:12:44.800284+00:00
NKCEBUG2XMBRJDGV,5,wms:stock_snapshot_sim,2026-09-04T17:12:44.800284+00:00
NKCEBGJZSBED3DYZ,22,wms:stock_snapshot_sim,2026-09-04T17:12:44.800284+00:00
VATEGH5PGRHDVZGS,38,wms:stock_snapshot_sim,2026-09-04T17:12:44.800284+00:00
TSHEE3MZY7KCMDVV,31,wms:stock_snapshot_sim,2026-09-04T17:12:44.800284+00:00
SNDEAN42DDAZKQEN,8,wms:stock_snapshot_sim,2026-09-04T17:12:44.800284+00:00
DREEAJZTXE4GCAHP,36,wms:stock_snapshot_sim,2026-09-04T17:12:44.800284+00:00
BRFEHTTQHPRGKZZY,20,wms:stock_snapshot_sim,2026-09-04T17:12:44.800284+00:00
BRAEBBMQXKBAJCYA,14,wms:stock_snapshot_sim,2026-09-04T17:12:44.800284+00:00
CAGEBTGHYPYZNWQA,3,wms:stock_snapshot_sim,2026-09-04T17:12:44.800284+00:00
SHOE5G6EZYNYA8QH,26,wms:stock_snapshot_sim,2026-09-04T17:12:44.800284+00:00
VESEGHG7JH79NGZX,5,wms:stock_snapshot_sim,2026-09-04T17:12:44.800284+00:00
NKCE9PFFHANGKXHZ,0,wms:stock_snapshot_sim,2026-09-04T17:12:44.800284+00:00
TSHE6KWCHQSQAKK4,17,wms:stock_snapshot_sim,2026-09-04T17:12:44.800284+00:00
VMREGZPQRRHHGHTF,32,wms:stock_snapshot_sim,2026-09-04T17:12:44.800284+00:00
SUPEGHKYTKRZNWZK,26,wms:stock_snapshot_sim,2026-09-04T17:12:44.800284+00:00
SHOEATSZWUNKW8ZK,21,wms:stock_snapshot_sim,2026-09-04T17:12:44.800284+00:00
CAGEA3JMBZUV5DQV,21,wms:stock_snapshot_sim,2026-09-04T17:12:44.800284+00:00
RNGEDAKAZXTGZNAM,28,wms:stock_snapshot_sim,2026-09-04T17:12:44.800284+00:00
JEAEGGED6PZQCGTQ,37,wms:stock_snapshot_sim,2026-09-04T17:12:44.800284+00:00
SHIE9HH3AFF2GXZD,12,wms:stock_snapshot_sim,2026-09-04T17:12:44.800284+00:00
BRAEDVX7X6EYZSWH,0,wms:stock_snapshot_sim,2026-09-04T17:12:44.800284+00:00
NKCEGMUCMFXZ3FZZ,17,wms:stock_snapshot_sim,2026-09-04T17:12:44.800284+00:00
SHOECV2JZFGSSUSR,32,wms:stock_snapshot_sim,2026-09-04T17:12:44.800284+00:00
SWTEE995HZE9WRTM,22,wms:stock_snapshot_sim,2026-09-04T17:12:44.800284+00:00
STIEA4CNGFSU64ZG,9,wms:stock_snapshot_sim,2026-09-04T17:12:44.800284+00:00
STIEYZ5T8JH6GFHX,39,wms:stock_snapshot_sim,2026-09-04T17:12:44.800284+00:00
ACCE8XZM3YGBZ6BZ,18,wms:stock_snapshot_sim,2026-09-04T17:12:44.800284+00:00
NKCDWBPZC3GKFFUD,12,wms:stock_snapshot_sim,2026-09-04T17:12:44.800284+00:00
TSHEJBJKP8GTQJGF,1,wms:stock_snapshot_sim,2026-09-04T17:12:44.800284+00:00
BCHEGFZ82BDJGWV7,22,wms:stock_snapshot_sim,2026-09-04T17:12:44.800284+00:00
BCHEG7XFDRPYRWAA,24,wms:stock_snapshot_sim,2026-09-04T17:12:44.800284+00:00
WABEAHVERGBGCHZQ,7,wms:stock_snapshot_sim,2026-09-04T17:12:44.800284+00:00
TSHEDHVRAZGUCGNJ,33,wms:stock_snapshot_sim,2026-09-04T17:12:44.800284+00:00
WFCEGE8AZHGFEP8H,10,wms:stock_snapshot_sim,2026-09-04T17:12:44.800284+00:00
PTGE8X4XSVWSNXEG,33,wms:stock_snapshot_sim,2026-09-04T17:12:44.800284+00:00
BLAEEERTXBGBWYS8,26,wms:stock_snapshot_sim,2026-09-04T17:12:44.800284+00:00
TOPECENJ85HRQQHA,38,wms:stock_snapshot_sim,2026-09-04T17:12:44.800284+00:00
PCSEC86VEVSQZGBZ,40,wms:stock_snapshot_sim,2026-09-04T17:12:44.800284+00:00
CRTECN2QUCRC6GWA,3,wms:stock_snapshot_sim,2026-09-04T17:12:44.800284+00:00
HLKEGGXG7A2VCNJQ,38,wms:stock_snapshot_sim,2026-09-04T17:12:44.800284+00:00
WCKEGGGD2TXHHTJC,35,wms:stock_snapshot_sim,2026-09-04T17:12:44.800284+00:00
DREDZPX3Y3HSV9EG,30,wms:stock_snapshot_sim,2026-09-04T17:12:44.800284+00:00
SHTE6SR6Z3NJCH2X,0,wms:stock_snapshot_sim,2026-09-04T17:12:44.800284+00:00
VCLEHVYZ6XBJHHMG,27,wms:stock_snapshot_sim,2026-09-04T17:12:44.800284+00:00
SOCEGGZ8MHX79YGA,5,wms:stock_snapshot_sim,2026-09-04T17:12:44.800284+00:00
TSHE6UDNFQRS44FP,27,wms:stock_snapshot_sim,2026-09-04T17:12:44.800284+00:00
MUGEAGGKPUYPSZAG,39,wms:stock_snapshot_sim,2026-09-04T17:12:44.800284+00:00
NKCE3JRMXNTF54SF,21,wms:stock_snapshot_sim,2026-09-04T17:12:44.800284+00:00
SNRE5XJHFUE2FHU6,15,wms:stock_snapshot_sim,2026-09-04T17:12:44.800284+00:00
NKCE9YX2QXHJZ6MH,20,wms:stock_snapshot_sim,2026-09-04T17:12:44.800284+00:00
WCKE56UCNM48AHDZ,3,wms:stock_snapshot_sim,2026-09-04T17:12:44.800284+00:00
SHTE6GKKJWPZHYMC,38,wms:stock_snapshot_sim,2026-09-04T17:12:44.800284+00:00
SHODYKR8Z3HSBSQS,17,wms:stock_snapshot_sim,2026-09-04T17:12:44.800284+00:00
SHOE2PQ6ZNUVUQJN,0,wms:stock_snapshot_sim,2026-09-04T17:12:44.800284+00:00
PBXE5ZJZSAC73ZED,15,wms:stock_snapshot_sim,2026-09-04T17:12:44.800284+00:00
LPBEG2N9ZHAHZ6HY,29,wms:stock_snapshot_sim,2026-09-04T17:12:44.800284+00:00
DEOEGCYJVH7BGHTY,1,wms:stock_snapshot_sim,2026-09-04T17:12:44.800284+00:00
CRTECUWZDJRHRFNK,5,wms:stock_snapshot_sim,2026-09-04T17:12:44.800284+00:00
SHTEDDZNRHK7753J,18,wms:stock_snapshot_sim,2026-09-04T17:12:44.800284+00:00
CBKEAHJXHGQNG4H9,35,wms:stock_snapshot_sim,2026-09-04T17:12:44.800284+00:00
PENDTRFZAXHCGKF3,2,wms:stock_snapshot_sim,2026-09-04T17:12:44.800284+00:00
BRAE4WV2JQMENGSZ,20,wms:stock_snapshot_sim,2026-09-04T17:12:44.800284+00:00
SHTE8JG6NPHMGBVG,4,wms:stock_snapshot_sim,2026-09-04T17:12:44.800284+00:00
ACCEH8TYZ3MZFV8H,38,wms:stock_snapshot_sim,2026-09-04T17:12:44.800284+00:00
TSHEBUZ8DF9NKF5J,36,wms:stock_snapshot_sim,2026-09-04T17:12:44.800284+00:00
CPCE2ZMCXDYYKRWD,8,wms:stock_snapshot_sim,2026-09-04T17:12:44.800284+00:00
SHTEDCZWARQ2HZXX,25,wms:stock_snapshot_sim,2026-09-04T17:12:44.800284+00:00
BBADWKPTGZNYYXGP,22,wms:stock_snapshot_sim,2026-09-04T17:12:44.800284+00:00
SHTECFPYKSAGHGH2,13,wms:stock_snapshot_sim,2026-09-04T17:12:44.800284+00:00
DREE6D3EH72SVHZH,0,wms:stock_snapshot_sim,2026-09-04T17:12:44.800284+00:00
SGLEGGG3PBR9XMDF,22,wms:stock_snapshot_sim,2026-09-04T17:12:44.800284+00:00
TSHE9JEM7M7VHGMV,31,wms:stock_snapshot_sim,2026-09-04T17:12:44.800284+00:00
RNGEBB94WYJB94F2,0,wms:stock_snapshot_sim,2026-09-04T17:12:44.800284+00:00
SHOEFKS2MWHFQEMH,17,wms:stock_snapshot_sim,2026-09-04T17:12:44.800284+00:00
BRAE3TSHRTGMZA44,19,wms:stock_snapshot_sim,2026-09-04T17:12:44.800284+00:00
MREEJ2KWFDXWBWCJ,27,wms:stock_snapshot_sim,2026-09-04T17:12:44.800284+00:00
CAGEBPNU8TKUG6NM,28,wms:stock_snapshot_sim,2026-09-04T17:12:44.800284+00:00
BLBEF3HEKYURWHKG,11,wms:stock_snapshot_sim,2026-09-04T17:12:44.800284+00:00
NKCEFKBYDZMHUYZK,19,wms:stock_snapshot_sim,2026-09-04T17:12:44.800284+00:00
JGTECTXNVGH5GYM5,35,wms:stock_snapshot_sim,2026-09-04T17:12:44.800284+00:00
CAGED6GKHQTG5RYF,5,wms:stock_snapshot_sim,2026-09-04T17:12:44.800284+00:00
POSEHB8XSZG2GTVR,0,wms:stock_snapshot_sim,2026-09-04T17:12:44.800284+00:00
WATEYAP3SPZUKHCP,8,wms:stock_snapshot_sim,2026-09-04T17:12:44.800284+00:00
DREDS7SAYK2DHZXA,1,wms:stock_snapshot_sim,2026-09-04T17:12:44.800284+00:00
NKCEFFFPMMZTGRPX,5,wms:stock_snapshot_sim,2026-09-04T17:12:44.800284+00:00
OTCEHB7AUGB4YQH8,18,wms:stock_snapshot_sim,2026-09-04T17:12:44.800284+00:00
NKCEASCZ8EVWGPBZ,8,wms:stock_snapshot_sim,2026-09-04T17:12:44.800284+00:00
CRTECN2QZ6QDMMCG,22,wms:stock_snapshot_sim,2026-09-04T17:12:44.800284+00:00
WATEYY4XQ4GEP7HV,35,wms:stock_snapshot_sim,2026-09-04T17:12:44.800284+00:00
MUGEBFGFHPWKY8BB,8,wms:stock_snapshot_sim,2026-09-04T17:12:44.800284+00:00
NKCDTMWRXGM27S27,40,wms:stock_snapshot_sim,2026-09-04T17:12:44.800284+00:00
TKPEJNESW2JSA7GA,6,wms:stock_snapshot_sim,2026-09-04T17:12:44.800284+00:00
ACCEGHHR2KFBGQVD,6,wms:stock_snapshot_sim,2026-09-04T17:12:44.800284+00:00
CRTECN2QVH5KUGW4,25,wms:stock_snapshot_sim,2026-09-04T17:12:44.800284+00:00
PCSEE4H5KH5KUBA4,35,wms:stock_snapshot_sim,2026-09-04T17:12:44.800284+00:00
ACCEJHEKWCGVMTHH,2,wms:stock_snapshot_sim,2026-09-04T17:12:44.800284+00:00
RNGEDAKBURUKYYAU,40,wms:stock_snapshot_sim,2026-09-04T17:12:44.800284+00:00
WATDZMBRPYAYTP4G,6,wms:stock_snapshot_sim,2026-09-04T17:12:44.800284+00:00
SHIE53GCQDQEK7SF,11,wms:stock_snapshot_sim,2026-09-04T17:12:44.800284+00:00
NKCEYUVRNDSCECZR,11,wms:stock_snapshot_sim,2026-09-04T17:12:44.800284+00:00
TKPE9R3SMXGCCKB5,35,wms:stock_snapshot_sim,2026-09-04T17:12:44.800284+00:00
JEAEGMZZM2NAYHV6,23,wms:stock_snapshot_sim,2026-09-04T17:12:44.800284+00:00
STIE8YSVEQVGZVGB,0,wms:stock_snapshot_sim,2026-09-04T17:12:44.800284+00:00
NKCE3Y5PHMWUUWQ3,28,wms:stock_snapshot_sim,2026-09-04T17:12:44.800284+00:00
LJGE7ZC2G7WRMNGY,33,wms:stock_snapshot_sim,2026-09-04T17:12:44.800284+00:00
BBAEAZHMRZ4H5AVH,26,wms:stock_snapshot_sim,2026-09-04T17:12:44.800284+00:00
NKCECGVA5EG3ZCZG,13,wms:stock_snapshot_sim,2026-09-04T17:12:44.800284+00:00
BBAEGGDCFERYAQHU,31,wms:stock_snapshot_sim,2026-09-04T17:12:44.800284+00:00
NKCDU4RZC2AFABJV,5,wms:stock_snapshot_sim,2026-09-04T17:12:44.800284+00:00
SNDEJGWQSWNHXXA3,15,wms:stock_snapshot_sim,2026-09-04T17:12:44.800284+00:00
SHTE6SEHTFZHK2GQ,32,wms:stock_snapshot_sim,2026-09-04T17:12:44.800284+00:00
BLAE7GRRK4KVS3HE,30,wms:stock_snapshot_sim,2026-09-04T17:12:44.800284+00:00
PCSEAH5WVA2T7SZK,24,wms:stock_snapshot_sim,2026-09-04T17:12:44.800284+00:00
TSHE5NYHZHXJ7HEU,3,wms:stock_snapshot_sim,2026-09-04T17:12:44.800284+00:00
JCKEJG8KHHAKPQCR,0,wms:stock_snapshot_sim,2026-09-04T17:12:44.800284+00:00
NKCE9YCYENZFFFEK,37,wms:stock_snapshot_sim,2026-09-04T17:12:44.800284+00:00
BBAEEEZKVPZYTGBW,24,wms:stock_snapshot_sim,2026-09-04T17:12:44.800284+00:00
SWTEAFYHVZTBZKHC,27,wms:stock_snapshot_sim,2026-09-04T17:12:44.800284+00:00
ACCDUV7ZGSAHDAMB,1,wms:stock_snapshot_sim,2026-09-04T17:12:44.800284+00:00
RNGEH3EVCMKMKYPR,30,wms:stock_snapshot_sim,2026-09-04T17:12:44.800284+00:00
DREEGZ5CPMQDRZST,0,wms:stock_snapshot_sim,2026-09-04T17:12:44.800284+00:00
CNDEGVK2VGHG7GHG,39,wms:stock_snapshot_sim,2026-09-04T17:12:44.800284+00:00
DREEBQF7QMZVYNMB,8,wms:stock_snapshot_sim,2026-09-04T17:12:44.800284+00:00
BRAE3WVQHJWKQZHZ,31,wms:stock_snapshot_sim,2026-09-04T17:12:44.800284+00:00
SNDDVN24AHEAYBYM,36,wms:stock_snapshot_sim,2026-09-04T17:12:44.800284+00:00
BCHEG2BGR3FYMQ5Z,22,wms:stock_snapshot_sim,2026-09-04T17:12:44.800284+00:00
PCSE6SJGJX8VCEAZ,3,wms:stock_snapshot_sim,2026-09-04T17:12:44.800284+00:00
RKSEA9FCGET8EAAB,21,wms:stock_snapshot_sim,2026-09-04T17:12:44.800284+00:00
BDDEH29EWHWRAPWG,35,wms:stock_snapshot_sim,2026-09-04T17:12:44.800284+00:00
BRAEDVY9CDHT6N3Y,19,wms:stock_snapshot_sim,2026-09-04T17:12:44.800284+00:00
SNRDMU8FYJSKBXX3,0,wms:stock_snapshot_sim,2026-09-04T17:12:44.800284+00:00
TSHEBZX5ZYUHFUEH,20,wms:stock_snapshot_sim,2026-09-04T17:12:44.800284+00:00
BRAE5SCSA8E5WMKE,9,wms:stock_snapshot_sim,2026-09-04T17:12:44.800284+00:00
SLIEHET3CZ6XSDHP,25,wms:stock_snapshot_sim,2026-09-04T17:12:44.800284+00:00
BBAEEYYXG9X5S9HY,18,wms:stock_snapshot_sim,2026-09-04T17:12:44.800284+00:00
PCSDY5AHKFCUQ3ZS,27,wms:stock_snapshot_sim,2026-09-04T17:12:44.800284+00:00
TSHEJB9HBUSJ6EZM,34,wms:stock_snapshot_sim,2026-09-04T17:12:44.800284+00:00
HCSEHGV96WXQCBN9,32,wms:stock_snapshot_sim,2026-09-04T17:12:44.800284+00:00
CRNEE84JN6EGWHXW,20,wms:stock_snapshot_sim,2026-09-04T17:12:44.800284+00:00
CPCECHAPUTYFU9WF,2,wms:stock_snapshot_sim,2026-09-04T17:12:44.800284+00:00
RTREGG8F83DMYHPE,21,wms:stock_snapshot_sim,2026-09-04T17:12:44.800284+00:00
CRNEE84JVYFHHG3X,6,wms:stock_snapshot_sim,2026-09-04T17:12:44.800284+00:00
BCHEG22KNCSNF3ZY,34,wms:stock_snapshot_sim,2026-09-04T17:12:44.800284+00:00
TSHE6KBG9ZKYHEZD,7,wms:stock_snapshot_sim,2026-09-04T17:12:44.800284+00:00
CRNEDX3GCRFHQEB3,7,wms:stock_snapshot_sim,2026-09-04T17:12:44.800284+00:00
RNGE9HEZZYWUWDPU,22,wms:stock_snapshot_sim,2026-09-04T17:12:44.800284+00:00
SWSEFUNK9Z2WKVCA,8,wms:stock_snapshot_sim,2026-09-04T17:12:44.800284+00:00
ACCEGKFHRFGN6XZB,14,wms:stock_snapshot_sim,2026-09-04T17:12:44.800284+00:00
BRAEGJFXUBNKSKZZ,6,wms:stock_snapshot_sim,2026-09-04T17:12:44.800284+00:00
PCSDYQEVCWZSZH8V,18,wms:stock_snapshot_sim,2026-09-04T17:12:44.800284+00:00
RNGDTBQT4FVR57WM,36,wms:stock_snapshot_sim,2026-09-04T17:12:44.800284+00:00
NKCE8RB5WSWKJPFR,6,wms:stock_snapshot_sim,2026-09-04T17:12:44.800284+00:00
NKCEFNPK5CUVDE2X,36,wms:stock_snapshot_sim,2026-09-04T17:12:44.800284+00:00
ACBECFGT9FTPGEDC,35,wms:stock_snapshot_sim,2026-09-04T17:12:44.800284+00:00
CRTECYY4ZHUZ6HNT,36,wms:stock_snapshot_sim,2026-09-04T17:12:44.800284+00:00
ACCE5ZCYYWU7ZX5P,7,wms:stock_snapshot_sim,2026-09-04T17:12:44.800284+00:00
ACCE8XUCYRB9ATHZ,3,wms:stock_snapshot_sim,2026-09-04T17:12:44.800284+00:00
ACCE9ZY9EFCPZYZX,27,wms:stock_snapshot_sim,2026-09-04T17:12:44.800284+00:00
PELEGNVBZXXXKDNZ,0,wms:stock_snapshot_sim,2026-09-04T17:12:44.800284+00:00
RCTDHPZTWCHTKKSW,4,wms:stock_snapshot_sim,2026-09-04T17:12:44.800284+00:00
SNDEHZH4S5GKC2ZU,7,wms:stock_snapshot_sim,2026-09-04T17:12:44.800284+00:00
LJGEAZSFPCZ3HYXV,38,wms:stock_snapshot_sim,2026-09-04T17:12:44.800284+00:00
SHOED5DCSTQKZCGF,0,wms:stock_snapshot_sim,2026-09-04T17:12:44.800284+00:00
NKCE8RB52VWTPE6X,3,wms:stock_snapshot_sim,2026-09-04T17:12:44.800284+00:00
TSHE8NSBZTMPWDZH,24,wms:stock_snapshot_sim,2026-09-04T17:12:44.800284+00:00
BCHEHYUHBEVHSFU7,7,wms:stock_snapshot_sim,2026-09-04T17:12:44.800284+00:00
SHOEAPT3RUN6RAJ2,38,wms:stock_snapshot_sim,2026-09-04T17:12:44.800284+00:00
PSUEJA2HRBPYHA6K,16,wms:stock_snapshot_sim,2026-09-04T17:12:44.800284+00:00
CDBECKGDNRGKNVW7,0,wms:stock_snapshot_sim,2026-09-04T17:12:44.800284+00:00
RNGEA9ZWQCB2ZUFS,37,wms:stock_snapshot_sim,2026-09-04T17:12:44.800284+00:00
BBAEJNHTYYUXBAHY,7,wms:stock_snapshot_sim,2026-09-04T17:12:44.800284+00:00
RNGEC8PZRKPETAAH,2,wms:stock_snapshot_sim,2026-09-04T17:12:44.800284+00:00
CAGE8TQ8A7TPFYZN,9,wms:stock_snapshot_sim,2026-09-04T17:12:44.800284+00:00
NKCE92GF4CCC8EWG,33,wms:stock_snapshot_sim,2026-09-04T17:12:44.800284+00:00
APREGUT8FZF9ZJDF,27,wms:stock_snapshot_sim,2026-09-04T17:12:44.800284+00:00
SHIEB85ZRAUWMFTT,0,wms:stock_snapshot_sim,2026-09-04T17:12:44.800284+00:00
RTRDRJF8GJ5AFZTG,18,wms:stock_snapshot_sim,2026-09-04T17:12:44.800284+00:00
SHOEG7NXNBF9PPJV,13,wms:stock_snapshot_sim,2026-09-04T17:12:44.800284+00:00
ACCE9YWXSCSNUGWA,16,wms:stock_snapshot_sim,2026-09-04T17:12:44.800284+00:00
CAGED6GKHZWGTZG2,0,wms:stock_snapshot_sim,2026-09-04T17:12:44.800284+00:00
TSHEBQFMZXHTVCWZ,25,wms:stock_snapshot_sim,2026-09-04T17:12:44.800284+00:00
BLAEAWABXYYHK4Y2,34,wms:stock_snapshot_sim,2026-09-04T17:12:44.800284+00:00
SHOEGJK85Z3TSXZE,9,wms:stock_snapshot_sim,2026-09-04T17:12:44.800284+00:00
MFLEYGFH8PFBVRDG,38,wms:stock_snapshot_sim,2026-09-04T17:12:44.800284+00:00
WATDJTR9BN4BB5AJ,38,wms:stock_snapshot_sim,2026-09-04T17:12:44.800284+00:00
BCHEG2JSSAYUDQSC,16,wms:stock_snapshot_sim,2026-09-04T17:12:44.800284+00:00
SHMECRRMZRZKQEHM,8,wms:stock_snapshot_sim,2026-09-04T17:12:44.800284+00:00
DREDV8HGDHM8D6PU,17,wms:stock_snapshot_sim,2026-09-04T17:12:44.800284+00:00
BRAEAR7WUYD3CZAT,32,wms:stock_snapshot_sim,2026-09-04T17:12:44.800284+00:00
VANE8QPQZFRE6XVN,0,wms:stock_snapshot_sim,2026-09-04T17:12:44.800284+00:00
STIE7KFHHFMGM9WX,38,wms:stock_snapshot_sim,2026-09-04T17:12:44.800284+00:00
TSHE967UWGU78PAC,17,wms:stock_snapshot_sim,2026-09-04T17:12:44.800284+00:00
NKCEAVZ3FCDEUZHG,37,wms:stock_snapshot_sim,2026-09-04T17:12:44.800284+00:00
WCKE56UCFX5EG9ZK,38,wms:stock_snapshot_sim,2026-09-04T17:12:44.800284+00:00
TOPEHZMKMYHYGQ9S,16,wms:stock_snapshot_sim,2026-09-04T17:12:44.800284+00:00
ACCEJS3ZY9X2GGYW,3,wms:stock_snapshot_sim,2026-09-04T17:12:44.800284+00:00
WATE9WKSHRYTM2PP,16,wms:stock_snapshot_sim,2026-09-04T17:12:44.800284+00:00
RNGE7M9279JQH6M2,5,wms:stock_snapshot_sim,2026-09-04T17:12:44.800284+00:00
BRAE73KFJGNSP2NP,9,wms:stock_snapshot_sim,2026-09-04T17:12:44.800284+00:00
SHTEJZKNDAFHN5MZ,18,wms:stock_snapshot_sim,2026-09-04T17:12:44.800284+00:00
DRPEHS7GGAEJHWGH,37,wms:stock_snapshot_sim,2026-09-04T17:12:44.800284+00:00
SHOEBGHJZB2UKFC4,0,wms:stock_snapshot_sim,2026-09-04T17:12:44.800284+00:00
ACCE9DK9UZUH5TBD,8,wms:stock_snapshot_sim,2026-09-04T17:12:44.800284+00:00
NKCECATPDKZVTFX2,1,wms:stock_snapshot_sim,2026-09-04T17:12:44.800284+00:00
RNGEDAK9UAM5BX6D,22,wms:stock_snapshot_sim,2026-09-04T17:12:44.800284+00:00
KRTEDE5JSEMGBTYJ,10,wms:stock_snapshot_sim,2026-09-04T17:12:44.800284+00:00
SHTEDAU6YEYVGEKG,8,wms:stock_snapshot_sim,2026-09-04T17:12:44.800284+00:00
SHTEDWTVVGDRVTNX,21,wms:stock_snapshot_sim,2026-09-04T17:12:44.800284+00:00
CAGE9ABBP3NXYEMZ,25,wms:stock_snapshot_sim,2026-09-04T17:12:44.800284+00:00
PTPE6GZRTJJCSURV,18,wms:stock_snapshot_sim,2026-09-04T17:12:44.800284+00:00
SNDEBHHAZWXZRSD5,13,wms:stock_snapshot_sim,2026-09-04T17:12:44.800284+00:00
DRPEFT39HDTW8EPJ,10,wms:stock_snapshot_sim,2026-09-04T17:12:44.800284+00:00
BRAEDUXKYEZXQAXS,23,wms:stock_snapshot_sim,2026-09-04T17:12:44.800284+00:00
STIE7KFHQZFC6YS5,16,wms:stock_snapshot_sim,2026-09-04T17:12:44.800284+00:00
NKCEAX7HGAK22MYJ,18,wms:stock_snapshot_sim,2026-09-04T17:12:44.800284+00:00
TCVEHSMFHCPGH9QJ,17,wms:stock_snapshot_sim,2026-09-04T17:12:44.800284+00:00
ACCEDGBH5D5HBCBH,0,wms:stock_snapshot_sim,2026-09-04T17:12:44.800284+00:00
TSHEGXUPWU5BGHAY,4,wms:stock_snapshot_sim,2026-09-04T17:12:44.800284+00:00
ACCE9Y6PCTFY6NZP,4,wms:stock_snapshot_sim,2026-09-04T17:12:44.800284+00:00
ACCEGH6QGCGAZBFZ,34,wms:stock_snapshot_sim,2026-09-04T17:12:44.800284+00:00
DREEG5ZR4CSHRHQY,27,wms:stock_snapshot_sim,2026-09-04T17:12:44.800284+00:00
NKCEBF3YZPDEAYRR,19,wms:stock_snapshot_sim,2026-09-04T17:12:44.800284+00:00
BLAEEDVPYT5GQ64V,18,wms:stock_snapshot_sim,2026-09-04T17:12:44.800284+00:00
JWSE7Q2JFBKVSFSK,1,wms:stock_snapshot_sim,2026-09-04T17:12:44.800284+00:00
BRAE5XBNRRYNMMGU,34,wms:stock_snapshot_sim,2026-09-04T17:12:44.800284+00:00
FABE92NUSYEWSG56,0,wms:stock_snapshot_sim,2026-09-04T17:12:44.800284+00:00
CRNEE84JRDJQRDZH,20,wms:stock_snapshot_sim,2026-09-04T17:12:44.800284+00:00
SHTE4ZUYKEZKHYJQ,29,wms:stock_snapshot_sim,2026-09-04T17:12:44.800284+00:00
ACCE9DJRHGN5TDZM,18,wms:stock_snapshot_sim,2026-09-04T17:12:44.800284+00:00
ERGE6G4RNZCSMAQ6,25,wms:stock_snapshot_sim,2026-09-04T17:12:44.800284+00:00
ACCE9DJZFAHZZEKH,31,wms:stock_snapshot_sim,2026-09-04T17:12:44.800284+00:00
CRGEYZ5FGRTYJUT6,9,wms:stock_snapshot_sim,2026-09-04T17:12:44.800284+00:00
CRNEDAKFVWTHSKFF,0,wms:stock_snapshot_sim,2026-09-04T17:12:44.800284+00:00
BBAE7F9BYJ5U8QUE,32,wms:stock_snapshot_sim,2026-09-04T17:12:44.800284+00:00
TSHE8KKZRMHYY5T6,36,wms:stock_snapshot_sim,2026-09-04T17:12:44.800284+00:00
BLAE8YHUD3WYEH7S,10,wms:stock_snapshot_sim,2026-09-04T17:12:44.800284+00:00
CAGE7DUYEYWSYGBY,24,wms:stock_snapshot_sim,2026-09-04T17:12:44.800284+00:00
SHTDVC4GUEY3PZRC,7,wms:stock_snapshot_sim,2026-09-04T17:12:44.800284+00:00
RPTEJNTG86BGZWAT,34,wms:stock_snapshot_sim,2026-09-04T17:12:44.800284+00:00
ACCEFH5BQF6WMYE8,26,wms:stock_snapshot_sim,2026-09-04T17:12:44.800284+00:00
CSPEJVPYESZ5ANEH,0,wms:stock_snapshot_sim,2026-09-04T17:12:44.800284+00:00
RTRDY9NVKBBNGYMU,7,wms:stock_snapshot_sim,2026-09-04T17:12:44.800284+00:00
MUGEACY8H8FYGHNS,19,wms:stock_snapshot_sim,2026-09-04T17:12:44.800284+00:00
SOPEJXBBKEAHD3NK,16,wms:stock_snapshot_sim,2026-09-04T17:12:44.800284+00:00
SLBEJTAHAP9WZYRR,36,wms:stock_snapshot_sim,2026-09-04T17:12:44.800284+00:00
BRAE8TFHWZZBMKHJ,37,wms:stock_snapshot_sim,2026-09-04T17:12:44.800284+00:00
TSHE6KAJFZBKKHB2,34,wms:stock_snapshot_sim,2026-09-04T17:12:44.800284+00:00
NKCE5H4XRHTYGHHJ,32,wms:stock_snapshot_sim,2026-09-04T17:12:44.800284+00:00
NKCDWBPZEYFAGCW5,1,wms:stock_snapshot_sim,2026-09-04T17:12:44.800284+00:00
SWTDSG8ZXFMKUF9U,2,wms:stock_snapshot_sim,2026-09-04T17:12:44.800284+00:00
SNDDY9RZPHET6BHX,36,wms:stock_snapshot_sim,2026-09-04T17:12:44.800284+00:00
GSPEGZBGUU5R22GZ,22,wms:stock_snapshot_sim,2026-09-04T17:12:44.800284+00:00
BZREHJ6Z8WJQHFPX,0,wms:stock_snapshot_sim,2026-09-04T17:12:44.800284+00:00
STIE8YSVBHMJAYT6,7,wms:stock_snapshot_sim,2026-09-04T17:12:44.800284+00:00
VLBEGZ7SH57ANVTV,28,wms:stock_snapshot_sim,2026-09-04T17:12:44.800284+00:00
BLAEB3XA7UAXN9TH,18,wms:stock_snapshot_sim,2026-09-04T17:12:44.800284+00:00
SHOE3F2BUTFVYGFR,26,wms:stock_snapshot_sim,2026-09-04T17:12:44.800284+00:00
SHTEYE99AMMVKYDK,39,wms:stock_snapshot_sim,2026-09-04T17:12:44.800284+00:00
PPME8GGFTYH9V2HG,23,wms:stock_snapshot_sim,2026-09-04T17:12:44.800284+00:00
RTRE2XJSG2ZFVFTW,0,wms:stock_snapshot_sim,2026-09-04T17:12:44.800284+00:00
ACCDNSFXDD42MHJP,13,wms:stock_snapshot_sim,2026-09-04T17:12:44.800284+00:00
ACCE9Y6WUYMQEAV5,21,wms:stock_snapshot_sim,2026-09-04T17:12:44.800284+00:00
BRAE3TSHYGDRV2UC,0,wms:stock_snapshot_sim,2026-09-04T17:12:44.800284+00:00
TIEEJTDTVSFPTNEF,31,wms:stock_snapshot_sim,2026-09-04T17:12:44.800284+00:00
HSYEE3PERJWWMYHB,35,wms:stock_snapshot_sim,2026-09-04T17:12:44.800284+00:00
SHTEBQ5W9ZXGHBZZ,15,wms:stock_snapshot_sim,2026-09-04T17:12:44.800284+00:00
PEBEDMZDHZARANGA,36,wms:stock_snapshot_sim,2026-09-04T17:12:44.800284+00:00
WATE26J7DTHUYJN8,0,wms:stock_snapshot_sim,2026-09-04T17:12:44.800284+00:00
WCKE26PFEZETHGRZ,0,wms:stock_snapshot_sim,2026-09-04T17:12:44.800284+00:00
PBXEJTJRCMZ2H7ZE,9,wms:stock_snapshot_sim,2026-09-04T17:12:44.800284+00:00
JWSEBUKYBFXYWAGF,3,wms:stock_snapshot_sim,2026-09-04T17:12:44.800284+00:00
KTAEJ8C64UYYN8M8,27,wms:stock_snapshot_sim,2026-09-04T17:12:44.800284+00:00
RCLEYW4PQPMHDXGJ,5,wms:stock_snapshot_sim,2026-09-04T17:12:44.800284+00:00
USGEBSK8VVGZCHPF,36,wms:stock_snapshot_sim,2026-09-04T17:12:44.800284+00:00
WATDUGUZABNT4RRT,9,wms:stock_snapshot_sim,2026-09-04T17:12:44.800284+00:00
TSHEH9F3JXP2EVRG,14,wms:stock_snapshot_sim,2026-09-04T17:12:44.800284+00:00
ETHECTUGNUQNGTWK,7,wms:stock_snapshot_sim,2026-09-04T17:12:44.800284+00:00
RNGEDAK2URYPNGYG,0,wms:stock_snapshot_sim,2026-09-04T17:12:44.800284+00:00
DREEDSN2EXZFYDPA,0,wms:stock_snapshot_sim,2026-09-04T17:12:44.800284+00:00
CRTECN2QYGW6AUVX,8,wms:stock_snapshot_sim,2026-09-04T17:12:44.800284+00:00
SHOECSWQFHZEFZNZ,38,wms:stock_snapshot_sim,2026-09-04T17:12:44.800284+00:00
ACCEGUY9UY7UQTNF,14,wms:stock_snapshot_sim,2026-09-04T17:12:44.800284+00:00
RCLEARZGMRQE2HMY,0,wms:stock_snapshot_sim,2026-09-04T17:12:44.800284+00:00
NKCE64Z4VZXKHB4E,40,wms:stock_snapshot_sim,2026-09-04T17:12:44.800284+00:00
NKCDSCF3GGTCQ23U,17,wms:stock_snapshot_sim,2026-09-04T17:12:44.800284+00:00
BRAED7QUJVM6HEEZ,35,wms:stock_snapshot_sim,2026-09-04T17:12:44.800284+00:00
TBREJS7B3SHHS33Y,16,wms:stock_snapshot_sim,2026-09-04T17:12:44.800284+00:00
TUNEBE8ADAYHZ4PG,0,wms:stock_snapshot_sim,2026-09-04T17:12:44.800284+00:00
ACCEA4CAW2FKZPGN,35,wms:stock_snapshot_sim,2026-09-04T17:12:44.800284+00:00
VANEGDV9VWHGCEBN,1,wms:stock_snapshot_sim,2026-09-04T17:12:44.800284+00:00
ACCE6GFGHGCX46VF,32,wms:stock_snapshot_sim,2026-09-04T17:12:44.800284+00:00
PBXEAKUHWSQ6SJUJ,14,wms:stock_snapshot_sim,2026-09-04T17:12:44.800284+00:00
ACCE8DY6GCGZSNYJ,22,wms:stock_snapshot_sim,2026-09-04T17:12:44.800284+00:00
CRTECN2QZ2HFUHH5,33,wms:stock_snapshot_sim,2026-09-04T17:12:44.800284+00:00
BRAECKHXJZVGVNCN,37,wms:stock_snapshot_sim,2026-09-04T17:12:44.800284+00:00
NKCECGVAMX6ZGEVH,28,wms:stock_snapshot_sim,2026-09-04T17:12:44.800284+00:00
WATE26J74MGUBFFB,23,wms:stock_snapshot_sim,2026-09-04T17:12:44.800284+00:00
LEAEAZDSZYFTQNSD,36,wms:stock_snapshot_sim,2026-09-04T17:12:44.800284+00:00
NKCEACWNSZ4WMBHQ,2,wms:stock_snapshot_sim,2026-09-04T17:12:44.800284+00:00
NKCE966EVHN4AM4H,37,wms:stock_snapshot_sim,2026-09-04T17:12:44.800284+00:00
BRAE825JNJFFJYSU,0,wms:stock_snapshot_sim,2026-09-04T17:12:44.800284+00:00
SHOEHXHVYRDGRZG3,12,wms:stock_snapshot_sim,2026-09-04T17:12:44.800284+00:00
SHIEBQF6VHTX2HYZ,15,wms:stock_snapshot_sim,2026-09-04T17:12:44.800284+00:00
BKAEGFWSYB7AXUJS,12,wms:stock_snapshot_sim,2026-09-04T17:12:44.800284+00:00
TUNEHU6D7SFN7SYY,14,wms:stock_snapshot_sim,2026-09-04T17:12:44.800284+00:00
HDREGAA5JZTWH6UR,19,wms:stock_snapshot_sim,2026-09-04T17:12:44.800284+00:00
ACCDVHJPXZGMPP9W,29,wms:stock_snapshot_sim,2026-09-04T17:12:44.800284+00:00
NKCE9YFBNZRPZNDY,9,wms:stock_snapshot_sim,2026-09-04T17:12:44.800284+00:00
DREECJD8CZDDUJNU,0,wms:stock_snapshot_sim,2026-09-04T17:12:44.800284+00:00
MUGEBFGFM83MRVN7,14,wms:stock_snapshot_sim,2026-09-04T17:12:44.800284+00:00
RNGEDF5HHWM7UERM,20,wms:stock_snapshot_sim,2026-09-04T17:12:44.800284+00:00
SNDEDGAFFSHFKZN2,28,wms:stock_snapshot_sim,2026-09-04T17:12:44.800284+00:00
SHOEJGFU7RXZXFEM,5,wms:stock_snapshot_sim,2026-09-04T17:12:44.800284+00:00
CRTECN2QZNWFT9PT,11,wms:stock_snapshot_sim,2026-09-04T17:12:44.800284+00:00
RNGE9HDZZMRTSGWR,1,wms:stock_snapshot_sim,2026-09-04T17:12:44.800284+00:00
RTRECBJHGSARFZN2,3,wms:stock_snapshot_sim,2026-09-04T17:12:44.800284+00:00
CPCE69JGZ42PXPWV,27,wms:stock_snapshot_sim,2026-09-04T17:12:44.800284+00:00
FAFEJXZUYEKFCCXX,11,wms:stock_snapshot_sim,2026-09-04T17:12:44.800284+00:00
TSHEFJFZCGXRYC9X,10,wms:stock_snapshot_sim,2026-09-04T17:12:44.800284+00:00
LJGECMERZRSNVEHZ,28,wms:stock_snapshot_sim,2026-09-04T17:12:44.800284+00:00
SHTEB4MHWGHHYZMV,11,wms:stock_snapshot_sim,2026-09-04T17:12:44.800284+00:00
TSHEBQFHQTYRV2JG,34,wms:stock_snapshot_sim,2026-09-04T17:12:44.800284+00:00
ACCDUFZGRNKUHPNZ,34,wms:stock_snapshot_sim,2026-09-04T17:12:44.800284+00:00
STIEGGF3ZAHJUCH2,38,wms:stock_snapshot_sim,2026-09-04T17:12:44.800284+00:00
SHIE9FMPNPC7ZGGZ,38,wms:stock_snapshot_sim,2026-09-04T17:12:44.800284+00:00
SHOED5DC2GSMQMHU,29,wms:stock_snapshot_sim,2026-09-04T17:12:44.800284+00:00
CRTECN2QZBHAB3XV,39,wms:stock_snapshot_sim,2026-09-04T17:12:44.800284+00:00
SNDEFS7QNHMY8NG7,37,wms:stock_snapshot_sim,2026-09-04T17:12:44.800284+00:00
MUGEAGGKY8BGZWSU,29,wms:stock_snapshot_sim,2026-09-04T17:12:44.800284+00:00
BRAEGJFZYEW2BMFJ,40,wms:stock_snapshot_sim,2026-09-04T17:12:44.800284+00:00
TSHE4ENHQHZYRNYZ,29,wms:stock_snapshot_sim,2026-09-04T17:12:44.800284+00:00
SOCEGHH8ZDCZYSKX,17,wms:stock_snapshot_sim,2026-09-04T17:12:44.800284+00:00
RNGEDAPVYR2JU4QV,2,wms:stock_snapshot_sim,2026-09-04T17:12:44.800284+00:00
TSHECXA5RWFJP92S,19,wms:stock_snapshot_sim,2026-09-04T17:12:44.800284+00:00
NKCE7MBR6VAQEUMP,35,wms:stock_snapshot_sim,2026-09-04T17:12:44.800284+00:00
PENDTRFZ4HFPH8SN,6,wms:stock_snapshot_sim,2026-09-04T17:12:44.800284+00:00
SWTDZCHNPYBTGZBX,8,wms:stock_snapshot_sim,2026-09-04T17:12:44.800284+00:00
TOPEJRDFKFGPZEGZ,9,wms:stock_snapshot_sim,2026-09-04T17:12:44.800284+00:00
ACCE6SJGZFQ6K5DC,15,wms:stock_snapshot_sim,2026-09-04T17:12:44.800284+00:00
WATE5HFYE4KECYVA,35,wms:stock_snapshot_sim,2026-09-04T17:12:44.800284+00:00
SHTEAHVDDXHNGXAY,8,wms:stock_snapshot_sim,2026-09-04T17:12:44.800284+00:00
SCFEHFMHWZNYMH9C,26,wms:stock_snapshot_sim,2026-09-04T17:12:44.800284+00:00
CAGDTFSHTF6TRBFZ,38,wms:stock_snapshot_sim,2026-09-04T17:12:44.800284+00:00
ETHEJG7NW4M4AFCZ,9,wms:stock_snapshot_sim,2026-09-04T17:12:44.800284+00:00
RNGDWKZHDVFQTDYV,0,wms:stock_snapshot_sim,2026-09-04T17:12:44.800284+00:00
TSHE993QFWTCUVH2,15,wms:stock_snapshot_sim,2026-09-04T17:12:44.800284+00:00
GLSEHEJA3CAWZ8JJ,16,wms:stock_snapshot_sim,2026-09-04T17:12:44.800284+00:00
STFE8Y2DHWQZYFPP,33,wms:stock_snapshot_sim,2026-09-04T17:12:44.800284+00:00
SNDE56UUKGHHWFGF,35,wms:stock_snapshot_sim,2026-09-04T17:12:44.800284+00:00
BRAEBBYRHPZNNP6Z,16,wms:stock_snapshot_sim,2026-09-04T17:12:44.800284+00:00
BBAEE9AQCFCZKJ5C,6,wms:stock_snapshot_sim,2026-09-04T17:12:44.800284+00:00
KRTE8HQUGTUCC8PX,35,wms:stock_snapshot_sim,2026-09-04T17:12:44.800284+00:00
SNDEHZPHCXP7ZTFA,0,wms:stock_snapshot_sim,2026-09-04T17:12:44.800284+00:00
MATEHFNMZVV9HYUV,36,wms:stock_snapshot_sim,2026-09-04T17:12:44.800284+00:00
DREEJBKDNDZFM3EZ,12,wms:stock_snapshot_sim,2026-09-04T17:12:44.800284+00:00
MUGEAGGKUQE2HYPZ,0,wms:stock_snapshot_sim,2026-09-04T17:12:44.800284+00:00
SGEEJJ7AV4SFEM2B,14,wms:stock_snapshot_sim,2026-09-04T17:12:44.800284+00:00
CAGED2U3ZJSTGAMT,15,wms:stock_snapshot_sim,2026-09-04T17:12:44.800284+00:00
FABE3GHHBUZQBNXZ,6,wms:stock_snapshot_sim,2026-09-04T17:12:44.800284+00:00
RNGE864H577QBP3D,40,wms:stock_snapshot_sim,2026-09-04T17:12:44.800284+00:00
BBAE9K7BXFUTDNBK,28,wms:stock_snapshot_sim,2026-09-04T17:12:44.800284+00:00
SUSEGT8H7MH5DPHM,35,wms:stock_snapshot_sim,2026-09-04T17:12:44.800284+00:00
MUGEBFGFYWQRWYDN,0,wms:stock_snapshot_sim,2026-09-04T17:12:44.800284+00:00
ACBECFGTUMPYFR6Z,30,wms:stock_snapshot_sim,2026-09-04T17:12:44.800284+00:00
BBADY34ZZXDVQ2WH,18,wms:stock_snapshot_sim,2026-09-04T17:12:44.800284+00:00
SNDEGAHFHSWVDGNZ,22,wms:stock_snapshot_sim,2026-09-04T17:12:44.800284+00:00
SHTE9GZ42BGVFJPN,0,wms:stock_snapshot_sim,2026-09-04T17:12:44.800284+00:00
CRTECN2QWEDYMDNQ,2,wms:stock_snapshot_sim,2026-09-04T17:12:44.800284+00:00
RNGDTBQURWKKGMZZ,2,wms:stock_snapshot_sim,2026-09-04T17:12:44.800284+00:00
LTNEHQSP479D2F8K,2,wms:stock_snapshot_sim,2026-09-04T17:12:44.800284+00:00
CAGE6SYMVUA8FPT8,0,wms:stock_snapshot_sim,2026-09-04T17:12:44.800284+00:00
JEAECN2QDGZMGFDC,38,wms:stock_snapshot_sim,2026-09-04T17:12:44.800284+00:00
TOPEGQKDATUDJTAG,0,wms:stock_snapshot_sim,2026-09-04T17:12:44.800284+00:00
TKPE3YU7BHGNSNG2,31,wms:stock_snapshot_sim,2026-09-04T17:12:44.800284+00:00
NKCE9YFBFPA6YFSJ,7,wms:stock_snapshot_sim,2026-09-04T17:12:44.800284+00:00
SHOEG5XH7GTM8D7Z,35,wms:stock_snapshot_sim,2026-09-04T17:12:44.800284+00:00
JEAEGMZZJYJMCYJK,4,wms:stock_snapshot_sim,2026-09-04T17:12:44.800284+00:00
TOPEHZNT48HMRU59,39,wms:stock_snapshot_sim,2026-09-04T17:12:44.800284+00:00
DREEGSMKFEHFFYNV,0,wms:stock_snapshot_sim,2026-09-04T17:12:44.800284+00:00
PEBEDSZGJGUZVMFG,23,wms:stock_snapshot_sim,2026-09-04T17:12:44.800284+00:00
TIEEEBM4UVEXSPWE,8,wms:stock_snapshot_sim,2026-09-04T17:12:44.800284+00:00
BOTEDSEN9ZSFUUAQ,33,wms:stock_snapshot_sim,2026-09-04T17:12:44.800284+00:00
HDNEDVWY9WFXB4B8,19,wms:stock_snapshot_sim,2026-09-04T17:12:44.800284+00:00
SNDEHZPDXUBEHF5V,6,wms:stock_snapshot_sim,2026-09-04T17:12:44.800284+00:00
PENDTRFZPDXS8WWZ,10,wms:stock_snapshot_sim,2026-09-04T17:12:44.800284+00:00
ETHEGYHCMDYGZTDZ,37,wms:stock_snapshot_sim,2026-09-04T17:12:44.800284+00:00
BLBEDZARQ6FVQGGH,19,wms:stock_snapshot_sim,2026-09-04T17:12:44.800284+00:00
SNDE3TJT5MNHBFJB,5,wms:stock_snapshot_sim,2026-09-04T17:12:44.800284+00:00
BCHEHYUHTSPKFRGF,19,wms:stock_snapshot_sim,2026-09-04T17:12:44.800284+00:00
SWSEG4P3YMPMDHPW,3,wms:stock_snapshot_sim,2026-09-04T17:12:44.800284+00:00
SLBEG68TKWYVGNKT,31,wms:stock_snapshot_sim,2026-09-04T17:12:44.800284+00:00
NKCE7ZPRDS6PZTAA,0,wms:stock_snapshot_sim,2026-09-04T17:12:44.800284+00:00
BBAEGFCTGA8BCDTA,2,wms:stock_snapshot_sim,2026-09-04T17:12:44.800284+00:00
DKOECHX3YEHGYMMM,0,wms:stock_snapshot_sim,2026-09-04T17:12:44.800284+00:00
BBAE9DCWDUT22HXT,0,wms:stock_snapshot_sim,2026-09-04T17:12:44.800284+00:00
BBADWZZDWPYWGJVY,16,wms:stock_snapshot_sim,2026-09-04T17:12:44.800284+00:00
SRTEEYREHHHZZGGG,22,wms:stock_snapshot_sim,2026-09-04T17:12:44.800284+00:00
TSHE967UCGFGKNFW,0,wms:stock_snapshot_sim,2026-09-04T17:12:44.800284+00:00
TOPDYMSXBMBWVAS4,18,wms:stock_snapshot_sim,2026-09-04T17:12:44.800284+00:00
CAGE8F56FWET6JMJ,26,wms:stock_snapshot_sim,2026-09-04T17:12:44.800284+00:00
WLPEJ5VGBMZKHWAZ,8,wms:stock_snapshot_sim,2026-09-04T17:12:44.800284+00:00
JEAEA26BYZMVDQUR,10,wms:stock_snapshot_sim,2026-09-04T17:12:44.800284+00:00
ACCE9WVGZBNWHNRF,33,wms:stock_snapshot_sim,2026-09-04T17:12:44.800284+00:00
SHOECXZEHUBBZYJV,21,wms:stock_snapshot_sim,2026-09-04T17:12:44.800284+00:00
TSHEDKKXFG4R57PZ,4,wms:stock_snapshot_sim,2026-09-04T17:12:44.800284+00:00
MUGEGWT5RGJJHSGN,11,wms:stock_snapshot_sim,2026-09-04T17:12:44.800284+00:00
CPCEA4ZCHPHGHCYN,25,wms:stock_snapshot_sim,2026-09-04T17:12:44.800284+00:00
TKTEE8A2GASMXG5H,36,wms:stock_snapshot_sim,2026-09-04T17:12:44.800284+00:00
CPCE8AHXCVKUGCPT,31,wms:stock_snapshot_sim,2026-09-04T17:12:44.800284+00:00
MUGECEVFKRPQN87Q,0,wms:stock_snapshot_sim,2026-09-04T17:12:44.800284+00:00
SHTE6GKKZMEBVS5M,27,wms:stock_snapshot_sim,2026-09-04T17:12:44.800284+00:00
CAGE4Y4FXXUZS4ZP,40,wms:stock_snapshot_sim,2026-09-04T17:12:44.800284+00:00
WATDZ5HGHXGGHBCX,40,wms:stock_snapshot_sim,2026-09-04T17:12:44.800284+00:00
DREEGU3GGPKGHUGJ,2,wms:stock_snapshot_sim,2026-09-04T17:12:44.800284+00:00
CSREGVMGRHSGNYRE,34,wms:stock_snapshot_sim,2026-09-04T17:12:44.800284+00:00
HLMEJMBMUCEYKEFN,5,wms:stock_snapshot_sim,2026-09-04T17:12:44.800284+00:00
NKCEBG9BHYUDAHH3,0,wms:stock_snapshot_sim,2026-09-04T17:12:44.800284+00:00
NKCE3Y5PSKAJSBPY,8,wms:stock_snapshot_sim,2026-09-04T17:12:44.800284+00:00
WATDYFQ557AP8EVM,17,wms:stock_snapshot_sim,2026-09-04T17:12:44.800284+00:00
PBXEAMHQHTW77AQN,8,wms:stock_snapshot_sim,2026-09-04T17:12:44.800284+00:00
TOPEG4YZXYH2VPKX,34,wms:stock_snapshot_sim,2026-09-04T17:12:44.800284+00:00
FABE9335XAFGYAKP,17,wms:stock_snapshot_sim,2026-09-04T17:12:44.800284+00:00
ACCE9DKYWNUUV9ZH,17,wms:stock_snapshot_sim,2026-09-04T17:12:44.800284+00:00
USGEE27EHJBEYVVA,12,wms:stock_snapshot_sim,2026-09-04T17:12:44.800284+00:00
TSHECXA5DHGMXMYK,31,wms:stock_snapshot_sim,2026-09-04T17:12:44.800284+00:00
SHOEBG79YJZD9C33,16,wms:stock_snapshot_sim,2026-09-04T17:12:44.800284+00:00
ACCE82YYF7BJBXZ7,25,wms:stock_snapshot_sim,2026-09-04T17:12:44.800284+00:00
PCSEC86VAJBD6BVX,13,wms:stock_snapshot_sim,2026-09-04T17:12:44.800284+00:00
BBAE5PFM32XQWRYQ,5,wms:stock_snapshot_sim,2026-09-04T17:12:44.800284+00:00
HMBEGFGEFZJYF8JQ,16,wms:stock_snapshot_sim,2026-09-04T17:12:44.800284+00:00
SNDEGGTV9XERMGHH,5,wms:stock_snapshot_sim,2026-09-04T17:12:44.800284+00:00
SNDEHZQ7MMN272VX,26,wms:stock_snapshot_sim,2026-09-04T17:12:44.800284+00:00
BKAEGFWZ2GQBFZYH,19,wms:stock_snapshot_sim,2026-09-04T17:12:44.800284+00:00
TIEEEANPBF7F4GH7,34,wms:stock_snapshot_sim,2026-09-04T17:12:44.800284+00:00
NKCE9PFFXGMFX5PB,20,wms:stock_snapshot_sim,2026-09-04T17:12:44.800284+00:00
NSTE8FZ2WYVWAY3N,11,wms:stock_snapshot_sim,2026-09-04T17:12:44.800284+00:00
CRTECN2QSGBHXGMN,0,wms:stock_snapshot_sim,2026-09-04T17:12:44.800284+00:00
USGECHVGUHTZHTE9,9,wms:stock_snapshot_sim,2026-09-04T17:12:44.800284+00:00
VHREBBHBPXHHHPYE,34,wms:stock_snapshot_sim,2026-09-04T17:12:44.800284+00:00
NKCE6SR488C827WS,7,wms:stock_snapshot_sim,2026-09-04T17:12:44.800284+00:00
DREEBMGMTXPQEAHZ,17,wms:stock_snapshot_sim,2026-09-04T17:12:44.800284+00:00
SUIECPH2HZTAGBHS,0,wms:stock_snapshot_sim,2026-09-04T17:12:44.800284+00:00
ETYEFNWSNCPRQRFQ,25,wms:stock_snapshot_sim,2026-09-04T17:12:44.800284+00:00
USGEA6Z65ZHKACDH,25,wms:stock_snapshot_sim,2026-09-04T17:12:44.800284+00:00
SOFE8HPYASTGDEBF,24,wms:stock_snapshot_sim,2026-09-04T17:12:44.800284+00:00
NKCEA5FH8FXQKFAG,3,wms:stock_snapshot_sim,2026-09-04T17:12:44.800284+00:00
BBAE9ZGYHHZMHWXQ,15,wms:stock_snapshot_sim,2026-09-04T17:12:44.800284+00:00
ACCEAZCV9DGDZDDD,24,wms:stock_snapshot_sim,2026-09-04T17:12:44.800284+00:00
SHOE5DFVH4RX6YAF,12,wms:stock_snapshot_sim,2026-09-04T17:12:44.800284+00:00
VASEJQQJFTSHHKVW,2,wms:stock_snapshot_sim,2026-09-04T17:12:44.800284+00:00
PACECFGASDHF8RQU,31,wms:stock_snapshot_sim,2026-09-04T17:12:44.800284+00:00
PBXEACG29GM6UESA,27,wms:stock_snapshot_sim,2026-09-04T17:12:44.800284+00:00
CCVEFVXGHKNCVZ5A,19,wms:stock_snapshot_sim,2026-09-04T17:12:44.800284+00:00
TFHEHXJUQFKNGGC2,34,wms:stock_snapshot_sim,2026-09-04T17:12:44.800284+00:00
RNGEBQZQGQVJZEHC,2,wms:stock_snapshot_sim,2026-09-04T17:12:44.800284+00:00
NKCEAPCWCAGENWN7,7,wms:stock_snapshot_sim,2026-09-04T17:12:44.800284+00:00
PBXEAKUHBKVYNGEG,36,wms:stock_snapshot_sim,2026-09-04T17:12:44.800284+00:00
ETHEG2YEFBVEV3VG,34,wms:stock_snapshot_sim,2026-09-04T17:12:44.800284+00:00
TSHE56TZZJGPFHGM,18,wms:stock_snapshot_sim,2026-09-04T17:12:44.800284+00:00
SHTE4G48XNHGJQYF,9,wms:stock_snapshot_sim,2026-09-04T17:12:44.800284+00:00
KRTEC89NQNYTJC9S,4,wms:stock_snapshot_sim,2026-09-04T17:12:44.800284+00:00
ACCDYDY6PBZGPYDT,22,wms:stock_snapshot_sim,2026-09-04T17:12:44.800284+00:00
PCSE9HAGNASZH2FW,0,wms:stock_snapshot_sim,2026-09-04T17:12:44.800284+00:00
CNSEHWGRNCSHGNPC,4,wms:stock_snapshot_sim,2026-09-04T17:12:44.800284+00:00
BBAEDVQFABYT2GPT,19,wms:stock_snapshot_sim,2026-09-04T17:12:44.800284+00:00
WATEYAP32BAUMHMD,14,wms:stock_snapshot_sim,2026-09-04T17:12:44.800284+00:00
MUGEACY82GPXUBAC,23,wms:stock_snapshot_sim,2026-09-04T17:12:44.800284+00:00
WATECV664H5MMGSQ,34,wms:stock_snapshot_sim,2026-09-04T17:12:44.800284+00:00
NKCE4CSZWA3EAF7G,21,wms:stock_snapshot_sim,2026-09-04T17:12:44.800284+00:00
BBAE7YVPPEGDNGP4,8,wms:stock_snapshot_sim,2026-09-04T17:12:44.800284+00:00
CAGEBUD2ZWTAAHHV,15,wms:stock_snapshot_sim,2026-09-04T17:12:44.800284+00:00
CAGEBTJBTNGGDZQZ,7,wms:stock_snapshot_sim,2026-09-04T17:12:44.800284+00:00
SHTEYYY4N2GNKWXH,0,wms:stock_snapshot_sim,2026-09-04T17:12:44.800284+00:00
LJGE8MZQBDGWBGDQ,30,wms:stock_snapshot_sim,2026-09-04T17:12:44.800284+00:00
TSHECQN9DGJWGW9F,8,wms:stock_snapshot_sim,2026-09-04T17:12:44.800284+00:00
CPCE5YKSD8HVN6NG,39,wms:stock_snapshot_sim,2026-09-04T17:12:44.800284+00:00
BRAE86C6TR2DCC7C,16,wms:stock_snapshot_sim,2026-09-04T17:12:44.800284+00:00
BHGEGTAU6PQYT9HY,13,wms:stock_snapshot_sim,2026-09-04T17:12:44.800284+00:00
BBAE4FG9AGXSPNS9,9,wms:stock_snapshot_sim,2026-09-04T17:12:44.800284+00:00
TOPEHZMKZ67ZYXYX,21,wms:stock_snapshot_sim,2026-09-04T17:12:44.800284+00:00
CRTECN2QXRHY9NAY,3,wms:stock_snapshot_sim,2026-09-04T17:12:44.800284+00:00
DREEDR97ZHGNPWFR,3,wms:stock_snapshot_sim,2026-09-04T17:12:44.800284+00:00
SGLEJXES7SFDGVU4,6,wms:stock_snapshot_sim,2026-09-04T17:12:44.800284+00:00
TOPEBN6MZNGGZEMY,40,wms:stock_snapshot_sim,2026-09-04T17:12:44.800284+00:00
TOPECJFAHFF9PB94,32,wms:stock_snapshot_sim,2026-09-04T17:12:44.800284+00:00
WATE4CG2AQAGWGSF,21,wms:stock_snapshot_sim,2026-09-04T17:12:44.800284+00:00
LJGEATZREKFCWH8G,7,wms:stock_snapshot_sim,2026-09-04T17:12:44.800284+00:00
ACCEF2R7ZWEDG674,33,wms:stock_snapshot_sim,2026-09-04T17:12:44.800284+00:00
MUGEACY8MDQCWAGH,36,wms:stock_snapshot_sim,2026-09-04T17:12:44.800284+00:00
SHTDSV7BZZWZDTWB,34,wms:stock_snapshot_sim,2026-09-04T17:12:44.800284+00:00
SHTECB929QZSW22R,1,wms:stock_snapshot_sim,2026-09-04T17:12:44.800284+00:00
PCSEDAPMHR2HNHWP,14,wms:stock_snapshot_sim,2026-09-04T17:12:44.800284+00:00
BTWEF3HHZRZ8HPGT,2,wms:stock_snapshot_sim,2026-09-04T17:12:44.800284+00:00
PCSE76X4WCN9UY6W,22,wms:stock_snapshot_sim,2026-09-04T17:12:44.800284+00:00
NKCEJVHY22PWWRZJ,8,wms:stock_snapshot_sim,2026-09-04T17:12:44.800284+00:00
SHODW69CFTFTCWUP,39,wms:stock_snapshot_sim,2026-09-04T17:12:44.800284+00:00
RAKEJU38QRJWQG4V,1,wms:stock_snapshot_sim,2026-09-04T17:12:44.800284+00:00
GLSEHEHZXMFJGQN6,25,wms:stock_snapshot_sim,2026-09-04T17:12:44.800284+00:00
ACCDQRVC6BUQGARK,32,wms:stock_snapshot_sim,2026-09-04T17:12:44.800284+00:00
SOPEJ7SCRS3SKFGP,19,wms:stock_snapshot_sim,2026-09-04T17:12:44.800284+00:00
ACCEEV5V5ERYC6RN,39,wms:stock_snapshot_sim,2026-09-04T17:12:44.800284+00:00
BCHEF5M6WFBMEAZP,27,wms:stock_snapshot_sim,2026-09-04T17:12:44.800284+00:00
BLAEE6KTJRCUYPFG,40,wms:stock_snapshot_sim,2026-09-04T17:12:44.800284+00:00
JEAEB969SDQ5ZXUQ,26,wms:stock_snapshot_sim,2026-09-04T17:12:44.800284+00:00
WATD9H76JFET8VUK,23,wms:stock_snapshot_sim,2026-09-04T17:12:44.800284+00:00
NKCEBVP6E2GTYS8N,4,wms:stock_snapshot_sim,2026-09-04T17:12:44.800284+00:00
SHOE6VTKJZUXHDAT,0,wms:stock_snapshot_sim,2026-09-04T17:12:44.800284+00:00
JCKDXPJGDX8MMGDF,8,wms:stock_snapshot_sim,2026-09-04T17:12:44.800284+00:00
SNDEGSM3QGRYFPCD,37,wms:stock_snapshot_sim,2026-09-04T17:12:44.800284+00:00
WATDSV3UZED5XFHA,35,wms:stock_snapshot_sim,2026-09-04T17:12:44.800284+00:00
WATEAAV6RFAR78T4,15,wms:stock_snapshot_sim,2026-09-04T17:12:44.800284+00:00
ACCE9HC5MEDTHUYB,31,wms:stock_snapshot_sim,2026-09-04T17:12:44.800284+00:00
BRAE3WVQTK27MVHW,2,wms:stock_snapshot_sim,2026-09-04T17:12:44.800284+00:00
SWSEDSPEKVXHKFGW,27,wms:stock_snapshot_sim,2026-09-04T17:12:44.800284+00:00
ACCDUV7ZFXEHS3HH,11,wms:stock_snapshot_sim,2026-09-04T17:12:44.800284+00:00
BRAEA2E7XHZHG2AG,39,wms:stock_snapshot_sim,2026-09-04T17:12:44.800284+00:00
BBAECETK8FQMJT22,10,wms:stock_snapshot_sim,2026-09-04T17:12:44.800284+00:00
CSOE94WX5Q7RCTMU,0,wms:stock_snapshot_sim,2026-09-04T17:12:44.800284+00:00
VANEA92TVYHVE29G,22,wms:stock_snapshot_sim,2026-09-04T17:12:44.800284+00:00
PCSE9VDTPRQKZQQG,5,wms:stock_snapshot_sim,2026-09-04T17:12:44.800284+00:00
WATD9H76QFGFQAHV,0,wms:stock_snapshot_sim,2026-09-04T17:12:44.800284+00:00
SKIEJG79FNUZGFMS,19,wms:stock_snapshot_sim,2026-09-04T17:12:44.800284+00:00
BRAE7FE2XT7AF8ZH,35,wms:stock_snapshot_sim,2026-09-04T17:12:44.800284+00:00
RNGEBQZSZ9GRRMH2,3,wms:stock_snapshot_sim,2026-09-04T17:12:44.800284+00:00
GCBEGY2PHUY2VVUH,2,wms:stock_snapshot_sim,2026-09-04T17:12:44.800284+00:00
TWCEJFXH4EU2JZYG,22,wms:stock_snapshot_sim,2026-09-04T17:12:44.800284+00:00
LACEGF4N66XHVBVB,26,wms:stock_snapshot_sim,2026-09-04T17:12:44.800284+00:00
SHOEBG9ZMJGJYKYG,3,wms:stock_snapshot_sim,2026-09-04T17:12:44.800284+00:00
SHTEGZZCFCNRPUR7,7,wms:stock_snapshot_sim,2026-09-04T17:12:44.800284+00:00
SHTE4RYR3ZBEK2BR,9,wms:stock_snapshot_sim,2026-09-04T17:12:44.800284+00:00
BRAE2TXSXRVEBYGQ,2,wms:stock_snapshot_sim,2026-09-04T17:12:44.800284+00:00
ACCE9YWX8DPNFTF8,13,wms:stock_snapshot_sim,2026-09-04T17:12:44.800284+00:00
BOTEANCH6ZZZHJVD,4,wms:stock_snapshot_sim,2026-09-04T17:12:44.800284+00:00
RNGDWKZNGUHGKETQ,14,wms:stock_snapshot_sim,2026-09-04T17:12:44.800284+00:00
SHOEFBHERSXFBNEB,26,wms:stock_snapshot_sim,2026-09-04T17:12:44.800284+00:00
SNDE8X2SFWGEZS6Z,6,wms:stock_snapshot_sim,2026-09-04T17:12:44.800284+00:00
BRAECTFYNT95TVUG,2,wms:stock_snapshot_sim,2026-09-04T17:12:44.800284+00:00
PACE66XRMSZZGZ3C,30,wms:stock_snapshot_sim,2026-09-04T17:12:44.800284+00:00
ERGEYQF2NYM9EGWG,0,wms:stock_snapshot_sim,2026-09-04T17:12:44.800284+00:00
SRTEHHD7AE757FTH,14,wms:stock_snapshot_sim,2026-09-04T17:12:44.800284+00:00
CLTEGMUMNQXUEHHX,0,wms:stock_snapshot_sim,2026-09-04T17:12:44.800284+00:00
CCVEFV4RRNH9FAHH,14,wms:stock_snapshot_sim,2026-09-04T17:12:44.800284+00:00
FAFEG3ZDZEGF3XVR,22,wms:stock_snapshot_sim,2026-09-04T17:12:44.800284+00:00
PCSE4VAVGZGPZGF2,28,wms:stock_snapshot_sim,2026-09-04T17:12:44.800284+00:00
WATE9ZYZRREUHQN4,12,wms:stock_snapshot_sim,2026-09-04T17:12:44.800284+00:00
CRTECN2QVUET9PQ8,7,wms:stock_snapshot_sim,2026-09-04T17:12:44.800284+00:00
SHOECH8DTDMVKGGS,32,wms:stock_snapshot_sim,2026-09-04T17:12:44.800284+00:00
SHOECJTWAVQ3J745,36,wms:stock_snapshot_sim,2026-09-04T17:12:44.800284+00:00
SOFEDVYZAHXWYTGW,10,wms:stock_snapshot_sim,2026-09-04T17:12:44.800284+00:00
TSHE5NYHHAZPPGRZ,34,wms:stock_snapshot_sim,2026-09-04T17:12:44.800284+00:00
JWSEEBGDSHCAEQQF,19,wms:stock_snapshot_sim,2026-09-04T17:12:44.800284+00:00
BRAEGGER5HFB7YXT,3,wms:stock_snapshot_sim,2026-09-04T17:12:44.800284+00:00
NKCEDE8GYSZDZG5M,20,wms:stock_snapshot_sim,2026-09-04T17:12:44.800284+00:00
PCSEAYRTUYVYYC6Y,1,wms:stock_snapshot_sim,2026-09-04T17:12:44.800284+00:00
STIE9F5UMP7VBGDV,29,wms:stock_snapshot_sim,2026-09-04T17:12:44.800284+00:00
RNGEDAK8ZDN2J4FC,22,wms:stock_snapshot_sim,2026-09-04T17:12:44.800284+00:00
BRAECJ7SUPN7VHUV,31,wms:stock_snapshot_sim,2026-09-04T17:12:44.800284+00:00
BBAE4PWDWUHFWFME,36,wms:stock_snapshot_sim,2026-09-04T17:12:44.800284+00:00
VANE9ZH3RSHMCJRV,34,wms:stock_snapshot_sim,2026-09-04T17:12:44.800284+00:00
NSTE3HZ2FZZQF6ZC,3,wms:stock_snapshot_sim,2026-09-04T17:12:44.800284+00:00
SKIE7WMUUEZJXK2K,24,wms:stock_snapshot_sim,2026-09-04T17:12:44.800284+00:00
BKAEGFWS3GZDNWRZ,8,wms:stock_snapshot_sim,2026-09-04T17:12:44.800284+00:00
NKCE5PP5BKPGUKJX,0,wms:stock_snapshot_sim,2026-09-04T17:12:44.800284+00:00
CAGEC87BMFZWYG6G,29,wms:stock_snapshot_sim,2026-09-04T17:12:44.800284+00:00
ACCE7NQEW82AW6HY,2,wms:stock_snapshot_sim,2026-09-04T17:12:44.800284+00:00
LJGE2WBEKW9ZHKJU,4,wms:stock_snapshot_sim,2026-09-04T17:12:44.800284+00:00
SHOEHE7C7X5FZYMF,37,wms:stock_snapshot_sim,2026-09-04T17:12:44.800284+00:00
LJGE9C9DP59WTYGD,5,wms:stock_snapshot_sim,2026-09-04T17:12:44.800284+00:00
MTYEHZRZDDQZFH8Q,19,wms:stock_snapshot_sim,2026-09-04T17:12:44.800284+00:00
BRAEBBYRZ5P654US,2,wms:stock_snapshot_sim,2026-09-04T17:12:44.800284+00:00
BBADWXRJFJZ97YQT,29,wms:stock_snapshot_sim,2026-09-04T17:12:44.800284+00:00
CRTE92XDANPCQTHQ,38,wms:stock_snapshot_sim,2026-09-04T17:12:44.800284+00:00
PACECCBJ8ZNZMVSH,26,wms:stock_snapshot_sim,2026-09-04T17:12:44.800284+00:00
SHIEBTT2PX3XCFHU,37,wms:stock_snapshot_sim,2026-09-04T17:12:44.800284+00:00
WATDUKHHH4SQXDAK,27,wms:stock_snapshot_sim,2026-09-04T17:12:44.800284+00:00
PCSEC86VHTYFJHUW,37,wms:stock_snapshot_sim,2026-09-04T17:12:44.800284+00:00
TOPE9T4DQUSCG8AW,19,wms:stock_snapshot_sim,2026-09-04T17:12:44.800284+00:00
SNDEBUHYPZ3Y84ZV,39,wms:stock_snapshot_sim,2026-09-04T17:12:44.800284+00:00
NKCE59YWU3HTQS7Q,30,wms:stock_snapshot_sim,2026-09-04T17:12:44.800284+00:00
MUGEACY8H9R9ENVT,0,wms:stock_snapshot_sim,2026-09-04T17:12:44.800284+00:00
NKCE72Y8D7XCYQ7H,10,wms:stock_snapshot_sim,2026-09-04T17:12:44.800284+00:00
MUGEAGGKJFYH6GRS,24,wms:stock_snapshot_sim,2026-09-04T17:12:44.800284+00:00
RNGE7M925WYRGQBB,37,wms:stock_snapshot_sim,2026-09-04T17:12:44.800284+00:00
PBXE9YWGPHCMHZU6,22,wms:stock_snapshot_sim,2026-09-04T17:12:44.800284+00:00
JWSEBWSRSNGXFYSH,19,wms:stock_snapshot_sim,2026-09-04T17:12:44.800284+00:00
NKCECEBZWJR3HYAR,0,wms:stock_snapshot_sim,2026-09-04T17:12:44.800284+00:00
SHOEG7FXJFJDFPBD,20,wms:stock_snapshot_sim,2026-09-04T17:12:44.800284+00:00
SNDEBDGSCHSVQYYE,13,wms:stock_snapshot_sim,2026-09-04T17:12:44.800284+00:00
RNGE8TQ9J4ZGYGFA,13,wms:stock_snapshot_sim,2026-09-04T17:12:44.800284+00:00
KRTECEGGYURK73ZK,15,wms:stock_snapshot_sim,2026-09-04T17:12:44.800284+00:00
BLAEAWABMNZFGGYJ,10,wms:stock_snapshot_sim,2026-09-04T17:12:44.800284+00:00
TSHEDJXPN4HNT2UP,28,wms:stock_snapshot_sim,2026-09-04T17:12:44.800284+00:00
ACCE9Y6QFEZZ3RFC,36,wms:stock_snapshot_sim,2026-09-04T17:12:44.800284+00:00
RNGE8Z3KPNB93ARN,4,wms:stock_snapshot_sim,2026-09-04T17:12:44.800284+00:00
SOFEDVYZPRSPVQFW,2,wms:stock_snapshot_sim,2026-09-04T17:12:44.800284+00:00
TSHE9HNYWEZDQTK3,31,wms:stock_snapshot_sim,2026-09-04T17:12:44.800284+00:00
STIEYZ5TUHTKNCHW,8,wms:stock_snapshot_sim,2026-09-04T17:12:44.800284+00:00
NKCEABYZYMNATYGH,27,wms:stock_snapshot_sim,2026-09-04T17:12:44.800284+00:00
BRAE93YWH8CGYSHA,2,wms:stock_snapshot_sim,2026-09-04T17:12:44.800284+00:00
PEBEBG4ZTTN2MBH7,12,wms:stock_snapshot_sim,2026-09-04T17:12:44.800284+00:00
ACCE9DJVMATEHFC5,20,wms:stock_snapshot_sim,2026-09-04T17:12:44.800284+00:00
CAGE8TQ8SCDEBG3D,15,wms:stock_snapshot_sim,2026-09-04T17:12:44.800284+00:00
SHOEGPFVFYEUEA5F,15,wms:stock_snapshot_sim,2026-09-04T17:12:44.800284+00:00
NDNEGCSG2JYTXSYU,39,wms:stock_snapshot_sim,2026-09-04T17:12:44.800284+00:00
PYJEGWJQMTQTMGGT,16,wms:stock_snapshot_sim,2026-09-04T17:12:44.800284+00:00
HMBEEH85RYK3FAJU,34,wms:stock_snapshot_sim,2026-09-04T17:12:44.800284+00:00
ERGEAY36JRZBSD65,36,wms:stock_snapshot_sim,2026-09-04T17:12:44.800284+00:00
CRTECN2QYGDGKFAC,19,wms:stock_snapshot_sim,2026-09-04T17:12:44.800284+00:00
SHTE4YFYME4TZPWK,23,wms:stock_snapshot_sim,2026-09-04T17:12:44.800284+00:00
TOPE7FR6ZHSKHFQZ,8,wms:stock_snapshot_sim,2026-09-04T17:12:44.800284+00:00
SFFEGGJYFJWAV4HV,37,wms:stock_snapshot_sim,2026-09-04T17:12:44.800284+00:00
SHOE56UUZKFVHXYP,22,wms:stock_snapshot_sim,2026-09-04T17:12:44.800284+00:00
NKCECYNZGPXQ6HR6,0,wms:stock_snapshot_sim,2026-09-04T17:12:44.800284+00:00
SHTE5GT3CZ6RJJH2,10,wms:stock_snapshot_sim,2026-09-04T17:12:44.800284+00:00
TSHED54CJGHWYHHU,23,wms:stock_snapshot_sim,2026-09-04T17:12:44.800284+00:00
PELE58U3FFP8EAAT,10,wms:stock_snapshot_sim,2026-09-04T17:12:44.800284+00:00
SHOE2FQCE3QFC8ZM,18,wms:stock_snapshot_sim,2026-09-04T17:12:44.800284+00:00
SHTEB4MGZCZKGAJR,0,wms:stock_snapshot_sim,2026-09-04T17:12:44.800284+00:00
TSHDZ6S2QPKKYVSF,37,wms:stock_snapshot_sim,2026-09-04T17:12:44.800284+00:00
SHOEA34KZWVUAJUZ,27,wms:stock_snapshot_sim,2026-09-04T17:12:44.800284+00:00
NKCE7HN9GNVBHPZ7,14,wms:stock_snapshot_sim,2026-09-04T17:12:44.800284+00:00
SOFEDVYZRHJG8J3F,0,wms:stock_snapshot_sim,2026-09-04T17:12:44.800284+00:00
ACCEA4DZHTPWDPFB,28,wms:stock_snapshot_sim,2026-09-04T17:12:44.800284+00:00
SGLEJG6VTTSYHMBD,0,wms:stock_snapshot_sim,2026-09-04T17:12:44.800284+00:00
PCSEB5BWXVDMBZUV,10,wms:stock_snapshot_sim,2026-09-04T17:12:44.800284+00:00
FDUE6ZHHR9AAKU2B,34,wms:stock_snapshot_sim,2026-09-04T17:12:44.800284+00:00
ACBECFGTHFJG5RHZ,22,wms:stock_snapshot_sim,2026-09-04T17:12:44.800284+00:00
ACCE6GFCGXJJX4RZ,8,wms:stock_snapshot_sim,2026-09-04T17:12:44.800284+00:00
JEAEHKA3F4REG4SJ,13,wms:stock_snapshot_sim,2026-09-04T17:12:44.800284+00:00
KRTE5GNFV8ZQYY3K,26,wms:stock_snapshot_sim,2026-09-04T17:12:44.800284+00:00
RNGEHFDYKFNM4UWZ,16,wms:stock_snapshot_sim,2026-09-04T17:12:44.800284+00:00
RNGEDAKBZRJKYHDJ,20,wms:stock_snapshot_sim,2026-09-04T17:12:44.800284+00:00
CRTECN2QYASYFKGS,18,wms:stock_snapshot_sim,2026-09-04T17:12:44.800284+00:00
CRTECN2QZ4NY4SSZ,3,wms:stock_snapshot_sim,2026-09-04T17:12:44.800284+00:00
DREEYTUZVH3ZZNAX,11,wms:stock_snapshot_sim,2026-09-04T17:12:44.800284+00:00
GUAEHKC4H4F6UARA,15,wms:stock_snapshot_sim,2026-09-04T17:12:44.800284+00:00
BALDCJFFGZHQNDT6,0,wms:stock_snapshot_sim,2026-09-04T17:12:44.800284+00:00
ACBECZG4MSZBWZQT,33,wms:stock_snapshot_sim,2026-09-04T17:12:44.800284+00:00
CNDEGVE6CRCDNHNV,26,wms:stock_snapshot_sim,2026-09-04T17:12:44.800284+00:00
CLTEGMRUZGHZSTWH,25,wms:stock_snapshot_sim,2026-09-04T17:12:44.800284+00:00
TSHEHU5RYE6UH4SQ,0,wms:stock_snapshot_sim,2026-09-04T17:12:44.800284+00:00
STIE7VYZRDVMCHFH,0,wms:stock_snapshot_sim,2026-09-04T17:12:44.800284+00:00
BCHEG58AVZ4EKZAP,25,wms:stock_snapshot_sim,2026-09-04T17:12:44.800284+00:00
DREE6YZZQEQDK525,5,wms:stock_snapshot_sim,2026-09-04T17:12:44.800284+00:00
ACCDX9Y62ETH4WGB,0,wms:stock_snapshot_sim,2026-09-04T17:12:44.800284+00:00
BBAE9WX5ZSHPQH5Q,40,wms:stock_snapshot_sim,2026-09-04T17:12:44.800284+00:00
SNDEY8PHWKQCADZD,2,wms:stock_snapshot_sim,2026-09-04T17:12:44.800284+00:00
LSKEBQ8T4BJMATMX,0,wms:stock_snapshot_sim,2026-09-04T17:12:44.800284+00:00
CAPEBJ37GKBB5DK2,0,wms:stock_snapshot_sim,2026-09-04T17:12:44.800284+00:00
RNGDQSVDYXTVYX7D,40,wms:stock_snapshot_sim,2026-09-04T17:12:44.800284+00:00
PCSDY5AFFQG43YQW,6,wms:stock_snapshot_sim,2026-09-04T17:12:44.800284+00:00
RTRECZVP6VGBTEGT,39,wms:stock_snapshot_sim,2026-09-04T17:12:44.800284+00:00
FABEG4ZBHZ7K3GFY,0,wms:stock_snapshot_sim,2026-09-04T17:12:44.800284+00:00
DREEYPKZ9VUXAGYU,4,wms:stock_snapshot_sim,2026-09-04T17:12:44.800284+00:00
RNGEDAPTVZVHEWHZ,12,wms:stock_snapshot_sim,2026-09-04T17:12:44.800284+00:00
SNDEJU7G9C9SDGCE,34,wms:stock_snapshot_sim,2026-09-04T17:12:44.800284+00:00
DIAD4Y8ZG8QGG6GX,38,wms:stock_snapshot_sim,2026-09-04T17:12:44.800284+00:00
SKIEFFYZZXYJKT3Z,27,wms:stock_snapshot_sim,2026-09-04T17:12:44.800284+00:00
SHTE9WHEXEHAQ732,4,wms:stock_snapshot_sim,2026-09-04T17:12:44.800284+00:00
BBAEA4DNRGDBSYBA,15,wms:stock_snapshot_sim,2026-09-04T17:12:44.800284+00:00
ACCE9Z4KQXADV2KY,18,wms:stock_snapshot_sim,2026-09-04T17:12:44.800284+00:00
CAGE8PKGVZX5FPZZ,0,wms:stock_snapshot_sim,2026-09-04T17:12:44.800284+00:00
NKCEJZT3MP2PUFMS,29,wms:stock_snapshot_sim,2026-09-04T17:12:44.800284+00:00
PPSE2JF4KZJWG5JX,26,wms:stock_snapshot_sim,2026-09-04T17:12:44.800284+00:00
NKCE5EHJHS38BUWB,29,wms:stock_snapshot_sim,2026-09-04T17:12:44.800284+00:00
TOPEDVVFYEQAF5FZ,26,wms:stock_snapshot_sim,2026-09-04T17:12:44.800284+00:00
BLAE3WR6ZQFCHFYE,27,wms:stock_snapshot_sim,2026-09-04T17:12:44.800284+00:00
DREE8MF7NWZUYSBV,39,wms:stock_snapshot_sim,2026-09-04T17:12:44.800284+00:00
DREEAZC7YYQWTH3U,2,wms:stock_snapshot_sim,2026-09-04T17:12:44.800284+00:00
LJGDXGTWBN7JGYGB,6,wms:stock_snapshot_sim,2026-09-04T17:12:44.800284+00:00
SHOE44ZFTHMTAB6C,32,wms:stock_snapshot_sim,2026-09-04T17:12:44.800284+00:00
TOPE8H5DJWGAY2CD,31,wms:stock_snapshot_sim,2026-09-04T17:12:44.800284+00:00
FABE88MGUBPCQWR8,4,wms:stock_snapshot_sim,2026-09-04T17:12:44.800284+00:00
PBXE4Q7YJFDBEHFH,37,wms:stock_snapshot_sim,2026-09-04T17:12:44.800284+00:00
NKCE6DPDXBXQ7W3A,39,wms:stock_snapshot_sim,2026-09-04T17:12:44.800284+00:00
JEAEDJXQXQZ8TMTU,0,wms:stock_snapshot_sim,2026-09-04T17:12:44.800284+00:00
SHTE6P4DDKQEEUSX,2,wms:stock_snapshot_sim,2026-09-04T17:12:44.800284+00:00
SHTEC9M7NADQD9EJ,34,wms:stock_snapshot_sim,2026-09-04T17:12:44.800284+00:00
JEAEGRDYZTHKK8RX,17,wms:stock_snapshot_sim,2026-09-04T17:12:44.800284+00:00
BLBE9NJ3EKVFRJS6,0,wms:stock_snapshot_sim,2026-09-04T17:12:44.800284+00:00
KRTECTVAEGPYJBHB,13,wms:stock_snapshot_sim,2026-09-04T17:12:44.800284+00:00
TSHE79U6QHSBCCPK,6,wms:stock_snapshot_sim,2026-09-04T17:12:44.800284+00:00
TSHE9CK2SWWG3FGN,21,wms:stock_snapshot_sim,2026-09-04T17:12:44.800284+00:00
BRAEBBW6YY7GK4J2,11,wms:stock_snapshot_sim,2026-09-04T17:12:44.800284+00:00
JEAECN2QQX3JE2KS,26,wms:stock_snapshot_sim,2026-09-04T17:12:44.800284+00:00
ERGE8GRYK62QXKAX,35,wms:stock_snapshot_sim,2026-09-04T17:12:44.800284+00:00
RTRDRUZCPNJ3MTAT,30,wms:stock_snapshot_sim,2026-09-04T17:12:44.800284+00:00
HMBEJAFGZEDFYZ5V,0,wms:stock_snapshot_sim,2026-09-04T17:12:44.800284+00:00
USGEDX24UXPEEZEH,11,wms:stock_snapshot_sim,2026-09-04T17:12:44.800284+00:00
FABEEV2GHKHKJYPP,6,wms:stock_snapshot_sim,2026-09-04T17:12:44.800284+00:00
NKCE9ZXXTEGXWZ3B,1,wms:stock_snapshot_sim,2026-09-04T17:12:44.800284+00:00
BLREFZGNFDU3KFPH,15,wms:stock_snapshot_sim,2026-09-04T17:12:44.800284+00:00
PTGE8MNKQ5NFA85G,16,wms:stock_snapshot_sim,2026-09-04T17:12:44.800284+00:00
USGEJTVATZSAFZ3H,21,wms:stock_snapshot_sim,2026-09-04T17:12:44.800284+00:00
NKCE9G2BJHZ4TGUX,32,wms:stock_snapshot_sim,2026-09-04T17:12:44.800284+00:00
USGEEF3QGH8GPGRU,23,wms:stock_snapshot_sim,2026-09-04T17:12:44.800284+00:00
TOPECUZYVBVQ3FEZ,13,wms:stock_snapshot_sim,2026-09-04T17:12:44.800284+00:00
TSHE9QSCZ2YTYRYJ,5,wms:stock_snapshot_sim,2026-09-04T17:12:44.800284+00:00
BBAE8N3AS7G4VKZZ,35,wms:stock_snapshot_sim,2026-09-04T17:12:44.800284+00:00
STIE9F5U5QYS5FZ7,17,wms:stock_snapshot_sim,2026-09-04T17:12:44.800284+00:00
BBAEE9CTDERGSGKW,11,wms:stock_snapshot_sim,2026-09-04T17:12:44.800284+00:00
PBXE7FF3HYKHS6RZ,21,wms:stock_snapshot_sim,2026-09-04T17:12:44.800284+00:00
SNDEJFXXPRF72SHH,0,wms:stock_snapshot_sim,2026-09-04T17:12:44.800284+00:00
NKCE6Y3MYHDXXN9U,19,wms:stock_snapshot_sim,2026-09-04T17:12:44.800284+00:00
BLOEJFFYAA84WZAE,7,wms:stock_snapshot_sim,2026-09-04T17:12:44.800284+00:00
FABEGBT4TYKNDRXP,19,wms:stock_snapshot_sim,2026-09-04T17:12:44.800284+00:00
BRAEBBYRUYDHCZNG,16,wms:stock_snapshot_sim,2026-09-04T17:12:44.800284+00:00
BBAE8HKQH87BRNPH,17,wms:stock_snapshot_sim,2026-09-04T17:12:44.800284+00:00
PBXE7YYYF4Y48TYX,26,wms:stock_snapshot_sim,2026-09-04T17:12:44.800284+00:00
PBXEAREZRNRE8BBY,7,wms:stock_snapshot_sim,2026-09-04T17:12:44.800284+00:00
SCHE5Z57FHVKZD3C,30,wms:stock_snapshot_sim,2026-09-04T17:12:44.800284+00:00
PBXEDCSE8CHTATYY,32,wms:stock_snapshot_sim,2026-09-04T17:12:44.800284+00:00
BBAE5G26HRQJTHZS,11,wms:stock_snapshot_sim,2026-09-04T17:12:44.800284+00:00
BBAEANJJQFGD26NE,5,wms:stock_snapshot_sim,2026-09-04T17:12:44.800284+00:00
WATDNV3VGWQEVHJU,0,wms:stock_snapshot_sim,2026-09-04T17:12:44.800284+00:00
BBAE4DS7AJPPPZ96,6,wms:stock_snapshot_sim,2026-09-04T17:12:44.800284+00:00
DRPEHYHKW3J4CWWB,38,wms:stock_snapshot_sim,2026-09-04T17:12:44.800284+00:00
STIE2FRBXYYFFKWR,12,wms:stock_snapshot_sim,2026-09-04T17:12:44.800284+00:00
ACCE9YGGMKZZP4SY,13,wms:stock_snapshot_sim,2026-09-04T17:12:44.800284+00:00
SNDE4NYH4WHQFZTW,27,wms:stock_snapshot_sim,2026-09-04T17:12:44.800284+00:00
SHOE652MJRRMFBEF,35,wms:stock_snapshot_sim,2026-09-04T17:12:44.800284+00:00
NRSEGS9MHABZQUCH,32,wms:stock_snapshot_sim,2026-09-04T17:12:44.800284+00:00
SHTEYYXBHKVNHVX9,39,wms:stock_snapshot_sim,2026-09-04T17:12:44.800284+00:00
NKCE5ZHWX6Z8PBFH,28,wms:stock_snapshot_sim,2026-09-04T17:12:44.800284+00:00
BLAEAWABJY2DNWHJ,15,wms:stock_snapshot_sim,2026-09-04T17:12:44.800284+00:00
JWSE2V7FY2EHVSZX,35,wms:stock_snapshot_sim,2026-09-04T17:12:44.800284+00:00
ACCEGYP2DUKTZP9H,8,wms:stock_snapshot_sim,2026-09-04T17:12:44.800284+00:00
BRAEYPGFQHKW4H2R,12,wms:stock_snapshot_sim,2026-09-04T17:12:44.800284+00:00
CPGEFRFPF5ZPTKF5,21,wms:stock_snapshot_sim,2026-09-04T17:12:44.800284+00:00
NKCEAGXHYGDBWMWZ,22,wms:stock_snapshot_sim,2026-09-04T17:12:44.800284+00:00
BRAEBB6TT8GKVG8A,29,wms:stock_snapshot_sim,2026-09-04T17:12:44.800284+00:00
AVCEJ3CZ7GPK4XSJ,2,wms:stock_snapshot_sim,2026-09-04T17:12:44.800284+00:00
NKCE8BG8WYRFRNGP,38,wms:stock_snapshot_sim,2026-09-04T17:12:44.800284+00:00
NKCE4UD5UZXQKUCX,28,wms:stock_snapshot_sim,2026-09-04T17:12:44.800284+00:00
EROEJ8GQRZACW5WW,8,wms:stock_snapshot_sim,2026-09-04T17:12:44.800284+00:00
WATDWGAHMR6NHPWB,4,wms:stock_snapshot_sim,2026-09-04T17:12:44.800284+00:00
WATE34FM4B65YDDE,32,wms:stock_snapshot_sim,2026-09-04T17:12:44.800284+00:00
SWSEH99UGGCZCUCG,26,wms:stock_snapshot_sim,2026-09-04T17:12:44.800284+00:00
ACCE9Y6QSQRPCFKF,10,wms:stock_snapshot_sim,2026-09-04T17:12:44.800284+00:00
SNDEFDZQYAQFRFHE,1,wms:stock_snapshot_sim,2026-09-04T17:12:44.800284+00:00
PCSEE4H5ZWFVZ3GB,1,wms:stock_snapshot_sim,2026-09-04T17:12:44.800284+00:00
RNGE9HCVKZXY6U5C,10,wms:stock_snapshot_sim,2026-09-04T17:12:44.800284+00:00
RNGE7GVYNY2QNZVK,0,wms:stock_snapshot_sim,2026-09-04T17:12:44.800284+00:00
SHIE7ZWAT8HEHBZX,12,wms:stock_snapshot_sim,2026-09-04T17:12:44.800284+00:00
SNDEHFQA8YU6WANZ,23,wms:stock_snapshot_sim,2026-09-04T17:12:44.800284+00:00
SNDEAN42FPW9AEZK,11,wms:stock_snapshot_sim,2026-09-04T17:12:44.800284+00:00
LJGEG52TCRESAGVP,0,wms:stock_snapshot_sim,2026-09-04T17:12:44.800284+00:00
SHOE94J3RHN7Z6AC,24,wms:stock_snapshot_sim,2026-09-04T17:12:44.800284+00:00
CRTECN2QYNCSMYNX,0,wms:stock_snapshot_sim,2026-09-04T17:12:44.800284+00:00
MBPEJMV862YUENUP,29,wms:stock_snapshot_sim,2026-09-04T17:12:44.800284+00:00
BRAEDGQFWPFGVPNF,17,wms:stock_snapshot_sim,2026-09-04T17:12:44.800284+00:00
SHTDYKJYZWJQEJK9,10,wms:stock_snapshot_sim,2026-09-04T17:12:44.800284+00:00
TSHE6JCXW8GC9JTU,34,wms:stock_snapshot_sim,2026-09-04T17:12:44.800284+00:00
ACCE9Y6RDXTNY5PZ,12,wms:stock_snapshot_sim,2026-09-04T17:12:44.800284+00:00
BRAE8RSARRKPHWUY,0,wms:stock_snapshot_sim,2026-09-04T17:12:44.800284+00:00
SHTEGQCHRXYSRJRE,21,wms:stock_snapshot_sim,2026-09-04T17:12:44.800284+00:00
VMREGG7NZEFYE7A9,30,wms:stock_snapshot_sim,2026-09-04T17:12:44.800284+00:00
STIE4NXGSXG5GFR2,3,wms:stock_snapshot_sim,2026-09-04T17:12:44.800284+00:00
TSHEAQMATS7KBK7H,35,wms:stock_snapshot_sim,2026-09-04T17:12:44.800284+00:00
MUGECEVF4WG8JSZ9,18,wms:stock_snapshot_sim,2026-09-04T17:12:44.800284+00:00
CSOEHQUY7HYGZPDU,40,wms:stock_snapshot_sim,2026-09-04T17:12:44.800284+00:00
BBAE4NS6DPU8GUQ5,19,wms:stock_snapshot_sim,2026-09-04T17:12:44.800284+00:00
PAEEAMGF59H8UHFV,2,wms:stock_snapshot_sim,2026-09-04T17:12:44.800284+00:00
DRPEF2XSFBAP4SUZ,9,wms:stock_snapshot_sim,2026-09-04T17:12:44.800284+00:00
PCSEC86VKYNCPSDK,3,wms:stock_snapshot_sim,2026-09-04T17:12:44.800284+00:00
CAPE2ZGGBSYGHRWR,3,wms:stock_snapshot_sim,2026-09-04T17:12:44.800284+00:00
WATE5ZJZCGQUNQYF,15,wms:stock_snapshot_sim,2026-09-04T17:12:44.800284+00:00
BRAE9RDQYNWZBYJF,35,wms:stock_snapshot_sim,2026-09-04T17:12:44.800284+00:00
CAGDU84G2G5AEAE5,39,wms:stock_snapshot_sim,2026-09-04T17:12:44.800284+00:00
RTRDNGVMCGNCTWUU,17,wms:stock_snapshot_sim,2026-09-04T17:12:44.800284+00:00
SNDE28TUKXHH5ZEW,19,wms:stock_snapshot_sim,2026-09-04T17:12:44.800284+00:00
NKCE8V3ZHGGGHHDH,20,wms:stock_snapshot_sim,2026-09-04T17:12:44.800284+00:00
NKCE5YA9SPZ2RTBH,22,wms:stock_snapshot_sim,2026-09-04T17:12:44.800284+00:00
LJGE8GG6KPTF623H,40,wms:stock_snapshot_sim,2026-09-04T17:12:44.800284+00:00
ACCDVHJPZYZVJYJG,5,wms:stock_snapshot_sim,2026-09-04T17:12:44.800284+00:00
PCSEBXFVZSYJKRCS,19,wms:stock_snapshot_sim,2026-09-04T17:12:44.800284+00:00
BRTEJMMTQZHCY7KH,35,wms:stock_snapshot_sim,2026-09-04T17:12:44.800284+00:00
BCHEGAP6VWRZ3TNH,3,wms:stock_snapshot_sim,2026-09-04T17:12:44.800284+00:00
ACBEA4494GNXG3TZ,29,wms:stock_snapshot_sim,2026-09-04T17:12:44.800284+00:00
SNDEHKGTMS8KGFMW,0,wms:stock_snapshot_sim,2026-09-04T17:12:44.800284+00:00
SWTE32FVAFCPB5QT,16,wms:stock_snapshot_sim,2026-09-04T17:12:44.800284+00:00
RTRDEKJVRCDYXRST,26,wms:stock_snapshot_sim,2026-09-04T17:12:44.800284+00:00
SHIE4SFGBDRCCCDA,31,wms:stock_snapshot_sim,2026-09-04T17:12:44.800284+00:00
NKCEFMZUJEWN3HXY,12,wms:stock_snapshot_sim,2026-09-04T17:12:44.800284+00:00
SHTEBHGA7VMMXDUC,0,wms:stock_snapshot_sim,2026-09-04T17:12:44.800284+00:00
PBXE9YWGTS7NGYKT,18,wms:stock_snapshot_sim,2026-09-04T17:12:44.800284+00:00
ACCEBJBHE7HH67XN,5,wms:stock_snapshot_sim,2026-09-04T17:12:44.800284+00:00
SHTECYQEVAKY9Q4P,5,wms:stock_snapshot_sim,2026-09-04T17:12:44.800284+00:00
PBXE6YVW4CSQGJPS,30,wms:stock_snapshot_sim,2026-09-04T17:12:44.800284+00:00
KTAEGPBZFPCGGFKZ,35,wms:stock_snapshot_sim,2026-09-04T17:12:44.800284+00:00
RNGEH3EVHA6FJKPQ,35,wms:stock_snapshot_sim,2026-09-04T17:12:44.800284+00:00
RNGE7M922VGFBDGG,40,wms:stock_snapshot_sim,2026-09-04T17:12:44.800284+00:00
BOTEANCHQYNUFZKW,28,wms:stock_snapshot_sim,2026-09-04T17:12:44.800284+00:00
SHTECY54ZYGUHVDN,10,wms:stock_snapshot_sim,2026-09-04T17:12:44.800284+00:00
STIEEHYKCGGXDZGW,9,wms:stock_snapshot_sim,2026-09-04T17:12:44.800284+00:00
BRAEFR6JZXBQ9NJK,37,wms:stock_snapshot_sim,2026-09-04T17:12:44.800284+00:00
TSHE993PGTYPA6ZC,3,wms:stock_snapshot_sim,2026-09-04T17:12:44.800284+00:00
SHIEEJG9RRDUH9XG,35,wms:stock_snapshot_sim,2026-09-04T17:12:44.800284+00:00
LJGDYSQ5QT6GTXZD,34,wms:stock_snapshot_sim,2026-09-04T17:12:44.800284+00:00
WATDZ9CEM6F4KHTZ,0,wms:stock_snapshot_sim,2026-09-04T17:12:44.800284+00:00
BBAEARKNSVBRNFJV,16,wms:stock_snapshot_sim,2026-09-04T17:12:44.800284+00:00
PCSE6SJG9SMAGGHY,18,wms:stock_snapshot_sim,2026-09-04T17:12:44.800284+00:00
NKCE9Z2JQGBBSMTM,24,wms:stock_snapshot_sim,2026-09-04T17:12:44.800284+00:00
RNGEH4GPGDHJ5YUX,25,wms:stock_snapshot_sim,2026-09-04T17:12:44.800284+00:00
ACBECT5UXYVB6EHX,40,wms:stock_snapshot_sim,2026-09-04T17:12:44.800284+00:00
SUDEGGAVHRHX2GZV,30,wms:stock_snapshot_sim,2026-09-04T17:12:44.800284+00:00
TOPECAE3JJMVYJFF,2,wms:stock_snapshot_sim,2026-09-04T17:12:44.800284+00:00
BRAEA8YRRGJJWVHB,11,wms:stock_snapshot_sim,2026-09-04T17:12:44.800284+00:00
RNGE73KMXXGXMDAW,35,wms:stock_snapshot_sim,2026-09-04T17:12:44.800284+00:00
STIE7KFHRBENM5P4,22,wms:stock_snapshot_sim,2026-09-04T17:12:44.800284+00:00
SKIEC87PN6FWXKNJ,18,wms:stock_snapshot_sim,2026-09-04T17:12:44.800284+00:00
SHOEHXHVTBYRCTYN,34,wms:stock_snapshot_sim,2026-09-04T17:12:44.800284+00:00
SNDEAK7EXPF32JJT,38,wms:stock_snapshot_sim,2026-09-04T17:12:44.800284+00:00
JUMECNJURHHGKSXR,9,wms:stock_snapshot_sim,2026-09-04T17:12:44.800284+00:00
TSHE57PQZT79ENYZ,40,wms:stock_snapshot_sim,2026-09-04T17:12:44.800284+00:00
NKCED6HQP5QHVGGP,16,wms:stock_snapshot_sim,2026-09-04T17:12:44.800284+00:00
CHUEF7C3NGW54VJJ,9,wms:stock_snapshot_sim,2026-09-04T17:12:44.800284+00:00
SNDDTY8HHGHCR4ZG,37,wms:stock_snapshot_sim,2026-09-04T17:12:44.800284+00:00
VLBEGWN3KPSAD4Y7,26,wms:stock_snapshot_sim,2026-09-04T17:12:44.800284+00:00
CPGEGUDZWEGMZ9DZ,15,wms:stock_snapshot_sim,2026-09-04T17:12:44.800284+00:00
BBAEDZHYSSVDDZYZ,13,wms:stock_snapshot_sim,2026-09-04T17:12:44.800284+00:00
TSHE93RZ2NZMX5RT,37,wms:stock_snapshot_sim,2026-09-04T17:12:44.800284+00:00
ACCE66FE7EG4QH7P,22,wms:stock_snapshot_sim,2026-09-04T17:12:44.800284+00:00
BRAEAR7WUVRVUAHY,17,wms:stock_snapshot_sim,2026-09-04T17:12:44.800284+00:00
SKIECBN3SARFZJBH,0,wms:stock_snapshot_sim,2026-09-04T17:12:44.800284+00:00
SHTEBS8Z8PAHNZZV,21,wms:stock_snapshot_sim,2026-09-04T17:12:44.800284+00:00
FABEADKAKVUX5XK4,22,wms:stock_snapshot_sim,2026-09-04T17:12:44.800284+00:00
SUDEGGATDVCMWGGH,31,wms:stock_snapshot_sim,2026-09-04T17:12:44.800284+00:00
SHTECFAKNASP6VVJ,22,wms:stock_snapshot_sim,2026-09-04T17:12:44.800284+00:00
ARTEGVFDAZVRGHDD,37,wms:stock_snapshot_sim,2026-09-04T17:12:44.800284+00:00
CTTEH9FW6SHV8ZYG,38,wms:stock_snapshot_sim,2026-09-04T17:12:44.800284+00:00
SHTEBG36RCPGDJYE,15,wms:stock_snapshot_sim,2026-09-04T17:12:44.800284+00:00
ACCE9Z2HQTFQZFCE,39,wms:stock_snapshot_sim,2026-09-04T17:12:44.800284+00:00
KRTECARAFGAGAMNE,24,wms:stock_snapshot_sim,2026-09-04T17:12:44.800284+00:00
TROEC92SG2K4DFF5,33,wms:stock_snapshot_sim,2026-09-04T17:12:44.800284+00:00
BBAE66EF57BJYBJ4,26,wms:stock_snapshot_sim,2026-09-04T17:12:44.800284+00:00
SKIEGJZT9JNHSV3B,2,wms:stock_snapshot_sim,2026-09-04T17:12:44.800284+00:00
CNBEJ9EDXWN8HQUU,32,wms:stock_snapshot_sim,2026-09-04T17:12:44.800284+00:00
RNGEDAPFZV5BM43Y,25,wms:stock_snapshot_sim,2026-09-04T17:12:44.800284+00:00
PELEG5D2MWCDGZPX,36,wms:stock_snapshot_sim,2026-09-04T17:12:44.800284+00:00
LACEGEZANRT84UMY,40,wms:stock_snapshot_sim,2026-09-04T17:12:44.800284+00:00
SHTE773YUJG54HGR,32,wms:stock_snapshot_sim,2026-09-04T17:12:44.800284+00:00
SHOE2FQCMD3TAYMF,19,wms:stock_snapshot_sim,2026-09-04T17:12:44.800284+00:00
SHTECV69MERCRZNR,15,wms:stock_snapshot_sim,2026-09-04T17:12:44.800284+00:00
SRTEHHXGEVDQMEQV,0,wms:stock_snapshot_sim,2026-09-04T17:12:44.800284+00:00
TOPEGWUTW6GWYSBE,40,wms:stock_snapshot_sim,2026-09-04T17:12:44.800284+00:00
DREE5ZCFSBQ3HPQM,33,wms:stock_snapshot_sim,2026-09-04T17:12:44.800284+00:00
SHIE4HQPBU8UBVW2,5,wms:stock_snapshot_sim,2026-09-04T17:12:44.800284+00:00
SHOE9AGSGZQNEXGD,8,wms:stock_snapshot_sim,2026-09-04T17:12:44.800284+00:00
NSTEG48NKVWHGGZV,39,wms:stock_snapshot_sim,2026-09-04T17:12:44.800284+00:00
LJGE9UG5GZYEZ5C3,4,wms:stock_snapshot_sim,2026-09-04T17:12:44.800284+00:00
HOFEDRD3TAHUZEHG,22,wms:stock_snapshot_sim,2026-09-04T17:12:44.800284+00:00
BRAE9WYJXR43VESQ,18,wms:stock_snapshot_sim,2026-09-04T17:12:44.800284+00:00
BRAE7MBPXVNMGP6M,6,wms:stock_snapshot_sim,2026-09-04T17:12:44.800284+00:00
CHDEJMNVGMKGNCHH,14,wms:stock_snapshot_sim,2026-09-04T17:12:44.800284+00:00
NKCEC87SZTUM8SHS,6,wms:stock_snapshot_sim,2026-09-04T17:12:44.800284+00:00
STIEGXEYHGGMQ74Z,30,wms:stock_snapshot_sim,2026-09-04T17:12:44.800284+00:00
BRAEBUGYUB8GWBSF,21,wms:stock_snapshot_sim,2026-09-04T17:12:44.800284+00:00
ACCEAZCVPTGEGVMR,14,wms:stock_snapshot_sim,2026-09-04T17:12:44.800284+00:00
BBAEGG6DGZUDGSQW,24,wms:stock_snapshot_sim,2026-09-04T17:12:44.800284+00:00
STIE8YSWY2JDFSPJ,14,wms:stock_snapshot_sim,2026-09-04T17:12:44.800284+00:00
BBAEBWSTTA7WGDUH,31,wms:stock_snapshot_sim,2026-09-04T17:12:44.800284+00:00
BRAEBBYRCKVHHG7Q,34,wms:stock_snapshot_sim,2026-09-04T17:12:44.800284+00:00
BZREHKG2FRA8BS3X,0,wms:stock_snapshot_sim,2026-09-04T17:12:44.800284+00:00
WLPEJR93AGRUSEZH,29,wms:stock_snapshot_sim,2026-09-04T17:12:44.800284+00:00
RNGDW2PZZXFUTYHW,3,wms:stock_snapshot_sim,2026-09-04T17:12:44.800284+00:00
BRAEDSKC3YRYJZCR,0,wms:stock_snapshot_sim,2026-09-04T17:12:44.800284+00:00
ERGE8JZKE7HJWNSH,10,wms:stock_snapshot_sim,2026-09-04T17:12:44.800284+00:00
USGEE4CA96KTJ2FC,7,wms:stock_snapshot_sim,2026-09-04T17:12:44.800284+00:00
BRAE8EHTNDJHDDAD,6,wms:stock_snapshot_sim,2026-09-04T17:12:44.800284+00:00
RNGE9B79FYSAQS2M,0,wms:stock_snapshot_sim,2026-09-04T17:12:44.800284+00:00
SHOEGVQCT2ZSGUHY,30,wms:stock_snapshot_sim,2026-09-04T17:12:44.800284+00:00
NKCE7VKYXCHJK82V,34,wms:stock_snapshot_sim,2026-09-04T17:12:44.800284+00:00
WCKEDV2AHU7T2K2Y,8,wms:stock_snapshot_sim,2026-09-04T17:12:44.800284+00:00
WCKE56UCYZGEMGEH,34,wms:stock_snapshot_sim,2026-09-04T17:12:44.800284+00:00
BBAEGFFGE9YP5PFZ,4,wms:stock_snapshot_sim,2026-09-04T17:12:44.800284+00:00
CRTECN2QZFP2GCCK,9,wms:stock_snapshot_sim,2026-09-04T17:12:44.800284+00:00
ECIEF6JYYJ4PHJ3Q,1,wms:stock_snapshot_sim,2026-09-04T17:12:44.800284+00:00
BBAEBZVC2AGGJVTG,9,wms:stock_snapshot_sim,2026-09-04T17:12:44.800284+00:00
CRNEE84JQ6CF85PY,33,wms:stock_snapshot_sim,2026-09-04T17:12:44.800284+00:00
BKPE63NZD2SKTWZP,23,wms:stock_snapshot_sim,2026-09-04T17:12:44.800284+00:00
BBAEHWDDQ3PGHJ6J,9,wms:stock_snapshot_sim,2026-09-04T17:12:44.800284+00:00
RTRDYZYDXGHXXJNZ,36,wms:stock_snapshot_sim,2026-09-04T17:12:44.800284+00:00
CRTEJU6FJTEHSVTR,28,wms:stock_snapshot_sim,2026-09-04T17:12:44.800284+00:00
ACCDX9Y48HVQYFEK,21,wms:stock_snapshot_sim,2026-09-04T17:12:44.800284+00:00
TSHE8FJ2N5UKTUAP,38,wms:stock_snapshot_sim,2026-09-04T17:12:44.800284+00:00
USGEB59MJGZ2ZMEH,29,wms:stock_snapshot_sim,2026-09-04T17:12:44.800284+00:00
TOPEBN32YGU8MZ6A,18,wms:stock_snapshot_sim,2026-09-04T17:12:44.800284+00:00
PCSEAH5WHJCJWVQE,11,wms:stock_snapshot_sim,2026-09-04T17:12:44.800284+00:00
RNGEH3EUZSMGYMU2,22,wms:stock_snapshot_sim,2026-09-04T17:12:44.800284+00:00
SCPEJMZDRNQEVVNT,18,wms:stock_snapshot_sim,2026-09-04T17:12:44.800284+00:00
TSHE993QY9D9DENJ,22,wms:stock_snapshot_sim,2026-09-04T17:12:44.800284+00:00
DREEJFHXDWUFDFFV,28,wms:stock_snapshot_sim,2026-09-04T17:12:44.800284+00:00
CAPEJZVUJWMHU6Q4,21,wms:stock_snapshot_sim,2026-09-04T17:12:44.800284+00:00
SHTE7YK5YNRAA7R9,40,wms:stock_snapshot_sim,2026-09-04T17:12:44.800284+00:00
WATDXFGTBUZJVTZQ,33,wms:stock_snapshot_sim,2026-09-04T17:12:44.800284+00:00
TOPEHZSMY3VVDZ5V,40,wms:stock_snapshot_sim,2026-09-04T17:12:44.800284+00:00
TOPEYY3987PACQE7,6,wms:stock_snapshot_sim,2026-09-04T17:12:44.800284+00:00
MATEHF3PGYP4ZDPB,28,wms:stock_snapshot_sim,2026-09-04T17:12:44.800284+00:00
BRAE7Y46JXZJHN47,2,wms:stock_snapshot_sim,2026-09-04T17:12:44.800284+00:00
BRAE8RSAJKCPQ4WP,1,wms:stock_snapshot_sim,2026-09-04T17:12:44.800284+00:00
SNDEGGTVV3QBHMR2,3,wms:stock_snapshot_sim,2026-09-04T17:12:44.800284+00:00
TSHE6KWDNMJKKYZH,20,wms:stock_snapshot_sim,2026-09-04T17:12:44.800284+00:00
NKCECC6EY68FVVNF,15,wms:stock_snapshot_sim,2026-09-04T17:12:44.800284+00:00
SAREGVTHGXURGSG9,15,wms:stock_snapshot_sim,2026-09-04T17:12:44.800284+00:00
SHTEBP4ABXAWJRVH,0,wms:stock_snapshot_sim,2026-09-04T17:12:44.800284+00:00
TIEEEDNSPMTHCQFG,8,wms:stock_snapshot_sim,2026-09-04T17:12:44.800284+00:00
CAGE9ABAQS8WKHHY,21,wms:stock_snapshot_sim,2026-09-04T17:12:44.800284+00:00
PCSE3YFFCYQVRNYX,0,wms:stock_snapshot_sim,2026-09-04T17:12:44.800284+00:00
DGBDTCRFCVWWTPWW,0,wms:stock_snapshot_sim,2026-09-04T17:12:44.800284+00:00
DREDUDJKYY8PFJJZ,3,wms:stock_snapshot_sim,2026-09-04T17:12:44.800284+00:00
BBAECF98YZGZBV9E,28,wms:stock_snapshot_sim,2026-09-04T17:12:44.800284+00:00
TSHDUXJFTK4JS3VX,12,wms:stock_snapshot_sim,2026-09-04T17:12:44.800284+00:00
ACCEGJMYVUYRRFGW,19,wms:stock_snapshot_sim,2026-09-04T17:12:44.800284+00:00
TOPECPG5FWV8FUQ5,34,wms:stock_snapshot_sim,2026-09-04T17:12:44.800284+00:00
BZREBXM8BFP6HZVP,25,wms:stock_snapshot_sim,2026-09-04T17:12:44.800284+00:00
CPGEGPVTGCRENUMM,40,wms:stock_snapshot_sim,2026-09-04T17:12:44.800284+00:00
PEBEDMZDYKGSHXPT,32,wms:stock_snapshot_sim,2026-09-04T17:12:44.800284+00:00
TIEEEBM6KBNQQUYU,15,wms:stock_snapshot_sim,2026-09-04T17:12:44.800284+00:00
BRAE6NZAQBHWZNMT,29,wms:stock_snapshot_sim,2026-09-04T17:12:44.800284+00:00
VESEJMKNJ2JVGCEX,19,wms:stock_snapshot_sim,2026-09-04T17:12:44.800284+00:00
ACCEA4F3EXAFZKZD,10,wms:stock_snapshot_sim,2026-09-04T17:12:44.800284+00:00
SNDEJQ79E7U8MQKG,9,wms:stock_snapshot_sim,2026-09-04T17:12:44.800284+00:00
ACCEA4CAPDH9W8Z8,33,wms:stock_snapshot_sim,2026-09-04T17:12:44.800284+00:00
CHDDY9JVKEGSGS4M,11,wms:stock_snapshot_sim,2026-09-04T17:12:44.800284+00:00
TSHE4S26FVNGW5TZ,19,wms:stock_snapshot_sim,2026-09-04T17:12:44.800284+00:00
GOGEHZ5PKPZJG38Y,5,wms:stock_snapshot_sim,2026-09-04T17:12:44.800284+00:00
SHVEYGZUH6MAGSPS,12,wms:stock_snapshot_sim,2026-09-04T17:12:44.800284+00:00
SHOEDDYYZY8C3X2K,7,wms:stock_snapshot_sim,2026-09-04T17:12:44.800284+00:00
JCKDXPJGFGS7UGHZ,13,wms:stock_snapshot_sim,2026-09-04T17:12:44.800284+00:00
SRTEHVUP4FPGWYVZ,9,wms:stock_snapshot_sim,2026-09-04T17:12:44.800284+00:00
LJGEATZRPF2FVE7H,10,wms:stock_snapshot_sim,2026-09-04T17:12:44.800284+00:00
TSHE993QUHYUFTHX,1,wms:stock_snapshot_sim,2026-09-04T17:12:44.800284+00:00
VHREBBHBHNTBYNHZ,40,wms:stock_snapshot_sim,2026-09-04T17:12:44.800284+00:00
NKCE96SXSGHZ3GZA,0,wms:stock_snapshot_sim,2026-09-04T17:12:44.800284+00:00
NKCDZBE883VXZTZM,1,wms:stock_snapshot_sim,2026-09-04T17:12:44.800284+00:00
STIE9F5UWNR43SZ4,34,wms:stock_snapshot_sim,2026-09-04T17:12:44.800284+00:00
SCHE4ZYTVE8DY5PP,17,wms:stock_snapshot_sim,2026-09-04T17:12:44.800284+00:00
BRAEB2S8QFFZQXX3,14,wms:stock_snapshot_sim,2026-09-04T17:12:44.800284+00:00
BLAEDQ27FMZMQCDS,30,wms:stock_snapshot_sim,2026-09-04T17:12:44.800284+00:00
LCHEH4GTFX23CPZR,35,wms:stock_snapshot_sim,2026-09-04T17:12:44.800284+00:00
NKCE38HEJPZSGBDZ,31,wms:stock_snapshot_sim,2026-09-04T17:12:44.800284+00:00
VHREBSGGGYMBXU5E,6,wms:stock_snapshot_sim,2026-09-04T17:12:44.800284+00:00
BBAE5GMYUBCDMFSF,12,wms:stock_snapshot_sim,2026-09-04T17:12:44.800284+00:00
LPBEGDV88DZJK6QP,23,wms:stock_snapshot_sim,2026-09-04T17:12:44.800284+00:00
SHTDT65ZCTTKVHYD,21,wms:stock_snapshot_sim,2026-09-04T17:12:44.800284+00:00
BRAEBXRBYHGJJ8KT,24,wms:stock_snapshot_sim,2026-09-04T17:12:44.800284+00:00
SOFE8HPYHNT7KUXG,18,wms:stock_snapshot_sim,2026-09-04T17:12:44.800284+00:00
SHOE6XNZAFUF2SHZ,25,wms:stock_snapshot_sim,2026-09-04T17:12:44.800284+00:00
SWIE5GN6EQ4HKHVD,37,wms:stock_snapshot_sim,2026-09-04T17:12:44.800284+00:00
BBAE4T44VX5UGK6J,21,wms:stock_snapshot_sim,2026-09-04T17:12:44.800284+00:00
KRTEJNZSXUR2ZZWY,6,wms:stock_snapshot_sim,2026-09-04T17:12:44.800284+00:00
CAGE9ABB78YZUHEQ,30,wms:stock_snapshot_sim,2026-09-04T17:12:44.800284+00:00
CAGEYUXVHFYNCAYD,36,wms:stock_snapshot_sim,2026-09-04T17:12:44.800284+00:00
ACCDWRBGHTDGF8HK,7,wms:stock_snapshot_sim,2026-09-04T17:12:44.800284+00:00
FABE7B2FGV9CDFZH,36,wms:stock_snapshot_sim,2026-09-04T17:12:44.800284+00:00
ACCEA9K5ZCDNRGXN,29,wms:stock_snapshot_sim,2026-09-04T17:12:44.800284+00:00
CRTECN2QWHUYBAQZ,31,wms:stock_snapshot_sim,2026-09-04T17:12:44.800284+00:00
SOCEJZT8FMXJ8VHZ,30,wms:stock_snapshot_sim,2026-09-04T17:12:44.800284+00:00
SGLEABFPHFPFTNBE,13,wms:stock_snapshot_sim,2026-09-04T17:12:44.800284+00:00
TWCEJFXHMSCXWE9J,14,wms:stock_snapshot_sim,2026-09-04T17:12:44.800284+00:00
TOPEGGE4Y6KAKG8G,38,wms:stock_snapshot_sim,2026-09-04T17:12:44.800284+00:00
ACBECFGTRZCFBJZJ,2,wms:stock_snapshot_sim,2026-09-04T17:12:44.800284+00:00
TSHE9CK26WUK6TXM,12,wms:stock_snapshot_sim,2026-09-04T17:12:44.800284+00:00
BBAEYB4VPP2FBC8P,37,wms:stock_snapshot_sim,2026-09-04T17:12:44.800284+00:00
KTAEHE9KFWXNYHFD,14,wms:stock_snapshot_sim,2026-09-04T17:12:44.800284+00:00
WATEHYW2MRNTAMHC,11,wms:stock_snapshot_sim,2026-09-04T17:12:44.800284+00:00
FABEG2WVGXFDJUHQ,28,wms:stock_snapshot_sim,2026-09-04T17:12:44.800284+00:00
KRTEBVTFN8JAG656,38,wms:stock_snapshot_sim,2026-09-04T17:12:44.800284+00:00
SHIEBZB49VZZQRKK,0,wms:stock_snapshot_sim,2026-09-04T17:12:44.800284+00:00
STIE6Q5UZBVBPZZZ,36,wms:stock_snapshot_sim,2026-09-04T17:12:44.800284+00:00
PCSDY5AFGFAQNCY9,16,wms:stock_snapshot_sim,2026-09-04T17:12:44.800284+00:00
BRAEDQDFSDVTSSWK,21,wms:stock_snapshot_sim,2026-09-04T17:12:44.800284+00:00
BRHEDHAUZJJNTB4B,16,wms:stock_snapshot_sim,2026-09-04T17:12:44.800284+00:00
WATDVJNATRBF2C3W,35,wms:stock_snapshot_sim,2026-09-04T17:12:44.800284+00:00
PHFEGTJJFSMEJV25,36,wms:stock_snapshot_sim,2026-09-04T17:12:44.800284+00:00
TOPE8ZAFZZ6YMGFY,18,wms:stock_snapshot_sim,2026-09-04T17:12:44.800284+00:00
NKCE83F3MBBAE7QM,32,wms:stock_snapshot_sim,2026-09-04T17:12:44.800284+00:00
ACCE7JHZ5J7GZQUH,30,wms:stock_snapshot_sim,2026-09-04T17:12:44.800284+00:00
SHTECZNHHBWC493H,32,wms:stock_snapshot_sim,2026-09-04T17:12:44.800284+00:00
LACEGF4N3CAXZDKH,26,wms:stock_snapshot_sim,2026-09-04T17:12:44.800284+00:00
RNGDX7UXPY96DH4G,2,wms:stock_snapshot_sim,2026-09-04T17:12:44.800284+00:00
CRNEEABUMPW6BZ8C,17,wms:stock_snapshot_sim,2026-09-04T17:12:44.800284+00:00
TSHEGNVDSSTAG8C3,37,wms:stock_snapshot_sim,2026-09-04T17:12:44.800284+00:00
SHIE8VY9ZH4ZCBMQ,32,wms:stock_snapshot_sim,2026-09-04T17:12:44.800284+00:00
TSHE993QVMSS8QGY,8,wms:stock_snapshot_sim,2026-09-04T17:12:44.800284+00:00
RNGE7M92XHFRHZCB,29,wms:stock_snapshot_sim,2026-09-04T17:12:44.800284+00:00
AVCEJCJQWBYMNPGU,38,wms:stock_snapshot_sim,2026-09-04T17:12:44.800284+00:00
RNGDUZU5VCYXAAEM,12,wms:stock_snapshot_sim,2026-09-04T17:12:44.800284+00:00
SHTEAZU6Z4AYK843,29,wms:stock_snapshot_sim,2026-09-04T17:12:44.800284+00:00
BTWEB2PFYPSZNNVK,0,wms:stock_snapshot_sim,2026-09-04T17:12:44.800284+00:00
DEPEEFCXYHJZU4GY,0,wms:stock_snapshot_sim,2026-09-04T17:12:44.800284+00:00
PCSDY5AFQE42NNTK,39,wms:stock_snapshot_sim,2026-09-04T17:12:44.800284+00:00
STIE2FRBAVUMGTTB,34,wms:stock_snapshot_sim,2026-09-04T17:12:44.800284+00:00
TSHEFC4AYHDXFDNK,8,wms:stock_snapshot_sim,2026-09-04T17:12:44.800284+00:00
LJGEB2KMCMMHHFC7,21,wms:stock_snapshot_sim,2026-09-04T17:12:44.800284+00:00
ACCDXFA6DYGMS3FZ,36,wms:stock_snapshot_sim,2026-09-04T17:12:44.800284+00:00
NKCEAJP6DGFV8AEZ,34,wms:stock_snapshot_sim,2026-09-04T17:12:44.800284+00:00
BBAE2BBGEKCTG9MM,10,wms:stock_snapshot_sim,2026-09-04T17:12:44.800284+00:00
SHIECFNXZ7W9GVYZ,0,wms:stock_snapshot_sim,2026-09-04T17:12:44.800284+00:00
PCSE2ZFDBB3N4PTP,7,wms:stock_snapshot_sim,2026-09-04T17:12:44.800284+00:00
TSHE46WP6HW89Z3S,24,wms:stock_snapshot_sim,2026-09-04T17:12:44.800284+00:00
SHOEJUQFQURGGFY4,4,wms:stock_snapshot_sim,2026-09-04T17:12:44.800284+00:00
SNDEHZMFFGGKYHRZ,12,wms:stock_snapshot_sim,2026-09-04T17:12:44.800284+00:00
CRTECN2QSVPFJZTD,0,wms:stock_snapshot_sim,2026-09-04T17:12:44.800284+00:00
WATE6D2XZWXHHPUM,0,wms:stock_snapshot_sim,2026-09-04T17:12:44.800284+00:00
BRFEGHPVKBFEJZ3N,32,wms:stock_snapshot_sim,2026-09-04T17:12:44.800284+00:00
TSHEDCVY5YDVHBQQ,30,wms:stock_snapshot_sim,2026-09-04T17:12:44.800284+00:00
RUGEH4VGZFPUVSD2,33,wms:stock_snapshot_sim,2026-09-04T17:12:44.800284+00:00
BRAE8EHTWXMGVQUS,29,wms:stock_snapshot_sim,2026-09-04T17:12:44.800284+00:00
CAGE9ABAGXS3WZDB,14,wms:stock_snapshot_sim,2026-09-04T17:12:44.800284+00:00
DREECT3MPFDCTE7P,24,wms:stock_snapshot_sim,2026-09-04T17:12:44.800284+00:00
WATDGFAQCFCVSJPA,23,wms:stock_snapshot_sim,2026-09-04T17:12:44.800284+00:00
TOPEYZ3FCMTYGPVF,35,wms:stock_snapshot_sim,2026-09-04T17:12:44.800284+00:00
CRTECN2QUG8V4QCY,4,wms:stock_snapshot_sim,2026-09-04T17:12:44.800284+00:00
TSHEFJFZH4UG2FJT,3,wms:stock_snapshot_sim,2026-09-04T17:12:44.800284+00:00
SHOEF9G7ZES6C5HU,18,wms:stock_snapshot_sim,2026-09-04T17:12:44.800284+00:00
CAPE2ZGGQ56T9HGZ,16,wms:stock_snapshot_sim,2026-09-04T17:12:44.800284+00:00
BRAEE6KRZQSEBSQJ,6,wms:stock_snapshot_sim,2026-09-04T17:12:44.800284+00:00
PCSDY5AFZYUTHYZX,37,wms:stock_snapshot_sim,2026-09-04T17:12:44.800284+00:00
BBAECH863BHGQGC6,30,wms:stock_snapshot_sim,2026-09-04T17:12:44.800284+00:00
TSHDTTQFSGZUTURG,0,wms:stock_snapshot_sim,2026-09-04T17:12:44.800284+00:00
BRAE8EHTRTZGVNVH,11,wms:stock_snapshot_sim,2026-09-04T17:12:44.800284+00:00
PBXECGZZXWDFUZP2,37,wms:stock_snapshot_sim,2026-09-04T17:12:44.800284+00:00
BLKEBEUNFFPSFKHE,6,wms:stock_snapshot_sim,2026-09-04T17:12:44.800284+00:00
VHREB3NZAKNHNQFY,0,wms:stock_snapshot_sim,2026-09-04T17:12:44.800284+00:00
CAGE6FYKMJNKDUE7,37,wms:stock_snapshot_sim,2026-09-04T17:12:44.800284+00:00
BBAE6TC7ZBZNFKTF,38,wms:stock_snapshot_sim,2026-09-04T17:12:44.800284+00:00
PCSE3X2TQH2SC9AJ,2,wms:stock_snapshot_sim,2026-09-04T17:12:44.800284+00:00
RNGEDAKCWFQMQCXU,0,wms:stock_snapshot_sim,2026-09-04T17:12:44.800284+00:00
KTAEHBHXNNYXMDVW,18,wms:stock_snapshot_sim,2026-09-04T17:12:44.800284+00:00
CPCE8GEYGFH23FZH,33,wms:stock_snapshot_sim,2026-09-04T17:12:44.800284+00:00
ACCE6SJGWCZHWNAF,40,wms:stock_snapshot_sim,2026-09-04T17:12:44.800284+00:00
RNCE9FGAUZRGC8D9,1,wms:stock_snapshot_sim,2026-09-04T17:12:44.800284+00:00
BRAE8TFHZJ6A2FFZ,31,wms:stock_snapshot_sim,2026-09-04T17:12:44.800284+00:00
LJGE9FVXWEQRJHXU,0,wms:stock_snapshot_sim,2026-09-04T17:12:44.800284+00:00
JWSE8FGAKEAQKHHA,32,wms:stock_snapshot_sim,2026-09-04T17:12:44.800284+00:00
TSHE4SBYRHZMTEQJ,0,wms:stock_snapshot_sim,2026-09-04T17:12:44.800284+00:00
NKCE7PZP2VGYBZKG,10,wms:stock_snapshot_sim,2026-09-04T17:12:44.800284+00:00
RTRE3YZGGMGJ42BF,10,wms:stock_snapshot_sim,2026-09-04T17:12:44.800284+00:00
SHTDWPYWHCVZ2HUB,8,wms:stock_snapshot_sim,2026-09-04T17:12:44.800284+00:00
BRAE59YTMB36ZVFG,8,wms:stock_snapshot_sim,2026-09-04T17:12:44.800284+00:00
SHOEAF2JY9XKZTRG,30,wms:stock_snapshot_sim,2026-09-04T17:12:44.800284+00:00
LJGEG6UDW2EBZQQ2,9,wms:stock_snapshot_sim,2026-09-04T17:12:44.800284+00:00
BEOE7MP2VSPHHV62,0,wms:stock_snapshot_sim,2026-09-04T17:12:44.800284+00:00
TSHE5NYHD3FSNXAW,6,wms:stock_snapshot_sim,2026-09-04T17:12:44.800284+00:00
ECOEFYFB3GEEBNXV,25,wms:stock_snapshot_sim,2026-09-04T17:12:44.800284+00:00
LJGEDDZJQCSHX4TT,9,wms:stock_snapshot_sim,2026-09-04T17:12:44.800284+00:00
STIE9F5UAZDTVFG5,3,wms:stock_snapshot_sim,2026-09-04T17:12:44.800284+00:00
BRADM8DWKXXJDEHW,3,wms:stock_snapshot_sim,2026-09-04T17:12:44.800284+00:00
NKCE4PZ6UJQG9QQE,22,wms:stock_snapshot_sim,2026-09-04T17:12:44.800284+00:00
BRAE5PKZFXE3MT9C,34,wms:stock_snapshot_sim,2026-09-04T17:12:44.800284+00:00
TSHECEGKUR2G94FV,16,wms:stock_snapshot_sim,2026-09-04T17:12:44.800284+00:00
SWSE4CNDZMMCJGM6,40,wms:stock_snapshot_sim,2026-09-04T17:12:44.800284+00:00
SHOEBYY4ZDWGQGEW,14,wms:stock_snapshot_sim,2026-09-04T17:12:44.800284+00:00
PTGE8MNKFHYGAPFG,0,wms:stock_snapshot_sim,2026-09-04T17:12:44.800284+00:00
SNDECBDZ6WGZ7MWS,28,wms:stock_snapshot_sim,2026-09-04T17:12:44.800284+00:00
JWSE2QGFTHXKZYZY,14,wms:stock_snapshot_sim,2026-09-04T17:12:44.800284+00:00
BALEYMGAEZYXDPCH,12,wms:stock_snapshot_sim,2026-09-04T17:12:44.800284+00:00
CAGE7CJVGGHQYZDQ,20,wms:stock_snapshot_sim,2026-09-04T17:12:44.800284+00:00
MUGEBFGFSYVB3FF3,7,wms:stock_snapshot_sim,2026-09-04T17:12:44.800284+00:00
ACCEHQJT86WCX9ZA,19,wms:stock_snapshot_sim,2026-09-04T17:12:44.800284+00:00
SHTEAGYJB8VWW6B9,6,wms:stock_snapshot_sim,2026-09-04T17:12:44.800284+00:00
FSEEG466WPGZQAQX,36,wms:stock_snapshot_sim,2026-09-04T17:12:44.800284+00:00
SHOEF9G8CVWHRH5M,34,wms:stock_snapshot_sim,2026-09-04T17:12:44.800284+00:00
WATDZRZGZAM7HDGV,22,wms:stock_snapshot_sim,2026-09-04T17:12:44.800284+00:00
BRAECTFYBT6YHYE3,37,wms:stock_snapshot_sim,2026-09-04T17:12:44.800284+00:00
SNDE62UFQC984CDM,9,wms:stock_snapshot_sim,2026-09-04T17:12:44.800284+00:00
HACEJUHDM5MTPKYW,19,wms:stock_snapshot_sim,2026-09-04T17:12:44.800284+00:00
PTGEJNZPRDKDP3FQ,2,wms:stock_snapshot_sim,2026-09-04T17:12:44.800284+00:00
CRTEA7HANEWK3TQ7,38,wms:stock_snapshot_sim,2026-09-04T17:12:44.800284+00:00
FABE9336ZKZVTZTB,24,wms:stock_snapshot_sim,2026-09-04T17:12:44.800284+00:00
BBAE8BXADJRG9KNP,23,wms:stock_snapshot_sim,2026-09-04T17:12:44.800284+00:00
TSHE97E6VWRHH8MR,5,wms:stock_snapshot_sim,2026-09-04T17:12:44.800284+00:00
BTWEYHEH6MF6GET4,1,wms:stock_snapshot_sim,2026-09-04T17:12:44.800284+00:00
STIEYZ5ZNDYUVKMQ,14,wms:stock_snapshot_sim,2026-09-04T17:12:44.800284+00:00
ACCE6SJGXYQCJMVP,37,wms:stock_snapshot_sim,2026-09-04T17:12:44.800284+00:00
LJGECNPE8BUVGNRK,9,wms:stock_snapshot_sim,2026-09-04T17:12:44.800284+00:00
HIFEB7J3GSTVN5XJ,38,wms:stock_snapshot_sim,2026-09-04T17:12:44.800284+00:00
MASEHU6HAUFFJKHQ,2,wms:stock_snapshot_sim,2026-09-04T17:12:44.800284+00:00
TSHE6UDNFP5YUQ5A,15,wms:stock_snapshot_sim,2026-09-04T17:12:44.800284+00:00
STIEGPNXUZ7MJHNF,8,wms:stock_snapshot_sim,2026-09-04T17:12:44.800284+00:00
ATAEF7HJZ34DPNQE,13,wms:stock_snapshot_sim,2026-09-04T17:12:44.800284+00:00
ACCE9YGG5KG2J2XA,23,wms:stock_snapshot_sim,2026-09-04T17:12:44.800284+00:00
NKCE6SR4N6ZGQ9FN,35,wms:stock_snapshot_sim,2026-09-04T17:12:44.800284+00:00
BRAE3UG9NGHDQZZE,20,wms:stock_snapshot_sim,2026-09-04T17:12:44.800284+00:00
WATE8E8PGC6SARZG,9,wms:stock_snapshot_sim,2026-09-04T17:12:44.800284+00:00
SNDE8TQCPFCHRTGV,2,wms:stock_snapshot_sim,2026-09-04T17:12:44.800284+00:00
ACCDXB99ZN5K9GXM,5,wms:stock_snapshot_sim,2026-09-04T17:12:44.800284+00:00
BBADV33MYAG8EXGH,10,wms:stock_snapshot_sim,2026-09-04T17:12:44.800284+00:00
NKCDU4RZTTVQGVDY,0,wms:stock_snapshot_sim,2026-09-04T17:12:44.800284+00:00
CRTECN2QSNACRXJZ,4,wms:stock_snapshot_sim,2026-09-04T17:12:44.800284+00:00
BRHEDHHTFJFVFFCN,24,wms:stock_snapshot_sim,2026-09-04T17:12:44.800284+00:00
ETHEGFZFQT7ZCH3U,31,wms:stock_snapshot_sim,2026-09-04T17:12:44.800284+00:00
BTWEBG5GH7BXBZRK,32,wms:stock_snapshot_sim,2026-09-04T17:12:44.800284+00:00
SHIE6KAJKKRGGCSJ,11,wms:stock_snapshot_sim,2026-09-04T17:12:44.800284+00:00
SHIED9YEGQVPFGQN,4,wms:stock_snapshot_sim,2026-09-04T17:12:44.800284+00:00
MUGEBFGFM2AZHHWR,6,wms:stock_snapshot_sim,2026-09-04T17:12:44.800284+00:00
SFFEGZ6HFPNYZMVP,38,wms:stock_snapshot_sim,2026-09-04T17:12:44.800284+00:00
KRTECGBJWSYTBFHR,0,wms:stock_snapshot_sim,2026-09-04T17:12:44.800284+00:00
SHOEJF5G5NAZ4EMG,9,wms:stock_snapshot_sim,2026-09-04T17:12:44.800284+00:00
BRAEDW63EGE5VDXG,34,wms:stock_snapshot_sim,2026-09-04T17:12:44.800284+00:00
RNGDXXB6JWHTECV2,7,wms:stock_snapshot_sim,2026-09-04T17:12:44.800284+00:00
NKCDZZTUKBH6FHFR,17,wms:stock_snapshot_sim,2026-09-04T17:12:44.800284+00:00
JWSE6AQUKTEDZ9HT,11,wms:stock_snapshot_sim,2026-09-04T17:12:44.800284+00:00
MBDEFP93WQJBKTRY,1,wms:stock_snapshot_sim,2026-09-04T17:12:44.800284+00:00
RNGE9HD4UVVW5K7V,19,wms:stock_snapshot_sim,2026-09-04T17:12:44.800284+00:00
JWSDZCHGUTXYUGZD,0,wms:stock_snapshot_sim,2026-09-04T17:12:44.800284+00:00
PBXE829GJ3ESYYMQ,0,wms:stock_snapshot_sim,2026-09-04T17:12:44.800284+00:00
PBXE4Q7YW6GNMRTE,0,wms:stock_snapshot_sim,2026-09-04T17:12:44.800284+00:00
BLUEJQRHM9VA48GF,26,wms:stock_snapshot_sim,2026-09-04T17:12:44.800284+00:00
CSPEGNS9GZVAGRY7,37,wms:stock_snapshot_sim,2026-09-04T17:12:44.800284+00:00
BOTEGYTZ2T6WUJMM,29,wms:stock_snapshot_sim,2026-09-04T17:12:44.800284+00:00
BBAEDHF3YF6XTYRG,20,wms:stock_snapshot_sim,2026-09-04T17:12:44.800284+00:00
BTWEBRD4PJUZZ7P6,24,wms:stock_snapshot_sim,2026-09-04T17:12:44.800284+00:00
TROEH8YNHZKBZJVB,23,wms:stock_snapshot_sim,2026-09-04T17:12:44.800284+00:00
WATE7VEFGZW7M8UD,28,wms:stock_snapshot_sim,2026-09-04T17:12:44.800284+00:00
TSHE4CDEGAPTFXVK,16,wms:stock_snapshot_sim,2026-09-04T17:12:44.800284+00:00
BRAE6AV3ZZQHKDCN,7,wms:stock_snapshot_sim,2026-09-04T17:12:44.800284+00:00
TSHE5NYHYMBTXPYG,17,wms:stock_snapshot_sim,2026-09-04T17:12:44.800284+00:00
RNGDQSVDYHVBTPCY,1,wms:stock_snapshot_sim,2026-09-04T17:12:44.800284+00:00
ACCDXZK5H9WPZ84Q,36,wms:stock_snapshot_sim,2026-09-04T17:12:44.800284+00:00
PTPE4YAN2DXZZGJY,0,wms:stock_snapshot_sim,2026-09-04T17:12:44.800284+00:00
CRTECN2QTUGVFTJ8,33,wms:stock_snapshot_sim,2026-09-04T17:12:44.800284+00:00
BBAE5XHN7VHZGDEG,14,wms:stock_snapshot_sim,2026-09-04T17:12:44.800284+00:00
RTRD8FNGHSBCKK6Z,0,wms:stock_snapshot_sim,2026-09-04T17:12:44.800284+00:00
STIEYZ5TGZSPA2FQ,27,wms:stock_snapshot_sim,2026-09-04T17:12:44.800284+00:00
TSHE6UDNUFRZJWWB,7,wms:stock_snapshot_sim,2026-09-04T17:12:44.800284+00:00
WLKEEXSVZWZHJEZW,18,wms:stock_snapshot_sim,2026-09-04T17:12:44.800284+00:00
SNDEGQ7M7EHGY3SG,6,wms:stock_snapshot_sim,2026-09-04T17:12:44.800284+00:00
NKCEFXYQ3AZGTBWY,28,wms:stock_snapshot_sim,2026-09-04T17:12:44.800284+00:00
BBAEBFYNRCVHHD95,35,wms:stock_snapshot_sim,2026-09-04T17:12:44.800284+00:00
BCHEG2BGWFC3SYAG,0,wms:stock_snapshot_sim,2026-09-04T17:12:44.800284+00:00
ACCDVHJPXWFPURJA,0,wms:stock_snapshot_sim,2026-09-04T17:12:44.800284+00:00
SNDE69H7RHFAUARF,24,wms:stock_snapshot_sim,2026-09-04T17:12:44.800284+00:00
BTWEBRA5GTSGAANQ,10,wms:stock_snapshot_sim,2026-09-04T17:12:44.800284+00:00
CAPE2ZGGFBG5YKGW,7,wms:stock_snapshot_sim,2026-09-04T17:12:44.800284+00:00
DREEGN5RBUBWAV6G,4,wms:stock_snapshot_sim,2026-09-04T17:12:44.800284+00:00
BRAE8GB5JAERH83X,13,wms:stock_snapshot_sim,2026-09-04T17:12:44.800284+00:00
CRTECN2QUSDGM2UT,27,wms:stock_snapshot_sim,2026-09-04T17:12:44.800284+00:00
CPCEKY4TKBYFE7PH,16,wms:stock_snapshot_sim,2026-09-04T17:12:44.800284+00:00
TMKEGWTM9RBGGFM4,0,wms:stock_snapshot_sim,2026-09-04T17:12:44.800284+00:00
CBKEHRSHVFGZ7FVQ,22,wms:stock_snapshot_sim,2026-09-04T17:12:44.800284+00:00
TSHE6KBGZGXWAXUF,0,wms:stock_snapshot_sim,2026-09-04T17:12:44.800284+00:00
NKCE6GKJSUMNEHFQ,0,wms:stock_snapshot_sim,2026-09-04T17:12:44.800284+00:00
TSHE6UDNZ787GK4X,24,wms:stock_snapshot_sim,2026-09-04T17:12:44.800284+00:00
ACCECZTCGM5QTWWF,18,wms:stock_snapshot_sim,2026-09-04T17:12:44.800284+00:00
TSHE4SBYFHWGCXSZ,13,wms:stock_snapshot_sim,2026-09-04T17:12:44.800284+00:00
BRAE8HMQATXFHFGZ,12,wms:stock_snapshot_sim,2026-09-04T17:12:44.800284+00:00
BRAEAW9GXHHAJARP,13,wms:stock_snapshot_sim,2026-09-04T17:12:44.800284+00:00
PCSE4TF3HP7QP3NR,0,wms:stock_snapshot_sim,2026-09-04T17:12:44.800284+00:00
ACCDY6GSECHXANDS,12,wms:stock_snapshot_sim,2026-09-04T17:12:44.800284+00:00
CRTECN2QYMHJKQ3G,34,wms:stock_snapshot_sim,2026-09-04T17:12:44.800284+00:00
PCSEAF9QMVZUJSGK,29,wms:stock_snapshot_sim,2026-09-04T17:12:44.800284+00:00
PTPE62XBRHPBQDZS,28,wms:stock_snapshot_sim,2026-09-04T17:12:44.800284+00:00
VMREGZPQM6DNNVFB,32,wms:stock_snapshot_sim,2026-09-04T17:12:44.800284+00:00
WCKE56UC6FHRF8TH,0,wms:stock_snapshot_sim,2026-09-04T17:12:44.800284+00:00
NKCEFKBYMVQBZ3JF,1,wms:stock_snapshot_sim,2026-09-04T17:12:44.800284+00:00
BRAE8JEEVWH4Y54V,13,wms:stock_snapshot_sim,2026-09-04T17:12:44.800284+00:00
PCSEAH5W3ZWRBJDB,11,wms:stock_snapshot_sim,2026-09-04T17:12:44.800284+00:00
PCSEAKVBS6ZDETVX,29,wms:stock_snapshot_sim,2026-09-04T17:12:44.800284+00:00
WATEHZZSNFPPGWSH,28,wms:stock_snapshot_sim,2026-09-04T17:12:44.800284+00:00
PCSEC86V2Q6P7PAB,28,wms:stock_snapshot_sim,2026-09-04T17:12:44.800284+00:00
WATEBVHCRKMVBGHW,6,wms:stock_snapshot_sim,2026-09-04T17:12:44.800284+00:00
SHIE693MM2N4BNER,5,wms:stock_snapshot_sim,2026-09-04T17:12:44.800284+00:00
WATE7DZGWYXWJHKV,9,wms:stock_snapshot_sim,2026-09-04T17:12:44.800284+00:00
ANKEGPVMFV9BJBJM,31,wms:stock_snapshot_sim,2026-09-04T17:12:44.800284+00:00
BRAE3TSHW492YGSS,0,wms:stock_snapshot_sim,2026-09-04T17:12:44.800284+00:00
KTAEG2EQ6GSJE8AG,0,wms:stock_snapshot_sim,2026-09-04T17:12:44.800284+00:00
SKIEE2A2ZKAJQTB4,27,wms:stock_snapshot_sim,2026-09-04T17:12:44.800284+00:00
HRBEHD9WUWPAWRDZ,20,wms:stock_snapshot_sim,2026-09-04T17:12:44.800284+00:00
PTSEDFSU7AG7EJRZ,38,wms:stock_snapshot_sim,2026-09-04T17:12:44.800284+00:00
ACCE9DJMZDUGZAUM,0,wms:stock_snapshot_sim,2026-09-04T17:12:44.800284+00:00
INSDZKFYE9FHHPNC,0,wms:stock_snapshot_sim,2026-09-04T17:12:44.800284+00:00
SHTEYPEAHHGF4YYB,29,wms:stock_snapshot_sim,2026-09-04T17:12:44.800284+00:00
NKCDR6BHVPTCG7HA,30,wms:stock_snapshot_sim,2026-09-04T17:12:44.800284+00:00
DREECDCRPFKFH6EH,17,wms:stock_snapshot_sim,2026-09-04T17:12:44.800284+00:00
MUGEB3GZ4ZYHF24Z,0,wms:stock_snapshot_sim,2026-09-04T17:12:44.800284+00:00
NKCDYQ3RPPERYA9W,17,wms:stock_snapshot_sim,2026-09-04T17:12:44.800284+00:00
SHODTSJPKFRPAZKH,35,wms:stock_snapshot_sim,2026-09-04T17:12:44.800284+00:00
JEAEJTCNUNMENQBY,36,wms:stock_snapshot_sim,2026-09-04T17:12:44.800284+00:00
WATEHZN5BG4SUKBY,0,wms:stock_snapshot_sim,2026-09-04T17:12:44.800284+00:00
JWSDWBPPQH5V6TTC,18,wms:stock_snapshot_sim,2026-09-04T17:12:44.800284+00:00
SMTEJHQAWW2WTHXA,21,wms:stock_snapshot_sim,2026-09-04T17:12:44.800284+00:00
NKCE4GF8YSKFGS97,5,wms:stock_snapshot_sim,2026-09-04T17:12:44.800284+00:00
TOPEGJZHGZFSGCM8,12,wms:stock_snapshot_sim,2026-09-04T17:12:44.800284+00:00
ACCEHY8AEDYU3W3T,0,wms:stock_snapshot_sim,2026-09-04T17:12:44.800284+00:00
TSHE9RVF5GFVRXF8,33,wms:stock_snapshot_sim,2026-09-04T17:12:44.800284+00:00
CRTECUWZXMV2YZ9G,0,wms:stock_snapshot_sim,2026-09-04T17:12:44.800284+00:00
SGLEJV5ZR7ZRWWYW,39,wms:stock_snapshot_sim,2026-09-04T17:12:44.800284+00:00
SNDECM9HBDMGU9XB,26,wms:stock_snapshot_sim,2026-09-04T17:12:44.800284+00:00
MUGEACY8HJB2956S,34,wms:stock_snapshot_sim,2026-09-04T17:12:44.800284+00:00
RNGEDAQ3ZJC36WRB,15,wms:stock_snapshot_sim,2026-09-04T17:12:44.800284+00:00
SHODXQRRGKZ74U9M,13,wms:stock_snapshot_sim,2026-09-04T17:12:44.800284+00:00
BBAEEYGPRKWRC9HP,29,wms:stock_snapshot_sim,2026-09-04T17:12:44.800284+00:00
NKCE5H4XW2PH6KFH,27,wms:stock_snapshot_sim,2026-09-04T17:12:44.800284+00:00
TSHE93RZVDCBH2YX,36,wms:stock_snapshot_sim,2026-09-04T17:12:44.800284+00:00
SHTEY3BTTRDEXAGT,7,wms:stock_snapshot_sim,2026-09-04T17:12:44.800284+00:00
SUSEDVUQPDV2ZJPZ,25,wms:stock_snapshot_sim,2026-09-04T17:12:44.800284+00:00
SHTDZWNYY6D6H2CM,10,wms:stock_snapshot_sim,2026-09-04T17:12:44.800284+00:00
VHREB3NZNQGEVUER,19,wms:stock_snapshot_sim,2026-09-04T17:12:44.800284+00:00
SNDEDN5EEBUV9JYZ,32,wms:stock_snapshot_sim,2026-09-04T17:12:44.800284+00:00
ACCE9Y6QVZJFRWWA,18,wms:stock_snapshot_sim,2026-09-04T17:12:44.800284+00:00
PPMEBHMZPB6RYETZ,12,wms:stock_snapshot_sim,2026-09-04T17:12:44.800284+00:00
TUNEH2MKQBCHNSZE,28,wms:stock_snapshot_sim,2026-09-04T17:12:44.800284+00:00
USGEE5V4XBZRADYK,33,wms:stock_snapshot_sim,2026-09-04T17:12:44.800284+00:00
TWCEGVM8ZBEPBH5G,39,wms:stock_snapshot_sim,2026-09-04T17:12:44.800284+00:00
SRTEJXHYXVAGCYRT,37,wms:stock_snapshot_sim,2026-09-04T17:12:44.800284+00:00
WATDW8E5PGWQUFWY,40,wms:stock_snapshot_sim,2026-09-04T17:12:44.800284+00:00
HMBEGFGECSN8SG3H,1,wms:stock_snapshot_sim,2026-09-04T17:12:44.800284+00:00
WTBEJ6ZEQPRXGJZE,0,wms:stock_snapshot_sim,2026-09-04T17:12:44.800284+00:00
CAGE7TVZSDVMHSKW,17,wms:stock_snapshot_sim,2026-09-04T17:12:44.800284+00:00
ACCEGH6SHJECW8UG,28,wms:stock_snapshot_sim,2026-09-04T17:12:44.800284+00:00
CRTECN2QZZTXU2FZ,9,wms:stock_snapshot_sim,2026-09-04T17:12:44.800284+00:00
INKDYVCRYMNQAZKR,0,wms:stock_snapshot_sim,2026-09-04T17:12:44.800284+00:00
PPME9UG8MHNGJGUU,33,wms:stock_snapshot_sim,2026-09-04T17:12:44.800284+00:00
ERGE4DSXWKPRMJPY,35,wms:stock_snapshot_sim,2026-09-04T17:12:44.800284+00:00
SHOECM4BZBFCRWTY,7,wms:stock_snapshot_sim,2026-09-04T17:12:44.800284+00:00
CRTECN2QZVUWVHZZ,0,wms:stock_snapshot_sim,2026-09-04T17:12:44.800284+00:00
TSHE993ZV3YVQXPT,0,wms:stock_snapshot_sim,2026-09-04T17:12:44.800284+00:00
KRTECQSZ85P8QKZU,2,wms:stock_snapshot_sim,2026-09-04T17:12:44.800284+00:00
DIAEJUCYZ4UQXQTN,17,wms:stock_snapshot_sim,2026-09-04T17:12:44.800284+00:00
SHIE5QEZYYZHAAWJ,0,wms:stock_snapshot_sim,2026-09-04T17:12:44.800284+00:00
SNDEJKRZRSNSGFM7,35,wms:stock_snapshot_sim,2026-09-04T17:12:44.800284+00:00
STIE8XF6AUHBWDMB,6,wms:stock_snapshot_sim,2026-09-04T17:12:44.800284+00:00
SNDEGGA6DEY3GHEF,40,wms:stock_snapshot_sim,2026-09-04T17:12:44.800284+00:00
TOPEBH65ABYPD859,39,wms:stock_snapshot_sim,2026-09-04T17:12:44.800284+00:00
BKPEYN9AGHRCKEQY,38,wms:stock_snapshot_sim,2026-09-04T17:12:44.800284+00:00
TOPE7W4CTFFFDQBH,10,wms:stock_snapshot_sim,2026-09-04T17:12:44.800284+00:00
PBXEDDEFV2FSNH4S,6,wms:stock_snapshot_sim,2026-09-04T17:12:44.800284+00:00
SHIE8QE6YQDMWHBZ,2,wms:stock_snapshot_sim,2026-09-04T17:12:44.800284+00:00
JWSDYTMZKQ5TBSQY,35,wms:stock_snapshot_sim,2026-09-04T17:12:44.800284+00:00
CLTEHE9FNRZSJGNB,38,wms:stock_snapshot_sim,2026-09-04T17:12:44.800284+00:00
SHTEATGFWT8VP5B4,33,wms:stock_snapshot_sim,2026-09-04T17:12:44.800284+00:00
TSHEA7W9DRARBDEZ,0,wms:stock_snapshot_sim,2026-09-04T17:12:44.800284+00:00
MUGEBFGFHRH5VVKH,5,wms:stock_snapshot_sim,2026-09-04T17:12:44.800284+00:00
SHTEGZ4HBAWFMGZW,26,wms:stock_snapshot_sim,2026-09-04T17:12:44.800284+00:00
ACCE6SJGUQWZ4E7F,20,wms:stock_snapshot_sim,2026-09-04T17:12:44.800284+00:00
ACCEAZCV5BHHDHFK,11,wms:stock_snapshot_sim,2026-09-04T17:12:44.800284+00:00
NKCE87C3JAXKXZRJ,29,wms:stock_snapshot_sim,2026-09-04T17:12:44.800284+00:00
TUNE6S44RSASZMB6,23,wms:stock_snapshot_sim,2026-09-04T17:12:44.800284+00:00
BCHEG22KYTFKA3SC,15,wms:stock_snapshot_sim,2026-09-04T17:12:44.800284+00:00
CAGE8X8X42FZCBSF,29,wms:stock_snapshot_sim,2026-09-04T17:12:44.800284+00:00
NKCDYRHGP2UFXMT7,24,wms:stock_snapshot_sim,2026-09-04T17:12:44.800284+00:00
TROEGV53XXBZ9VZE,1,wms:stock_snapshot_sim,2026-09-04T17:12:44.800284+00:00
AVCEGCGPJTZ3GGWB,4,wms:stock_snapshot_sim,2026-09-04T17:12:44.800284+00:00
NKCEYGTG8H79NJYY,17,wms:stock_snapshot_sim,2026-09-04T17:12:44.800284+00:00
ECOEFYFBWG4BHPWZ,27,wms:stock_snapshot_sim,2026-09-04T17:12:44.800284+00:00
LJGECJ27V6X3MQAH,31,wms:stock_snapshot_sim,2026-09-04T17:12:44.800284+00:00
DREEAXE3W4GCYENW,12,wms:stock_snapshot_sim,2026-09-04T17:12:44.800284+00:00
SHOEYGK5AYYBVXKH,25,wms:stock_snapshot_sim,2026-09-04T17:12:44.800284+00:00
BRADWZ4K9GN5VCM9,20,wms:stock_snapshot_sim,2026-09-04T17:12:44.800284+00:00
SHOE2FBZSHMWGNSJ,6,wms:stock_snapshot_sim,2026-09-04T17:12:44.800284+00:00
TROEGNQFB7DJ6JEN,6,wms:stock_snapshot_sim,2026-09-04T17:12:44.800284+00:00
MNKE79DWUUQVSBZF,33,wms:stock_snapshot_sim,2026-09-04T17:12:44.800284+00:00
DREEADBTNB5HX2EH,38,wms:stock_snapshot_sim,2026-09-04T17:12:44.800284+00:00
TOPEC8APK93YCFZZ,11,wms:stock_snapshot_sim,2026-09-04T17:12:44.800284+00:00
ADPE9TFCUY5Z8ZH2,28,wms:stock_snapshot_sim,2026-09-04T17:12:44.800284+00:00
BRAE5VAWEAXZ5HBE,33,wms:stock_snapshot_sim,2026-09-04T17:12:44.800284+00:00
BRAEA6JNPRJKFZKB,26,wms:stock_snapshot_sim,2026-09-04T17:12:44.800284+00:00
BXREDW5MRKSWFNGR,31,wms:stock_snapshot_sim,2026-09-04T17:12:44.800284+00:00
BHGEGTAU2KVDHXXJ,4,wms:stock_snapshot_sim,2026-09-04T17:12:44.800284+00:00
CSPDS8XMXBU5EQRT,38,wms:stock_snapshot_sim,2026-09-04T17:12:44.800284+00:00
WTBEJ9RTQQMB9VYE,8,wms:stock_snapshot_sim,2026-09-04T17:12:44.800284+00:00
BRAE4VPRDU98VEKK,6,wms:stock_snapshot_sim,2026-09-04T17:12:44.800284+00:00
SHTE8E6Y7ZDMQAZH,28,wms:stock_snapshot_sim,2026-09-04T17:12:44.800284+00:00
ACCE9Z5RZGZGFTXD,28,wms:stock_snapshot_sim,2026-09-04T17:12:44.800284+00:00
RCLE3KUDBPC6UGPW,0,wms:stock_snapshot_sim,2026-09-04T17:12:44.800284+00:00
TOPE7ZHZHEDT5QTS,16,wms:stock_snapshot_sim,2026-09-04T17:12:44.800284+00:00
RNGDQSVDXHZ9ZHHG,19,wms:stock_snapshot_sim,2026-09-04T17:12:44.800284+00:00
MUGE7DUFF4VTYCQM,36,wms:stock_snapshot_sim,2026-09-04T17:12:44.800284+00:00
ACCEGH6QZH3EDXK5,22,wms:stock_snapshot_sim,2026-09-04T17:12:44.800284+00:00
LACEGEZDVDYA4FZZ,23,wms:stock_snapshot_sim,2026-09-04T17:12:44.800284+00:00
STIE7KFKYVAHAHGZ,30,wms:stock_snapshot_sim,2026-09-04T17:12:44.800284+00:00
NKCDUYA5PQWDKMBZ,26,wms:stock_snapshot_sim,2026-09-04T17:12:44.800284+00:00
RNGEH3ESHHQAGGTP,3,wms:stock_snapshot_sim,2026-09-04T17:12:44.800284+00:00
SHTE7T3ZYWMQAK5E,27,wms:stock_snapshot_sim,2026-09-04T17:12:44.800284+00:00
TSHED2RDHXJTWHCF,19,wms:stock_snapshot_sim,2026-09-04T17:12:44.800284+00:00
NKCE6SR4H3EHXWNA,25,wms:stock_snapshot_sim,2026-09-04T17:12:44.800284+00:00
CAGED6YFXAHXJSDH,16,wms:stock_snapshot_sim,2026-09-04T17:12:44.800284+00:00
SNDEHZQPVBDGFCMH,40,wms:stock_snapshot_sim,2026-09-04T17:12:44.800284+00:00
SHTECY55PF7VXSTR,18,wms:stock_snapshot_sim,2026-09-04T17:12:44.800284+00:00
SHOECUZUWWUMMEBC,20,wms:stock_snapshot_sim,2026-09-04T17:12:44.800284+00:00
SWTEAFYHHBKXUBF3,29,wms:stock_snapshot_sim,2026-09-04T17:12:44.800284+00:00
NKCE4PZ6NFHQH3ZY,0,wms:stock_snapshot_sim,2026-09-04T17:12:44.800284+00:00
BLAE8BUKXGJ3DHMG,7,wms:stock_snapshot_sim,2026-09-04T17:12:44.800284+00:00
SHTEDCZWPM7F8GAM,11,wms:stock_snapshot_sim,2026-09-04T17:12:44.800284+00:00
RNGE96Y3GVM4MYVK,23,wms:stock_snapshot_sim,2026-09-04T17:12:44.800284+00:00
SHIEYZF6HGDHE8NQ,16,wms:stock_snapshot_sim,2026-09-04T17:12:44.800284+00:00
HMBE7G33MRRHSJFF,27,wms:stock_snapshot_sim,2026-09-04T17:12:44.800284+00:00
NFLEHC2VZQTZZFEC,35,wms:stock_snapshot_sim,2026-09-04T17:12:44.800284+00:00
SWDEGP9AHSFHRSUF,33,wms:stock_snapshot_sim,2026-09-04T17:12:44.800284+00:00
BRAEHAANSWS9HJAX,15,wms:stock_snapshot_sim,2026-09-04T17:12:44.800284+00:00
BBAEE9AQSZAYS2NW,26,wms:stock_snapshot_sim,2026-09-04T17:12:44.800284+00:00
PBXE9YWGAZHPPQKQ,33,wms:stock_snapshot_sim,2026-09-04T17:12:44.800284+00:00
WATDUNJ7VGBH2HJ3,3,wms:stock_snapshot_sim,2026-09-04T17:12:44.800284+00:00
BBOEGP4HM4C5WXVC,9,wms:stock_snapshot_sim,2026-09-04T17:12:44.800284+00:00
CAGDTN27KGFHHVHJ,26,wms:stock_snapshot_sim,2026-09-04T17:12:44.800284+00:00
SHOEBGDFN67TZGXF,34,wms:stock_snapshot_sim,2026-09-04T17:12:44.800284+00:00
KRTEEG6XHZFMR2TD,37,wms:stock_snapshot_sim,2026-09-04T17:12:44.800284+00:00
SWSEE2GKW9QZZKVJ,0,wms:stock_snapshot_sim,2026-09-04T17:12:44.800284+00:00
NKCEAFA9DJYHKHUT,0,wms:stock_snapshot_sim,2026-09-04T17:12:44.800284+00:00
SHOEJY3YTGATUTDQ,6,wms:stock_snapshot_sim,2026-09-04T17:12:44.800284+00:00
DRPEHYHMFE6G3XZG,14,wms:stock_snapshot_sim,2026-09-04T17:12:44.800284+00:00
SNKDZUEQVHPCEVKV,8,wms:stock_snapshot_sim,2026-09-04T17:12:44.800284+00:00
STIE7KFJ663Y4NDC,16,wms:stock_snapshot_sim,2026-09-04T17:12:44.800284+00:00
WATEA2H8FTBKZGGG,39,wms:stock_snapshot_sim,2026-09-04T17:12:44.800284+00:00
BBAE6FZQZQWHU6SH,11,wms:stock_snapshot_sim,2026-09-04T17:12:44.800284+00:00
TSHE75PWGFSKTZ2E,14,wms:stock_snapshot_sim,2026-09-04T17:12:44.800284+00:00
ACCE5K5HXZHYJAHF,7,wms:stock_snapshot_sim,2026-09-04T17:12:44.800284+00:00
SHOEYGAJJQY9YJZS,31,wms:stock_snapshot_sim,2026-09-04T17:12:44.800284+00:00
CCVE3Q2TBZRQYZSZ,1,wms:stock_snapshot_sim,2026-09-04T17:12:44.800284+00:00
CRTECN2QZJZTTSAS,16,wms:stock_snapshot_sim,2026-09-04T17:12:44.800284+00:00
NKCE6GJ5JHFKSM6T,0,wms:stock_snapshot_sim,2026-09-04T17:12:44.800284+00:00
TOPE6KWD9Z4K9D9W,36,wms:stock_snapshot_sim,2026-09-04T17:12:44.800284+00:00
KLSEGTBP3VQPZTHF,26,wms:stock_snapshot_sim,2026-09-04T17:12:44.800284+00:00
VASEJQQHZQMGPMCG,2,wms:stock_snapshot_sim,2026-09-04T17:12:44.800284+00:00
STIE9F5UZWVU4KHD,24,wms:stock_snapshot_sim,2026-09-04T17:12:44.800284+00:00
SHTDVZK6CQYERBPP,18,wms:stock_snapshot_sim,2026-09-04T17:12:44.800284+00:00
VHREB3NZEN8HGQHT,32,wms:stock_snapshot_sim,2026-09-04T17:12:44.800284+00:00
GRKEG4UV5AHURTPN,8,wms:stock_snapshot_sim,2026-09-04T17:12:44.800284+00:00
STIE6Q5TCMRCR7SU,28,wms:stock_snapshot_sim,2026-09-04T17:12:44.800284+00:00
TOPE5HVZ5DKR3HSX,3,wms:stock_snapshot_sim,2026-09-04T17:12:44.800284+00:00
NKCE79CGHYMSS7GH,19,wms:stock_snapshot_sim,2026-09-04T17:12:44.800284+00:00
ERGE72PV5ZJXYAS2,37,wms:stock_snapshot_sim,2026-09-04T17:12:44.800284+00:00
NKCE966ERYB8PKTQ,5,wms:stock_snapshot_sim,2026-09-04T17:12:44.800284+00:00
BLAED242BBPBXMC7,31,wms:stock_snapshot_sim,2026-09-04T17:12:44.800284+00:00
SWDEFYSMZ6WYZFVM,5,wms:stock_snapshot_sim,2026-09-04T17:12:44.800284+00:00
ACBEGWQ2REAGC6JZ,9,wms:stock_snapshot_sim,2026-09-04T17:12:44.800284+00:00
PBXEDDEFTWAW3HCU,39,wms:stock_snapshot_sim,2026-09-04T17:12:44.800284+00:00
DIAE4Q5MBSTEGHRW,35,wms:stock_snapshot_sim,2026-09-04T17:12:44.800284+00:00
TIEEEAHSK2GGGAEQ,35,wms:stock_snapshot_sim,2026-09-04T17:12:44.800284+00:00
SHIECMGF5WTA2WGG,1,wms:stock_snapshot_sim,2026-09-04T17:12:44.800284+00:00
SHOEGHEEEZETGJNZ,30,wms:stock_snapshot_sim,2026-09-04T17:12:44.800284+00:00
ACCDUV7ZCXWPB4WR,10,wms:stock_snapshot_sim,2026-09-04T17:12:44.800284+00:00
NKCE6SR4KGC4PD3S,0,wms:stock_snapshot_sim,2026-09-04T17:12:44.800284+00:00
MUGEYYXFMBHPJT9F,0,wms:stock_snapshot_sim,2026-09-04T17:12:44.800284+00:00
TOPEB7DZ5YSNTRUU,34,wms:stock_snapshot_sim,2026-09-04T17:12:44.800284+00:00
NKCE93HATS55JCZD,7,wms:stock_snapshot_sim,2026-09-04T17:12:44.800284+00:00
RNGEDAKFNPUNF5BJ,21,wms:stock_snapshot_sim,2026-09-04T17:12:44.800284+00:00
PEBEDMZD7GYFPTCG,26,wms:stock_snapshot_sim,2026-09-04T17:12:44.800284+00:00
ACCEGXK4RRVYHJZR,17,wms:stock_snapshot_sim,2026-09-04T17:12:44.800284+00:00
SHTDZNRRVRZV2VVH,40,wms:stock_snapshot_sim,2026-09-04T17:12:44.800284+00:00
BRAEAZEFXHCKE3RG,40,wms:stock_snapshot_sim,2026-09-04T17:12:44.800284+00:00
TOPE94XU499AB6X7,16,wms:stock_snapshot_sim,2026-09-04T17:12:44.800284+00:00
TSHEGHHU6C28JJUH,38,wms:stock_snapshot_sim,2026-09-04T17:12:44.800284+00:00
ACCE558KZHEPZYMG,40,wms:stock_snapshot_sim,2026-09-04T17:12:44.800284+00:00
NKCDYQ3RHUN9GFG4,20,wms:stock_snapshot_sim,2026-09-04T17:12:44.800284+00:00
ACCE9Z5UMATEYZTR,25,wms:stock_snapshot_sim,2026-09-04T17:12:44.800284+00:00
STIEYZ5TUPPGU2E4,6,wms:stock_snapshot_sim,2026-09-04T17:12:44.800284+00:00
BRAEB2S8XHF9P96G,38,wms:stock_snapshot_sim,2026-09-04T17:12:44.800284+00:00
HMBEJJ9K5ZDTY8ZB,21,wms:stock_snapshot_sim,2026-09-04T17:12:44.800284+00:00
DREE9G8CPJZD3FQY,4,wms:stock_snapshot_sim,2026-09-04T17:12:44.800284+00:00
SWTE75UBP4YZCNFY,40,wms:stock_snapshot_sim,2026-09-04T17:12:44.800284+00:00
SHTE74Z6UFPUYKNZ,39,wms:stock_snapshot_sim,2026-09-04T17:12:44.800284+00:00
TSHE9CK29TZZWZQP,4,wms:stock_snapshot_sim,2026-09-04T17:12:44.800284+00:00
SHODWK97XBSQGJVX,31,wms:stock_snapshot_sim,2026-09-04T17:12:44.800284+00:00
SHTEBSMGTZVTH3DE,16,wms:stock_snapshot_sim,2026-09-04T17:12:44.800284+00:00
ACCE9Y6VN5ERHYKW,25,wms:stock_snapshot_sim,2026-09-04T17:12:44.800284+00:00
SWTEA3CAQKSEGPKB,3,wms:stock_snapshot_sim,2026-09-04T17:12:44.800284+00:00
SHTEHUY4DGTGAYBS,5,wms:stock_snapshot_sim,2026-09-04T17:12:44.800284+00:00
NKCDS6WDYRB8EAVU,28,wms:stock_snapshot_sim,2026-09-04T17:12:44.800284+00:00
SKIEAYTRHTZTA4GB,4,wms:stock_snapshot_sim,2026-09-04T17:12:44.800284+00:00
RCLEYW4Q66GKWYUG,39,wms:stock_snapshot_sim,2026-09-04T17:12:44.800284+00:00
DREE9HZGGRRHS2SW,36,wms:stock_snapshot_sim,2026-09-04T17:12:44.800284+00:00
SWTE9S6EWK9ZUSQ6,14,wms:stock_snapshot_sim,2026-09-04T17:12:44.800284+00:00
COAEGXZJT8HGHAD4,16,wms:stock_snapshot_sim,2026-09-04T17:12:44.800284+00:00
LPBEGAKKCYHXZKJH,9,wms:stock_snapshot_sim,2026-09-04T17:12:44.800284+00:00
LJGE4VAVHAEBKRGV,38,wms:stock_snapshot_sim,2026-09-04T17:12:44.800284+00:00
NKCEB774WRFDTMFA,24,wms:stock_snapshot_sim,2026-09-04T17:12:44.800284+00:00
TSHEFC4BWHN3K5HA,25,wms:stock_snapshot_sim,2026-09-04T17:12:44.800284+00:00
SOFE8BZMFT7VRBSJ,4,wms:stock_snapshot_sim,2026-09-04T17:12:44.800284+00:00
LJGE8VHAG5FHQKZP,0,wms:stock_snapshot_sim,2026-09-04T17:12:44.800284+00:00
BRAEDSGAURJGHHU5,37,wms:stock_snapshot_sim,2026-09-04T17:12:44.800284+00:00
RTREY7SCGRHBZRSF,9,wms:stock_snapshot_sim,2026-09-04T17:12:44.800284+00:00
BBAE826BYDDRBBBV,38,wms:stock_snapshot_sim,2026-09-04T17:12:44.800284+00:00
MNKDZSMXADGFZD3C,4,wms:stock_snapshot_sim,2026-09-04T17:12:44.800284+00:00
ARPEEMCAMGADRCGQ,25,wms:stock_snapshot_sim,2026-09-04T17:12:44.800284+00:00
LJGEACY8PNFJJJC5,18,wms:stock_snapshot_sim,2026-09-04T17:12:44.800284+00:00
SHOEBQ36GHBZEYHY,36,wms:stock_snapshot_sim,2026-09-04T17:12:44.800284+00:00
KRTECQSNHJZPWYCS,28,wms:stock_snapshot_sim,2026-09-04T17:12:44.800284+00:00
VASEJQQNGXXSK9HM,4,wms:stock_snapshot_sim,2026-09-04T17:12:44.800284+00:00
SNDE62HESWDCRFZP,28,wms:stock_snapshot_sim,2026-09-04T17:12:44.800284+00:00
NKCECGVBKYNJGZZQ,1,wms:stock_snapshot_sim,2026-09-04T17:12:44.800284+00:00
STLEGWTGJRHVPQMY,20,wms:stock_snapshot_sim,2026-09-04T17:12:44.800284+00:00
BKPE8M5FMCGSTYJZ,24,wms:stock_snapshot_sim,2026-09-04T17:12:44.800284+00:00
KRTED9YEBFMZYTPW,29,wms:stock_snapshot_sim,2026-09-04T17:12:44.800284+00:00
BRAE8TFHWYCTDUM3,2,wms:stock_snapshot_sim,2026-09-04T17:12:44.800284+00:00
PBREH6ZNVKHMUKS5,20,wms:stock_snapshot_sim,2026-09-04T17:12:44.800284+00:00
CMDEEFCX8VGH3UYG,15,wms:stock_snapshot_sim,2026-09-04T17:12:44.800284+00:00
USGEE3YXGXN9FHUQ,33,wms:stock_snapshot_sim,2026-09-04T17:12:44.800284+00:00
MUGEBFGFEFPRH8F5,2,wms:stock_snapshot_sim,2026-09-04T17:12:44.800284+00:00
PCSEDE6ZNWQCXWDY,16,wms:stock_snapshot_sim,2026-09-04T17:12:44.800284+00:00
SUDEGGB5GCHTY53K,24,wms:stock_snapshot_sim,2026-09-04T17:12:44.800284+00:00
BBAEGNUNHHZEYSPD,26,wms:stock_snapshot_sim,2026-09-04T17:12:44.800284+00:00
NKCDYRHGFNBQ27UZ,9,wms:stock_snapshot_sim,2026-09-04T17:12:44.800284+00:00
BBAEFGBETGP88DZ3,12,wms:stock_snapshot_sim,2026-09-04T17:12:44.800284+00:00
NKCE8NDJ76XBRZ2H,22,wms:stock_snapshot_sim,2026-09-04T17:12:44.800284+00:00
ACCDXQQGRWYGJCKS,4,wms:stock_snapshot_sim,2026-09-04T17:12:44.800284+00:00
ACCE9Y6QHWXEFG2F,22,wms:stock_snapshot_sim,2026-09-04T17:12:44.800284+00:00
JWSDYFUFNYBSDY6B,23,wms:stock_snapshot_sim,2026-09-04T17:12:44.800284+00:00
BDSEGUPCQZVXEPAF,4,wms:stock_snapshot_sim,2026-09-04T17:12:44.800284+00:00
CLTEGMUMJTPY4RMG,0,wms:stock_snapshot_sim,2026-09-04T17:12:44.800284+00:00
TOPECEG3APNWUZWP,28,wms:stock_snapshot_sim,2026-09-04T17:12:44.800284+00:00
ACCE6SJGHMB4T4WZ,12,wms:stock_snapshot_sim,2026-09-04T17:12:44.800284+00:00
STIEYZ5TKGHQWDAB,10,wms:stock_snapshot_sim,2026-09-04T17:12:44.800284+00:00
RTRDZBJ5HJUQPHUB,29,wms:stock_snapshot_sim,2026-09-04T17:12:44.800284+00:00
BRAEAW9MGRA6XBHX,31,wms:stock_snapshot_sim,2026-09-04T17:12:44.800284+00:00
PEBEDKJYPEKYADZP,31,wms:stock_snapshot_sim,2026-09-04T17:12:44.800284+00:00
WATEBD3FJNXFXSBH,9,wms:stock_snapshot_sim,2026-09-04T17:12:44.800284+00:00
ACCE9WVGYG6URUHA,40,wms:stock_snapshot_sim,2026-09-04T17:12:44.800284+00:00
ACCE9DK3HRRVDVGU,0,wms:stock_snapshot_sim,2026-09-04T17:12:44.800284+00:00
BLAEAWAAAQEUY6SW,0,wms:stock_snapshot_sim,2026-09-04T17:12:44.800284+00:00
SHOE4EZ3VTVHQRX6,0,wms:stock_snapshot_sim,2026-09-04T17:12:44.800284+00:00
BRAEJPHBYXAKTVZJ,7,wms:stock_snapshot_sim,2026-09-04T17:12:44.800284+00:00
STIEGKHUVAMEZMV3,0,wms:stock_snapshot_sim,2026-09-04T17:12:44.800284+00:00
SHVEGZUHGVYZBRW8,33,wms:stock_snapshot_sim,2026-09-04T17:12:44.800284+00:00
SHOEHC8QSEFW8MZP,17,wms:stock_snapshot_sim,2026-09-04T17:12:44.800284+00:00
CRNEGGZFH8XWXYEA,34,wms:stock_snapshot_sim,2026-09-04T17:12:44.800284+00:00
CRTECN2QSQX5H4GM,4,wms:stock_snapshot_sim,2026-09-04T17:12:44.800284+00:00
SHIECGFT7U8W3ZQN,0,wms:stock_snapshot_sim,2026-09-04T17:12:44.800284+00:00
TOPE5W8M7YCEPVEF,35,wms:stock_snapshot_sim,2026-09-04T17:12:44.800284+00:00
BBAEJK8Z5UD97GTP,0,wms:stock_snapshot_sim,2026-09-04T17:12:44.800284+00:00
NKCE5T3GVHYKZSDH,34,wms:stock_snapshot_sim,2026-09-04T17:12:44.800284+00:00
NKCE2F5HBUPEAAPZ,31,wms:stock_snapshot_sim,2026-09-04T17:12:44.800284+00:00
MUGEACY8Q7ZYSTN8,36,wms:stock_snapshot_sim,2026-09-04T17:12:44.800284+00:00
ACCDVHJZA9FQWEZT,6,wms:stock_snapshot_sim,2026-09-04T17:12:44.800284+00:00
CSKEH3JP5XDGMBYE,39,wms:stock_snapshot_sim,2026-09-04T17:12:44.800284+00:00
ACCDY6HY6THFGGV8,23,wms:stock_snapshot_sim,2026-09-04T17:12:44.800284+00:00
MSOE7D95ZBVSDKSX,1,wms:stock_snapshot_sim,2026-09-04T17:12:44.800284+00:00
SHTEYPJASSGVYW3U,18,wms:stock_snapshot_sim,2026-09-04T17:12:44.800284+00:00
LJGEDWX3HT32UDXR,27,wms:stock_snapshot_sim,2026-09-04T17:12:44.800284+00:00
NKCEA5FHZSG4SVZP,11,wms:stock_snapshot_sim,2026-09-04T17:12:44.800284+00:00
TOPEG3ZFDC55GEZ3,28,wms:stock_snapshot_sim,2026-09-04T17:12:44.800284+00:00
SRTEGWKKRXZ5FEKN,0,wms:stock_snapshot_sim,2026-09-04T17:12:44.800284+00:00
SHTE8JG6ZZGZ5TYH,11,wms:stock_snapshot_sim,2026-09-04T17:12:44.800284+00:00
TOPEHZNTFAHEZMQA,0,wms:stock_snapshot_sim,2026-09-04T17:12:44.800284+00:00
PCSECV3FZ9NGYJDJ,15,wms:stock_snapshot_sim,2026-09-04T17:12:44.800284+00:00
BBAEAG4DMUBBYUKA,31,wms:stock_snapshot_sim,2026-09-04T17:12:44.800284+00:00
KTAEJMAGF5PPDETQ,28,wms:stock_snapshot_sim,2026-09-04T17:12:44.800284+00:00
NKCE7ZNGGKGZKEYG,38,wms:stock_snapshot_sim,2026-09-04T17:12:44.800284+00:00
STIE9F5TWSGM7JMQ,35,wms:stock_snapshot_sim,2026-09-04T17:12:44.800284+00:00
CRTECN2QWQNYZJ5M,0,wms:stock_snapshot_sim,2026-09-04T17:12:44.800284+00:00
ACCE5HFW5TFRJ2ZE,11,wms:stock_snapshot_sim,2026-09-04T17:12:44.800284+00:00
SNDEHGYHZKBSRRNB,17,wms:stock_snapshot_sim,2026-09-04T17:12:44.800284+00:00
CAGE5H7JF9ZDCWXG,12,wms:stock_snapshot_sim,2026-09-04T17:12:44.800284+00:00
STIE7KFGSBYBQG8U,8,wms:stock_snapshot_sim,2026-09-04T17:12:44.800284+00:00
SHOEGAJGF5CSZNHA,15,wms:stock_snapshot_sim,2026-09-04T17:12:44.800284+00:00
SHTEA8GNUNWHQYDD,17,wms:stock_snapshot_sim,2026-09-04T17:12:44.800284+00:00
ACCEGZ66HG5DH7ZH,18,wms:stock_snapshot_sim,2026-09-04T17:12:44.800284+00:00
ACCDPDJVGNGNX7QE,0,wms:stock_snapshot_sim,2026-09-04T17:12:44.800284+00:00
NKCEC87RGJPXNK7P,28,wms:stock_snapshot_sim,2026-09-04T17:12:44.800284+00:00
PCSECV3FHFAQ9T36,24,wms:stock_snapshot_sim,2026-09-04T17:12:44.800284+00:00
TOPEJP3ADHB6E8FY,30,wms:stock_snapshot_sim,2026-09-04T17:12:44.800284+00:00
NKCEBUPHWD8K5JRM,10,wms:stock_snapshot_sim,2026-09-04T17:12:44.800284+00:00
BLAE9CST6HZXH4G3,5,wms:stock_snapshot_sim,2026-09-04T17:12:44.800284+00:00
TOPEEB3RXGNKFFP5,13,wms:stock_snapshot_sim,2026-09-04T17:12:44.800284+00:00
HAREGHFYFZFKGU9H,29,wms:stock_snapshot_sim,2026-09-04T17:12:44.800284+00:00
DRPE3N3WWNJHVVNN,35,wms:stock_snapshot_sim,2026-09-04T17:12:44.800284+00:00
AVCEGBFBGFRWJSPS,32,wms:stock_snapshot_sim,2026-09-04T17:12:44.800284+00:00
WATDHMQJ68MVBRFV,40,wms:stock_snapshot_sim,2026-09-04T17:12:44.800284+00:00
BRAE7YF6QANCRAZV,6,wms:stock_snapshot_sim,2026-09-04T17:12:44.800284+00:00
PYJEGR3XNRPRYJZA,26,wms:stock_snapshot_sim,2026-09-04T17:12:44.800284+00:00
PBXE9GF9BRSCSGVV,16,wms:stock_snapshot_sim,2026-09-04T17:12:44.800284+00:00
RNGEDAPSYZYZXZEZ,11,wms:stock_snapshot_sim,2026-09-04T17:12:44.800284+00:00
BKPEGZCFYTJXMRGY,2,wms:stock_snapshot_sim,2026-09-04T17:12:44.800284+00:00
MLBEHCAYU8TGRGGJ,36,wms:stock_snapshot_sim,2026-09-04T17:12:44.800284+00:00
SHOEGAJGGTZD6HSY,11,wms:stock_snapshot_sim,2026-09-04T17:12:44.800284+00:00
ACCEATGZU9QWN3XR,31,wms:stock_snapshot_sim,2026-09-04T17:12:44.800284+00:00
CRNEEABUGPKZNYMH,1,wms:stock_snapshot_sim,2026-09-04T17:12:44.800284+00:00
KRTEDE5JNKFXYFKF,4,wms:stock_snapshot_sim,2026-09-04T17:12:44.800284+00:00
DREE9RFJHSFJHVFG,5,wms:stock_snapshot_sim,2026-09-04T17:12:44.800284+00:00
BRAEBXRB8GFZ6HM6,25,wms:stock_snapshot_sim,2026-09-04T17:12:44.800284+00:00
TSHEAQMCE5APABEH,3,wms:stock_snapshot_sim,2026-09-04T17:12:44.800284+00:00
ACCEKFVWGHGNJGP4,13,wms:stock_snapshot_sim,2026-09-04T17:12:44.800284+00:00
WATEDZ9FUHPEQQZF,0,wms:stock_snapshot_sim,2026-09-04T17:12:44.800284+00:00
JEAEGFMNENQ9G6AN,15,wms:stock_snapshot_sim,2026-09-04T17:12:44.800284+00:00
CRTECN2QYJVTVEH9,35,wms:stock_snapshot_sim,2026-09-04T17:12:44.800284+00:00
RNGEDAK9YXVZV6G9,10,wms:stock_snapshot_sim,2026-09-04T17:12:44.800284+00:00
BLAEAWAAXCRZAKZH,15,wms:stock_snapshot_sim,2026-09-04T17:12:44.800284+00:00
DREEG78PDRW4GCD8,15,wms:stock_snapshot_sim,2026-09-04T17:12:44.800284+00:00
PBXECMKVPRYTEHTZ,1,wms:stock_snapshot_sim,2026-09-04T17:12:44.800284+00:00
CRTECN2RFNYC4GVK,0,wms:stock_snapshot_sim,2026-09-04T17:12:44.800284+00:00
SHIEBP8VVHWKGHSK,7,wms:stock_snapshot_sim,2026-09-04T17:12:44.800284+00:00
CRTECYY4DCRARYG9,26,wms:stock_snapshot_sim,2026-09-04T17:12:44.800284+00:00
BBAE8UJZ3PZHX2T6,33,wms:stock_snapshot_sim,2026-09-04T17:12:44.800284+00:00
PBXE4WZJC3ZN8NFC,5,wms:stock_snapshot_sim,2026-09-04T17:12:44.800284+00:00
STIE9F5UKGW3Y7C9,23,wms:stock_snapshot_sim,2026-09-04T17:12:44.800284+00:00
CRTECN2QWCCYHCHR,18,wms:stock_snapshot_sim,2026-09-04T17:12:44.800284+00:00
TSHE8GF4ZQK2JVBS,24,wms:stock_snapshot_sim,2026-09-04T17:12:44.800284+00:00
MUGEGZUHX744RFEN,28,wms:stock_snapshot_sim,2026-09-04T17:12:44.800284+00:00
BRAEGJFXHYTGZ2QC,0,wms:stock_snapshot_sim,2026-09-04T17:12:44.800284+00:00
ACBECFGTZE2QDGR5,35,wms:stock_snapshot_sim,2026-09-04T17:12:44.800284+00:00
ACCEGUY72CYWXAEW,5,wms:stock_snapshot_sim,2026-09-04T17:12:44.800284+00:00
WATE26J7AQZKRJPK,40,wms:stock_snapshot_sim,2026-09-04T17:12:44.800284+00:00
BCHEGFZ8DPMAQYZU,36,wms:stock_snapshot_sim,2026-09-04T17:12:44.800284+00:00
LJGECQQFRRYFHCTB,21,wms:stock_snapshot_sim,2026-09-04T17:12:44.800284+00:00
TOPEA2684KHST8JF,39,wms:stock_snapshot_sim,2026-09-04T17:12:44.800284+00:00
ETHEGDTGZMBPGZGG,35,wms:stock_snapshot_sim,2026-09-04T17:12:44.800284+00:00
PBXE4RB4BZYTMFGY,33,wms:stock_snapshot_sim,2026-09-04T17:12:44.800284+00:00
TROEBQGHANHWD3BW,17,wms:stock_snapshot_sim,2026-09-04T17:12:44.800284+00:00
NKCDRDWANFDGXSSK,25,wms:stock_snapshot_sim,2026-09-04T17:12:44.800284+00:00
CWRE84EDSKFE8KF5,37,wms:stock_snapshot_sim,2026-09-04T17:12:44.800284+00:00
HBAEGEXCYKVZM83N,38,wms:stock_snapshot_sim,2026-09-04T17:12:44.800284+00:00
TSHE2MEYXTHGZWE9,10,wms:stock_snapshot_sim,2026-09-04T17:12:44.800284+00:00
BEOEGXRWE4NDBJNV,39,wms:stock_snapshot_sim,2026-09-04T17:12:44.800284+00:00
DREE2HZRJBXAVNHZ,0,wms:stock_snapshot_sim,2026-09-04T17:12:44.800284+00:00
ACCE6GFC3XKAFHB5,21,wms:stock_snapshot_sim,2026-09-04T17:12:44.800284+00:00
RNGE4YXXZKHDXKME,9,wms:stock_snapshot_sim,2026-09-04T17:12:44.800284+00:00
BTWE9B4GNTPXFUH6,7,wms:stock_snapshot_sim,2026-09-04T17:12:44.800284+00:00
BRAEB9SJMFKF39ZW,29,wms:stock_snapshot_sim,2026-09-04T17:12:44.800284+00:00
ACCE9Y6QSTDPGGSD,17,wms:stock_snapshot_sim,2026-09-04T17:12:44.800284+00:00
LJGE6NQTHF27G2JH,3,wms:stock_snapshot_sim,2026-09-04T17:12:44.800284+00:00
PLOEF8YHEBEGDDTR,39,wms:stock_snapshot_sim,2026-09-04T17:12:44.800284+00:00
RNGEDAPVZHKCSSFC,25,wms:stock_snapshot_sim,2026-09-04T17:12:44.800284+00:00
TSHE4SBYYJJTQJMB,12,wms:stock_snapshot_sim,2026-09-04T17:12:44.800284+00:00
BCHEG22KWMYDFGY7,14,wms:stock_snapshot_sim,2026-09-04T17:12:44.800284+00:00
SNDDX969ZZJJKSHB,15,wms:stock_snapshot_sim,2026-09-04T17:12:44.800284+00:00
WATEFEYNXTFZGEHC,11,wms:stock_snapshot_sim,2026-09-04T17:12:44.800284+00:00
TSHEHU5RWEAEVQXU,16,wms:stock_snapshot_sim,2026-09-04T17:12:44.800284+00:00
ACCDZMAPRCGSYYQW,7,wms:stock_snapshot_sim,2026-09-04T17:12:44.800284+00:00
WATDWGAHG7AHMW6Y,8,wms:stock_snapshot_sim,2026-09-04T17:12:44.800284+00:00
SHOECW3RYSYWGZBH,36,wms:stock_snapshot_sim,2026-09-04T17:12:44.800284+00:00
NKCECXEAF6GMGJTF,26,wms:stock_snapshot_sim,2026-09-04T17:12:44.800284+00:00
CRTECN2QTXCGYGNC,11,wms:stock_snapshot_sim,2026-09-04T17:12:44.800284+00:00
NKCE9PFF3TT4KSQJ,37,wms:stock_snapshot_sim,2026-09-04T17:12:44.800284+00:00
BRAEAM6P8NGS3EYZ,12,wms:stock_snapshot_sim,2026-09-04T17:12:44.800284+00:00
TSHE9K9JTZQAWHK9,33,wms:stock_snapshot_sim,2026-09-04T17:12:44.800284+00:00
SNDE5PJGWDSXSDQN,37,wms:stock_snapshot_sim,2026-09-04T17:12:44.800284+00:00
SHTE34TJVTPCMB2N,14,wms:stock_snapshot_sim,2026-09-04T17:12:44.800284+00:00
SHOEBF3XDQAXFB2K,8,wms:stock_snapshot_sim,2026-09-04T17:12:44.800284+00:00
TWPEJY2GE44RBSEC,0,wms:stock_snapshot_sim,2026-09-04T17:12:44.800284+00:00
PBXE5SUCYEBBSFXJ,12,wms:stock_snapshot_sim,2026-09-04T17:12:44.800284+00:00
PTYEE5HGHDENG7GY,1,wms:stock_snapshot_sim,2026-09-04T17:12:44.800284+00:00
RNGEYRXFZP9WJMY5,0,wms:stock_snapshot_sim,2026-09-04T17:12:44.800284+00:00
ACCEDTNRADHZ35UD,25,wms:stock_snapshot_sim,2026-09-04T17:12:44.800284+00:00
NKCDZHF7TKGY8BAX,25,wms:stock_snapshot_sim,2026-09-04T17:12:44.800284+00:00
VMREGZPQVBXT7HFR,2,wms:stock_snapshot_sim,2026-09-04T17:12:44.800284+00:00
DREE6BX5XNMBHGWZ,39,wms:stock_snapshot_sim,2026-09-04T17:12:44.800284+00:00
TSHE8PY79M8BNXD4,36,wms:stock_snapshot_sim,2026-09-04T17:12:44.800284+00:00
SHOEHYEXVYZRGMGJ,31,wms:stock_snapshot_sim,2026-09-04T17:12:44.800284+00:00
SHTE8CX8Q3SMVXSB,8,wms:stock_snapshot_sim,2026-09-04T17:12:44.800284+00:00
JEAEG6GRMCRZZJ7H,0,wms:stock_snapshot_sim,2026-09-04T17:12:44.800284+00:00
SHTECB57DDYYFJPX,0,wms:stock_snapshot_sim,2026-09-04T17:12:44.800284+00:00
GRTEAPBJYWQ6CKCV,24,wms:stock_snapshot_sim,2026-09-04T17:12:44.800284+00:00
RNGDWKZNWESHKECP,6,wms:stock_snapshot_sim,2026-09-04T17:12:44.800284+00:00
RNGE44J6ZYHHWBQY,16,wms:stock_snapshot_sim,2026-09-04T17:12:44.800284+00:00
SNDEJSGGFRNWVAZS,19,wms:stock_snapshot_sim,2026-09-04T17:12:44.800284+00:00
KTAEGZBRBFRH3MTF,16,wms:stock_snapshot_sim,2026-09-04T17:12:44.800284+00:00
STIEYZ5ZCPDHF5HK,6,wms:stock_snapshot_sim,2026-09-04T17:12:44.800284+00:00
JWSE2W4ZB5CB4MMH,4,wms:stock_snapshot_sim,2026-09-04T17:12:44.800284+00:00
PEBEDMZDAUTFWWHV,18,wms:stock_snapshot_sim,2026-09-04T17:12:44.800284+00:00
TSHEFJ3FFCAYQW29,36,wms:stock_snapshot_sim,2026-09-04T17:12:44.800284+00:00
SHTEG7MW9GWDJZUG,13,wms:stock_snapshot_sim,2026-09-04T17:12:44.800284+00:00
BRAEAW9GSGECY8BM,27,wms:stock_snapshot_sim,2026-09-04T17:12:44.800284+00:00
CRTECN2QYYWUXHRP,38,wms:stock_snapshot_sim,2026-09-04T17:12:44.800284+00:00
PEREEDNTFNBVFWQD,7,wms:stock_snapshot_sim,2026-09-04T17:12:44.800284+00:00
HIFEBRYGYAY5NHTG,0,wms:stock_snapshot_sim,2026-09-04T17:12:44.800284+00:00
CRTECN2QVQQNZMRW,2,wms:stock_snapshot_sim,2026-09-04T17:12:44.800284+00:00
NKCE9G2BR2E6HF5X,26,wms:stock_snapshot_sim,2026-09-04T17:12:44.800284+00:00
SHTE7F94PHHRSDZG,1,wms:stock_snapshot_sim,2026-09-04T17:12:44.800284+00:00
CAGE8PKGND7HHGEW,18,wms:stock_snapshot_sim,2026-09-04T17:12:44.800284+00:00
BLAEEDXCWA9RWAF8,38,wms:stock_snapshot_sim,2026-09-04T17:12:44.800284+00:00
CAGE7DSFQGVEGHC8,5,wms:stock_snapshot_sim,2026-09-04T17:12:44.800284+00:00
RNGE2FAFZQFUM6EB,3,wms:stock_snapshot_sim,2026-09-04T17:12:44.800284+00:00
NKCEB8BK3ZXDHDHM,25,wms:stock_snapshot_sim,2026-09-04T17:12:44.800284+00:00
SRTEGWKG97QKQTFZ,6,wms:stock_snapshot_sim,2026-09-04T17:12:44.800284+00:00
ACCEGG9VGRMQGHRD,0,wms:stock_snapshot_sim,2026-09-04T17:12:44.800284+00:00
BRAEFSFZUEM8Y5DT,26,wms:stock_snapshot_sim,2026-09-04T17:12:44.800284+00:00
ACCECR24JGSPKHDG,20,wms:stock_snapshot_sim,2026-09-04T17:12:44.800284+00:00
ACCE9ZY9DZRKN4SQ,6,wms:stock_snapshot_sim,2026-09-04T17:12:44.800284+00:00
SHTEC99DTEYT9XHY,15,wms:stock_snapshot_sim,2026-09-04T17:12:44.800284+00:00
NKCE8P4VG2KHZHFR,1,wms:stock_snapshot_sim,2026-09-04T17:12:44.800284+00:00
PBXEBQGMTRBTWHUB,35,wms:stock_snapshot_sim,2026-09-04T17:12:44.800284+00:00
PBXEBHJDZFDJAVYH,26,wms:stock_snapshot_sim,2026-09-04T17:12:44.800284+00:00
BBAE8X4VNXA5SZCG,38,wms:stock_snapshot_sim,2026-09-04T17:12:44.800284+00:00
MUGECEVFMCXPZFS4,40,wms:stock_snapshot_sim,2026-09-04T17:12:44.800284+00:00
NKCEAX7HAQ2RJA3Q,34,wms:stock_snapshot_sim,2026-09-04T17:12:44.800284+00:00
BKAEGFX2ZAQTSRMD,24,wms:stock_snapshot_sim,2026-09-04T17:12:44.800284+00:00
SKIEBU7HB4JYJVMP,13,wms:stock_snapshot_sim,2026-09-04T17:12:44.800284+00:00
CRTEA7HAUEF6RPUK,36,wms:stock_snapshot_sim,2026-09-04T17:12:44.800284+00:00
BRAE3RFCGHJGVJ9Y,36,wms:stock_snapshot_sim,2026-09-04T17:12:44.800284+00:00
BBAEGG4GZGW6TUHQ,35,wms:stock_snapshot_sim,2026-09-04T17:12:44.800284+00:00
SHOEBGHQTJJFUYSY,37,wms:stock_snapshot_sim,2026-09-04T17:12:44.800284+00:00
CAGDU9C3QVCBMQKQ,11,wms:stock_snapshot_sim,2026-09-04T17:12:44.800284+00:00
SKIE45X3FZDSF4BK,30,wms:stock_snapshot_sim,2026-09-04T17:12:44.800284+00:00
SHODYZ7QYUEYDEZ2,34,wms:stock_snapshot_sim,2026-09-04T17:12:44.800284+00:00
STFE9EQ8NNHPV9TC,28,wms:stock_snapshot_sim,2026-09-04T17:12:44.800284+00:00
RTRECTV9PSVC8Z9Y,34,wms:stock_snapshot_sim,2026-09-04T17:12:44.800284+00:00
TSHE993ZVHPBWSRX,37,wms:stock_snapshot_sim,2026-09-04T17:12:44.800284+00:00
BOTEANCHR3YGCGFP,34,wms:stock_snapshot_sim,2026-09-04T17:12:44.800284+00:00
KTAEBFPVNBPHFDFF,32,wms:stock_snapshot_sim,2026-09-04T17:12:44.800284+00:00
USGEE4P5BUGKHE2M,5,wms:stock_snapshot_sim,2026-09-04T17:12:44.800284+00:00
SHOE2GUJW6XNFG3W,24,wms:stock_snapshot_sim,2026-09-04T17:12:44.800284+00:00
FABE93H9AGWMNDJR,28,wms:stock_snapshot_sim,2026-09-04T17:12:44.800284+00:00
ACCEAZCVBHKKDVMZ,30,wms:stock_snapshot_sim,2026-09-04T17:12:44.800284+00:00
ACCE5DAA9KBP7XMS,37,wms:stock_snapshot_sim,2026-09-04T17:12:44.800284+00:00
TSHE993PVGB5PG7F,25,wms:stock_snapshot_sim,2026-09-04T17:12:44.800284+00:00
SHIE7VEF53ZMHGMS,0,wms:stock_snapshot_sim,2026-09-04T17:12:44.800284+00:00
DREECJ646MJSPRKN,9,wms:stock_snapshot_sim,2026-09-04T17:12:44.800284+00:00
TIEEE8A8UBKG9BMA,0,wms:stock_snapshot_sim,2026-09-04T17:12:44.800284+00:00
ACCEH8HCRKMVZBVF,0,wms:stock_snapshot_sim,2026-09-04T17:12:44.800284+00:00
PTGE8X4XMV6XJGUF,23,wms:stock_snapshot_sim,2026-09-04T17:12:44.800284+00:00
TSHE3Y8VCGZ9AZFU,34,wms:stock_snapshot_sim,2026-09-04T17:12:44.800284+00:00
VHREB3NZAWHG8CTF,12,wms:stock_snapshot_sim,2026-09-04T17:12:44.800284+00:00
DSTEH2KSY33SDGNH,20,wms:stock_snapshot_sim,2026-09-04T17:12:44.800284+00:00
SSSEHFZ2TRZBAPF9,36,wms:stock_snapshot_sim,2026-09-04T17:12:44.800284+00:00
VLBEHHWFMGCMEM4K,37,wms:stock_snapshot_sim,2026-09-04T17:12:44.800284+00:00
TOPE7DNYTYVKXH8X,9,wms:stock_snapshot_sim,2026-09-04T17:12:44.800284+00:00
SHIEHFCXNRGJYZS5,30,wms:stock_snapshot_sim,2026-09-04T17:12:44.800284+00:00
BRAEARZHKSTMZSZ5,33,wms:stock_snapshot_sim,2026-09-04T17:12:44.800284+00:00
NKCE8QF9TVUDQZFU,8,wms:stock_snapshot_sim,2026-09-04T17:12:44.800284+00:00
DIAEG6272U4HAGHC,30,wms:stock_snapshot_sim,2026-09-04T17:12:44.800284+00:00
BXREDW5MZKQCAHX5,6,wms:stock_snapshot_sim,2026-09-04T17:12:44.800284+00:00
BLAECYJBSHFYG5VR,9,wms:stock_snapshot_sim,2026-09-04T17:12:44.800284+00:00
CAGE8PKGZJ5NFT7X,25,wms:stock_snapshot_sim,2026-09-04T17:12:44.800284+00:00
BDSEJTHGGZH3HSJF,5,wms:stock_snapshot_sim,2026-09-04T17:12:44.800284+00:00
TSHE3F6KHN4RANB8,0,wms:stock_snapshot_sim,2026-09-04T17:12:44.800284+00:00
CRTECN2QYK2R2PUS,36,wms:stock_snapshot_sim,2026-09-04T17:12:44.800284+00:00
KSCEG8HSR59YGGVP,6,wms:stock_snapshot_sim,2026-09-04T17:12:44.800284+00:00
MUGE6ZDZUCAYFRFF,38,wms:stock_snapshot_sim,2026-09-04T17:12:44.800284+00:00
CRTECN2QZZHZH8H3,9,wms:stock_snapshot_sim,2026-09-04T17:12:44.800284+00:00
PTPE7FFJTHJDMDB5,12,wms:stock_snapshot_sim,2026-09-04T17:12:44.800284+00:00
CRTECN2QUZSRCEN4,39,wms:stock_snapshot_sim,2026-09-04T17:12:44.800284+00:00
BBAE6GJFF3AQSYXG,22,wms:stock_snapshot_sim,2026-09-04T17:12:44.800284+00:00
SOCEJPT5FU7JGVYU,5,wms:stock_snapshot_sim,2026-09-04T17:12:44.800284+00:00
WATDZ2ZQNBEYZEWR,17,wms:stock_snapshot_sim,2026-09-04T17:12:44.800284+00:00
BLCEJT9YKBTA8XEQ,24,wms:stock_snapshot_sim,2026-09-04T17:12:44.800284+00:00
TSHE993QZ5W5ZCSG,9,wms:stock_snapshot_sim,2026-09-04T17:12:44.800284+00:00
STIE9F5UGYH9B68H,36,wms:stock_snapshot_sim,2026-09-04T17:12:44.800284+00:00
SHTEA48RXHZZ7YKB,19,wms:stock_snapshot_sim,2026-09-04T17:12:44.800284+00:00
JCKE2AF4YCJ5WTCZ,3,wms:stock_snapshot_sim,2026-09-04T17:12:44.800284+00:00
CRTECN2QYU4SJADV,33,wms:stock_snapshot_sim,2026-09-04T17:12:44.800284+00:00
CAGE53FS5CFUVY3D,37,wms:stock_snapshot_sim,2026-09-04T17:12:44.800284+00:00
MUGEGJG8UAGBXEZ4,24,wms:stock_snapshot_sim,2026-09-04T17:12:44.800284+00:00
NKCE73V3N6ZSSGKT,1,wms:stock_snapshot_sim,2026-09-04T17:12:44.800284+00:00
CBKEBVA8QTREQRYP,2,wms:stock_snapshot_sim,2026-09-04T17:12:44.800284+00:00
BRAECTFYX5WAPU8J,4,wms:stock_snapshot_sim,2026-09-04T17:12:44.800284+00:00
PACEFVZZMCGNBACQ,0,wms:stock_snapshot_sim,2026-09-04T17:12:44.800284+00:00
BRAEB2ZTUJJFFQTE,22,wms:stock_snapshot_sim,2026-09-04T17:12:44.800284+00:00
DREEHPHFDS9FVTDC,4,wms:stock_snapshot_sim,2026-09-04T17:12:44.800284+00:00
SHOE2ZNKMZYQFQDV,14,wms:stock_snapshot_sim,2026-09-04T17:12:44.800284+00:00
TYREFD6AWWB37SUB,18,wms:stock_snapshot_sim,2026-09-04T17:12:44.800284+00:00
PTPDYVTSEF3BDWMZ,31,wms:stock_snapshot_sim,2026-09-04T17:12:44.800284+00:00
USGEDDUFPQBYH6GY,33,wms:stock_snapshot_sim,2026-09-04T17:12:44.800284+00:00
FSEEHXHFG6KCYVVU,36,wms:stock_snapshot_sim,2026-09-04T17:12:44.800284+00:00
TSHEAGHK5UC4XDUT,18,wms:stock_snapshot_sim,2026-09-04T17:12:44.800284+00:00
NKCE9HF3TENMYXZY,0,wms:stock_snapshot_sim,2026-09-04T17:12:44.800284+00:00
PEBEDMZDJRMHM6QP,0,wms:stock_snapshot_sim,2026-09-04T17:12:44.800284+00:00
KRTEBPE9EYPUHZY9,34,wms:stock_snapshot_sim,2026-09-04T17:12:44.800284+00:00
CAIEGP4YSZ4GNUV4,17,wms:stock_snapshot_sim,2026-09-04T17:12:44.800284+00:00
SHTE84FRJX6WJT4U,16,wms:stock_snapshot_sim,2026-09-04T17:12:44.800284+00:00
BKPE72DQFUHFUP9B,0,wms:stock_snapshot_sim,2026-09-04T17:12:44.800284+00:00
STIE2FRB8JYCGK8H,5,wms:stock_snapshot_sim,2026-09-04T17:12:44.800284+00:00
BRFEGJJVBZ7SXMXH,35,wms:stock_snapshot_sim,2026-09-04T17:12:44.800284+00:00
ACCEAZCV3HFDYAHT,24,wms:stock_snapshot_sim,2026-09-04T17:12:44.800284+00:00
CRNEEABUQGGMMXNX,0,wms:stock_snapshot_sim,2026-09-04T17:12:44.800284+00:00
MUGEAGGKXFT23YYH,0,wms:stock_snapshot_sim,2026-09-04T17:12:44.800284+00:00
RNGE7M92STBDGEGA,36,wms:stock_snapshot_sim,2026-09-04T17:12:44.800284+00:00
ACCE22EDXGSJT5ZJ,4,wms:stock_snapshot_sim,2026-09-04T17:12:44.800284+00:00
TOPE5F53Z6W4V2CP,0,wms:stock_snapshot_sim,2026-09-04T17:12:44.800284+00:00
KBHEJXQRFHUNDZGF,1,wms:stock_snapshot_sim,2026-09-04T17:12:44.800284+00:00
NKCECZFZWBDN26NY,30,wms:stock_snapshot_sim,2026-09-04T17:12:44.800284+00:00
BBAEBNNHUBKTAZZU,7,wms:stock_snapshot_sim,2026-09-04T17:12:44.800284+00:00
TOPECB586KWJY34R,6,wms:stock_snapshot_sim,2026-09-04T17:12:44.800284+00:00
TIEEEBZ6RVHN8JZG,28,wms:stock_snapshot_sim,2026-09-04T17:12:44.800284+00:00
SHIEF8DUHZJP8MVC,0,wms:stock_snapshot_sim,2026-09-04T17:12:44.800284+00:00
BKPEGXYWWJPETZZA,24,wms:stock_snapshot_sim,2026-09-04T17:12:44.800284+00:00
SHTE9Z4ZMSRYHYFY,29,wms:stock_snapshot_sim,2026-09-04T17:12:44.800284+00:00
SHIECJZEGBAHYG5N,0,wms:stock_snapshot_sim,2026-09-04T17:12:44.800284+00:00
LJGEG57EHMYZQDZU,13,wms:stock_snapshot_sim,2026-09-04T17:12:44.800284+00:00
KRTEBT9CWJBZYZGJ,0,wms:stock_snapshot_sim,2026-09-04T17:12:44.800284+00:00
SHOEJUQGGZQPCVYE,28,wms:stock_snapshot_sim,2026-09-04T17:12:44.800284+00:00
SHTEBZ74YGTJBZR4,1,wms:stock_snapshot_sim,2026-09-04T17:12:44.800284+00:00
BBAE5W98SDUHYAUA,0,wms:stock_snapshot_sim,2026-09-04T17:12:44.800284+00:00
BBAEB73MMMQHYYHF,6,wms:stock_snapshot_sim,2026-09-04T17:12:44.800284+00:00
SCIEFHFUUSZZD24P,37,wms:stock_snapshot_sim,2026-09-04T17:12:44.800284+00:00
SHTEJVJMEYV6U4HU,36,wms:stock_snapshot_sim,2026-09-04T17:12:44.800284+00:00
SHTE7F94WHE65CJJ,19,wms:stock_snapshot_sim,2026-09-04T17:12:44.800284+00:00
PCSEAKVBSWFTSSKN,10,wms:stock_snapshot_sim,2026-09-04T17:12:44.800284+00:00
ACCE9Y6MXEPRDHFT,34,wms:stock_snapshot_sim,2026-09-04T17:12:44.800284+00:00
USGEDDUFS7BGDFRH,38,wms:stock_snapshot_sim,2026-09-04T17:12:44.800284+00:00
SNDEJTPN7JUHRZGM,14,wms:stock_snapshot_sim,2026-09-04T17:12:44.800284+00:00
DREEGWVHWR36YPBY,27,wms:stock_snapshot_sim,2026-09-04T17:12:44.800284+00:00
TSHECTY5BWXJV4GZ,39,wms:stock_snapshot_sim,2026-09-04T17:12:44.800284+00:00
SHIEBXSH3GADDFBP,31,wms:stock_snapshot_sim,2026-09-04T17:12:44.800284+00:00
WATDA5ZANJ7UZ74Q,27,wms:stock_snapshot_sim,2026-09-04T17:12:44.800284+00:00
DREEHFYMBXCFZ5HB,6,wms:stock_snapshot_sim,2026-09-04T17:12:44.800284+00:00
NKCED2ZG8GMNMMSF,33,wms:stock_snapshot_sim,2026-09-04T17:12:44.800284+00:00
ACCE8TZFCREV9NK5,31,wms:stock_snapshot_sim,2026-09-04T17:12:44.800284+00:00
TSHE5NYHHCVJSR4S,20,wms:stock_snapshot_sim,2026-09-04T17:12:44.800284+00:00
BDGEFMYFVFZQEHVK,6,wms:stock_snapshot_sim,2026-09-04T17:12:44.800284+00:00
SHIE9J6PPZ44RZDK,5,wms:stock_snapshot_sim,2026-09-04T17:12:44.800284+00:00
SHOEJQCKU9ZRGJT8,0,wms:stock_snapshot_sim,2026-09-04T17:12:44.800284+00:00
BRAEDQEDVZT2TZ8A,10,wms:stock_snapshot_sim,2026-09-04T17:12:44.800284+00:00
BKPECSXKNFNASYRN,36,wms:stock_snapshot_sim,2026-09-04T17:12:44.800284+00:00
SWSEBHCPZGHMBKJY,26,wms:stock_snapshot_sim,2026-09-04T17:12:44.800284+00:00
WCKE2TFF4ZYGXUMH,12,wms:stock_snapshot_sim,2026-09-04T17:12:44.800284+00:00
ACCE9Z2HBDWY8S9N,0,wms:stock_snapshot_sim,2026-09-04T17:12:44.800284+00:00
STIEYZ6F4H389PGW,14,wms:stock_snapshot_sim,2026-09-04T17:12:44.800284+00:00
STIEYZ5SVEZX9BJG,24,wms:stock_snapshot_sim,2026-09-04T17:12:44.800284+00:00
BALDFCFWC4HGQYZH,34,wms:stock_snapshot_sim,2026-09-04T17:12:44.800284+00:00
TSHDVZHTKHPQHWYY,16,wms:stock_snapshot_sim,2026-09-04T17:12:44.800284+00:00
ACCDX8ZT97AVKURV,10,wms:stock_snapshot_sim,2026-09-04T17:12:44.800284+00:00
RNGE9HEJZQCSMFFH,4,wms:stock_snapshot_sim,2026-09-04T17:12:44.800284+00:00
NRSEGS9MDCNWTCH3,18,wms:stock_snapshot_sim,2026-09-04T17:12:44.800284+00:00
JEAECN2PS9UZRFXV,28,wms:stock_snapshot_sim,2026-09-04T17:12:44.800284+00:00
CPCE8AHWQGM87DFC,0,wms:stock_snapshot_sim,2026-09-04T17:12:44.800284+00:00
BRAE3TSHZ6VEKQUG,13,wms:stock_snapshot_sim,2026-09-04T17:12:44.800284+00:00
TLPEG6GSDFSCZPF2,15,wms:stock_snapshot_sim,2026-09-04T17:12:44.800284+00:00
USGEDNR8U6ZAETKA,17,wms:stock_snapshot_sim,2026-09-04T17:12:44.800284+00:00
CBKEAHJXFPYSJR5F,35,wms:stock_snapshot_sim,2026-09-04T17:12:44.800284+00:00
PELEJUCGUAPQRCZX,36,wms:stock_snapshot_sim,2026-09-04T17:12:44.800284+00:00
SUSEDVUQUYKGUYGA,12,wms:stock_snapshot_sim,2026-09-04T17:12:44.800284+00:00
WATE3HFNMGVTZEDS,15,wms:stock_snapshot_sim,2026-09-04T17:12:44.800284+00:00
VMREGZPQ5P8YQQP2,20,wms:stock_snapshot_sim,2026-09-04T17:12:44.800284+00:00
BLAE93GX8VTDTHNN,9,wms:stock_snapshot_sim,2026-09-04T17:12:44.800284+00:00
FAFEG3ZDPG7WMHT8,22,wms:stock_snapshot_sim,2026-09-04T17:12:44.800284+00:00
ACCE6SJGGXQE3E8A,29,wms:stock_snapshot_sim,2026-09-04T17:12:44.800284+00:00
TSHE9DFQFHZNFY5A,18,wms:stock_snapshot_sim,2026-09-04T17:12:44.800284+00:00
SHTDUDSVDJJGGGPF,26,wms:stock_snapshot_sim,2026-09-04T17:12:44.800284+00:00
TROEGRPCFEJHN7RG,40,wms:stock_snapshot_sim,2026-09-04T17:12:44.800284+00:00
BRAE84GGENBAJ5DX,6,wms:stock_snapshot_sim,2026-09-04T17:12:44.800284+00:00
MUGEAGGKKZBHTBHW,26,wms:stock_snapshot_sim,2026-09-04T17:12:44.800284+00:00
RNGE9HD9ZWPNFZGS,37,wms:stock_snapshot_sim,2026-09-04T17:12:44.800284+00:00
TSHE7AX3NSFCWYNR,1,wms:stock_snapshot_sim,2026-09-04T17:12:44.800284+00:00
NKCDU4RZTSAHGJU8,35,wms:stock_snapshot_sim,2026-09-04T17:12:44.800284+00:00
DREECBJGYS4KV2HT,21,wms:stock_snapshot_sim,2026-09-04T17:12:44.800284+00:00
SHTE8GCDEMKSUYHQ,32,wms:stock_snapshot_sim,2026-09-04T17:12:44.800284+00:00
BBAEDPZZ54VEJDEG,20,wms:stock_snapshot_sim,2026-09-04T17:12:44.800284+00:00
CRTECN2QW9H2NWF2,39,wms:stock_snapshot_sim,2026-09-04T17:12:44.800284+00:00
ACCE9Y6WGHYMA4PW,15,wms:stock_snapshot_sim,2026-09-04T17:12:44.800284+00:00
ETHEGDXN9FGTZNGZ,0,wms:stock_snapshot_sim,2026-09-04T17:12:44.800284+00:00
SHTEGQESCBEPDMZZ,0,wms:stock_snapshot_sim,2026-09-04T17:12:44.800284+00:00
DREEFN4CXGMF7FCH,33,wms:stock_snapshot_sim,2026-09-04T17:12:44.800284+00:00
TWCEJFXHFZT5UYFQ,7,wms:stock_snapshot_sim,2026-09-04T17:12:44.800284+00:00
PTSE4ZHEZTF7UYNK,2,wms:stock_snapshot_sim,2026-09-04T17:12:44.800284+00:00
BRAEDXUVZPX2RVVP,19,wms:stock_snapshot_sim,2026-09-04T17:12:44.800284+00:00
SHTDXTWUTHJFR8UH,29,wms:stock_snapshot_sim,2026-09-04T17:12:44.800284+00:00
NKCEDFNHWNPYWK5X,4,wms:stock_snapshot_sim,2026-09-04T17:12:44.800284+00:00
USGEJPQKBNS5KDTE,12,wms:stock_snapshot_sim,2026-09-04T17:12:44.800284+00:00
SGLEGBV8BENMFZGH,2,wms:stock_snapshot_sim,2026-09-04T17:12:44.800284+00:00
TSHEA7W9NV6FMEZ5,40,wms:stock_snapshot_sim,2026-09-04T17:12:44.800284+00:00
RTRDYPA4PJHCJCGF,15,wms:stock_snapshot_sim,2026-09-04T17:12:44.800284+00:00
VASEJQS2NAGCHGCP,18,wms:stock_snapshot_sim,2026-09-04T17:12:44.800284+00:00
JWSE8F4UXF3YUTTK,6,wms:stock_snapshot_sim,2026-09-04T17:12:44.800284+00:00
MUGEAGGKNHYU6HGM,1,wms:stock_snapshot_sim,2026-09-04T17:12:44.800284+00:00
ACCEAZCV9RKUAMHA,9,wms:stock_snapshot_sim,2026-09-04T17:12:44.800284+00:00
RCLECBJ9HPGHCYCP,21,wms:stock_snapshot_sim,2026-09-04T17:12:44.800284+00:00
TSHE5HQFNBGPPRKV,37,wms:stock_snapshot_sim,2026-09-04T17:12:44.800284+00:00
SHIE7DJ6GN2KBECB,4,wms:stock_snapshot_sim,2026-09-04T17:12:44.800284+00:00
BRAEBMWVSDWZYNK8,0,wms:stock_snapshot_sim,2026-09-04T17:12:44.800284+00:00
NKCE79CGH6HQH4PG,4,wms:stock_snapshot_sim,2026-09-04T17:12:44.800284+00:00
WATD9H76UXEZHVUF,0,wms:stock_snapshot_sim,2026-09-04T17:12:44.800284+00:00
SKIE8AYKWDYJSG5N,14,wms:stock_snapshot_sim,2026-09-04T17:12:44.800284+00:00
PELEGPF7VRJJYBYS,12,wms:stock_snapshot_sim,2026-09-04T17:12:44.800284+00:00
ACCE6GFCNSWTXHPK,23,wms:stock_snapshot_sim,2026-09-04T17:12:44.800284+00:00
VANE5BVUBG3XTYWQ,38,wms:stock_snapshot_sim,2026-09-04T17:12:44.800284+00:00
TSHE66CGVGRRYFTF,40,wms:stock_snapshot_sim,2026-09-04T17:12:44.800284+00:00
ACCDXFFD7H52GCDD,29,wms:stock_snapshot_sim,2026-09-04T17:12:44.800284+00:00
MUGE8S9KPQFMXRFD,32,wms:stock_snapshot_sim,2026-09-04T17:12:44.800284+00:00
PTGEGUZQKVZSWNXY,0,wms:stock_snapshot_sim,2026-09-04T17:12:44.800284+00:00
ACCE5H2YP2AA6RWX,13,wms:stock_snapshot_sim,2026-09-04T17:12:44.800284+00:00
PCSE93H3KFSDC6ZY,30,wms:stock_snapshot_sim,2026-09-04T17:12:44.800284+00:00
WATE5HFYCNY5Z8YK,4,wms:stock_snapshot_sim,2026-09-04T17:12:44.800284+00:00
SHIE8M9PWUF5H4SF,38,wms:stock_snapshot_sim,2026-09-04T17:12:44.800284+00:00
BRAE2NF6S8WKV2FE,2,wms:stock_snapshot_sim,2026-09-04T17:12:44.800284+00:00
TOPECXKMNE823KRG,5,wms:stock_snapshot_sim,2026-09-04T17:12:44.800284+00:00
TPMEGKAMZ5PCDTZW,0,wms:stock_snapshot_sim,2026-09-04T17:12:44.800284+00:00
ACCEFH5B8BZBWGD5,19,wms:stock_snapshot_sim,2026-09-04T17:12:44.800284+00:00
CPCEDAKFZZ4VHWGW,40,wms:stock_snapshot_sim,2026-09-04T17:12:44.800284+00:00
SADEGYY4GFWHB68N,20,wms:stock_snapshot_sim,2026-09-04T17:12:44.800284+00:00
ACCE7HRXZBTSZCZP,1,wms:stock_snapshot_sim,2026-09-04T17:12:44.800284+00:00
WATDZ5HGJGTPBEHB,38,wms:stock_snapshot_sim,2026-09-04T17:12:44.800284+00:00
HMBEFD35ZPCR4AQA,18,wms:stock_snapshot_sim,2026-09-04T17:12:44.800284+00:00
TSHE5K4YCZD9HWZJ,3,wms:stock_snapshot_sim,2026-09-04T17:12:44.800284+00:00
WATE26J7Z9MEZZKH,28,wms:stock_snapshot_sim,2026-09-04T17:12:44.800284+00:00
LBXEH5U989NRAZAG,0,wms:stock_snapshot_sim,2026-09-04T17:12:44.800284+00:00
TSHEGF9YZUKYJKZG,19,wms:stock_snapshot_sim,2026-09-04T17:12:44.800284+00:00
SWSEBWYCGGNCRXJH,0,wms:stock_snapshot_sim,2026-09-04T17:12:44.800284+00:00
CDBE7YMEZHAAYMAM,40,wms:stock_snapshot_sim,2026-09-04T17:12:44.800284+00:00
CRTE8ZZWHBBQ736Q,15,wms:stock_snapshot_sim,2026-09-04T17:12:44.800284+00:00
SNREFCHPZR8YGBSX,22,wms:stock_snapshot_sim,2026-09-04T17:12:44.800284+00:00
DREECZJBH8KGCZHT,40,wms:stock_snapshot_sim,2026-09-04T17:12:44.800284+00:00
SNDE7NSTNHAEACGG,35,wms:stock_snapshot_sim,2026-09-04T17:12:44.800284+00:00
SHTE8C98PYTHAZ5T,16,wms:stock_snapshot_sim,2026-09-04T17:12:44.800284+00:00
TSHEBGGKNBC7H57G,37,wms:stock_snapshot_sim,2026-09-04T17:12:44.800284+00:00
MUGEAGGKYT9UPZRG,3,wms:stock_snapshot_sim,2026-09-04T17:12:44.800284+00:00
SHIEHXZRJVH2QZHU,5,wms:stock_snapshot_sim,2026-09-04T17:12:44.800284+00:00
PTPEFJHGGFH7GA3Q,0,wms:stock_snapshot_sim,2026-09-04T17:12:44.800284+00:00
TSHE97E6ZUG8UQYN,32,wms:stock_snapshot_sim,2026-09-04T17:12:44.800284+00:00
BRAEGJFXYTH2MG98,37,wms:stock_snapshot_sim,2026-09-04T17:12:44.800284+00:00
SNRE9BDSSGFRYVMJ,0,wms:stock_snapshot_sim,2026-09-04T17:12:44.800284+00:00
VMREGZPQWWGWTXQZ,0,wms:stock_snapshot_sim,2026-09-04T17:12:44.800284+00:00
ACCE9DJZZBFBGZBZ,36,wms:stock_snapshot_sim,2026-09-04T17:12:44.800284+00:00
RCLEYW4QPRG4DMJU,0,wms:stock_snapshot_sim,2026-09-04T17:12:44.800284+00:00
SHTECRNZ8WMH4ARD,29,wms:stock_snapshot_sim,2026-09-04T17:12:44.800284+00:00
TSHE75PWHVW9CQBU,3,wms:stock_snapshot_sim,2026-09-04T17:12:44.800284+00:00
DBLE5GN47ZHKCCCN,16,wms:stock_snapshot_sim,2026-09-04T17:12:44.800284+00:00
CRNEE84JVTAMPFEP,33,wms:stock_snapshot_sim,2026-09-04T17:12:44.800284+00:00
SUDEGGAVHGYEQJAH,9,wms:stock_snapshot_sim,2026-09-04T17:12:44.800284+00:00
SNDECYKYFPJHCSEZ,14,wms:stock_snapshot_sim,2026-09-04T17:12:44.800284+00:00
TSHEG7EFGACPSGP5,37,wms:stock_snapshot_sim,2026-09-04T17:12:44.800284+00:00
DRPEG3ZH7GJFFZDM,20,wms:stock_snapshot_sim,2026-09-04T17:12:44.800284+00:00
TSHE6ZF3GEFT9ZRM,24,wms:stock_snapshot_sim,2026-09-04T17:12:44.800284+00:00
BLAEE6KTGHRDPNCG,2,wms:stock_snapshot_sim,2026-09-04T17:12:44.800284+00:00
COAE7KYXE2QEW5YZ,0,wms:stock_snapshot_sim,2026-09-04T17:12:44.800284+00:00
ACCE9ZVFRF5VPGYH,25,wms:stock_snapshot_sim,2026-09-04T17:12:44.800284+00:00
NKCE4PZ62HSZ4QRQ,11,wms:stock_snapshot_sim,2026-09-04T17:12:44.800284+00:00
TLPEGUHQYRNSWHXQ,1,wms:stock_snapshot_sim,2026-09-04T17:12:44.800284+00:00
TSHEAKUGBFWN4DZU,23,wms:stock_snapshot_sim,2026-09-04T17:12:44.800284+00:00
PCSEAH5WKBCZYEK7,5,wms:stock_snapshot_sim,2026-09-04T17:12:44.800284+00:00
RNGEDAPWZBXEHHFV,25,wms:stock_snapshot_sim,2026-09-04T17:12:44.800284+00:00
SHIE9J6QKG4SD5WG,9,wms:stock_snapshot_sim,2026-09-04T17:12:44.800284+00:00
SHTEDB2GWFE4UZEY,12,wms:stock_snapshot_sim,2026-09-04T17:12:44.800284+00:00
SOFEDVYZFZZJQFWY,30,wms:stock_snapshot_sim,2026-09-04T17:12:44.800284+00:00
VMREGZPQHEJGYQYJ,12,wms:stock_snapshot_sim,2026-09-04T17:12:44.800284+00:00
ETHEGBVZCUGD8FVA,12,wms:stock_snapshot_sim,2026-09-04T17:12:44.800284+00:00
SNDEC9REFMEKRZYT,37,wms:stock_snapshot_sim,2026-09-04T17:12:44.800284+00:00
KRTECB9GQYNDQ2XE,10,wms:stock_snapshot_sim,2026-09-04T17:12:44.800284+00:00
NKCEBFWTTMZH9MAR,15,wms:stock_snapshot_sim,2026-09-04T17:12:44.800284+00:00
NKCE64Z4NGBHNAY7,7,wms:stock_snapshot_sim,2026-09-04T17:12:44.800284+00:00
CAGE9ABAEFK9XDNG,0,wms:stock_snapshot_sim,2026-09-04T17:12:44.800284+00:00
SHOEDSGPYVVXQYHY,3,wms:stock_snapshot_sim,2026-09-04T17:12:44.800284+00:00
MATEB88UNDXHX9HA,27,wms:stock_snapshot_sim,2026-09-04T17:12:44.800284+00:00
LTBE4HAWZUMX8VYH,3,wms:stock_snapshot_sim,2026-09-04T17:12:44.800284+00:00
TSHE8GF4TE8CWJNK,1,wms:stock_snapshot_sim,2026-09-04T17:12:44.800284+00:00
NKCE9PFFQKXFACFT,35,wms:stock_snapshot_sim,2026-09-04T17:12:44.800284+00:00
SHOE9YGXQHFW8FCZ,27,wms:stock_snapshot_sim,2026-09-04T17:12:44.800284+00:00
BHGEGTAVWRZQTU6T,16,wms:stock_snapshot_sim,2026-09-04T17:12:44.800284+00:00
ETHEGCR2FGRZBAEJ,0,wms:stock_snapshot_sim,2026-09-04T17:12:44.800284+00:00
NKCEFMKXMH4AX4WF,8,wms:stock_snapshot_sim,2026-09-04T17:12:44.800284+00:00
ACCEGKDGVZWHYV5H,0,wms:stock_snapshot_sim,2026-09-04T17:12:44.800284+00:00
SFFEGJCHXGHYYYZG,15,wms:stock_snapshot_sim,2026-09-04T17:12:44.800284+00:00
NKCEC89WGSBKZG6Z,40,wms:stock_snapshot_sim,2026-09-04T17:12:44.800284+00:00
PCSEE27FVCXHZZ42,19,wms:stock_snapshot_sim,2026-09-04T17:12:44.800284+00:00
WATDNA7SJNHR6YB9,22,wms:stock_snapshot_sim,2026-09-04T17:12:44.800284+00:00
ACBEA4495H4WS89A,30,wms:stock_snapshot_sim,2026-09-04T17:12:44.800284+00:00
CNDEGVE6PR98MZHU,37,wms:stock_snapshot_sim,2026-09-04T17:12:44.800284+00:00
ACBEHFPYESMQGJMY,35,wms:stock_snapshot_sim,2026-09-04T17:12:44.800284+00:00
DREE25GGZVGHXHYG,37,wms:stock_snapshot_sim,2026-09-04T17:12:44.800284+00:00
DREE74XGZFU3T8TH,6,wms:stock_snapshot_sim,2026-09-04T17:12:44.800284+00:00
BRAEAZEFZYER5JHJ,38,wms:stock_snapshot_sim,2026-09-04T17:12:44.800284+00:00
YSPEGGA5JKZFHP97,20,wms:stock_snapshot_sim,2026-09-04T17:12:44.800284+00:00
ASLDZKCYDYGKQZGJ,3,wms:stock_snapshot_sim,2026-09-04T17:12:44.800284+00:00
TSHE6UDN3FEZKTZZ,16,wms:stock_snapshot_sim,2026-09-04T17:12:44.800284+00:00
STIE88KN9ZDSGZKY,12,wms:stock_snapshot_sim,2026-09-04T17:12:44.800284+00:00
ACCE6GFGHEZSBFYC,10,wms:stock_snapshot_sim,2026-09-04T17:12:44.800284+00:00
PBXEBHJDCGYUS8EE,23,wms:stock_snapshot_sim,2026-09-04T17:12:44.800284+00:00
SHTE96UAPYZHBYRY,5,wms:stock_snapshot_sim,2026-09-04T17:12:44.800284+00:00
USGEDDUFKVXFHXRG,30,wms:stock_snapshot_sim,2026-09-04T17:12:44.800284+00:00
ERGE6FMYXWV9BDJU,39,wms:stock_snapshot_sim,2026-09-04T17:12:44.800284+00:00
ACCEGZ6B7ECDKEJQ,29,wms:stock_snapshot_sim,2026-09-04T17:12:44.800284+00:00
SHTEBZU8AGESEXBG,23,wms:stock_snapshot_sim,2026-09-04T17:12:44.800284+00:00
SUDEHYGU4GE9UCXJ,15,wms:stock_snapshot_sim,2026-09-04T17:12:44.800284+00:00
MUGEAGGKCDCUHPYQ,36,wms:stock_snapshot_sim,2026-09-04T17:12:44.800284+00:00
TSHE26TJYTDZYSTY,0,wms:stock_snapshot_sim,2026-09-04T17:12:44.800284+00:00
CRTECN2QZ7XUGBR6,11,wms:stock_snapshot_sim,2026-09-04T17:12:44.800284+00:00
NKCEASN6ED2AZSGJ,0,wms:stock_snapshot_sim,2026-09-04T17:12:44.800284+00:00
BBAEJA4VWFFEZARG,11,wms:stock_snapshot_sim,2026-09-04T17:12:44.800284+00:00
BRAEDQEDVYJV64GV,0,wms:stock_snapshot_sim,2026-09-04T17:12:44.800284+00:00
NKCEBZN92EJ7PDFH,34,wms:stock_snapshot_sim,2026-09-04T17:12:44.800284+00:00
BLAEEJFZ5KA42ZS3,34,wms:stock_snapshot_sim,2026-09-04T17:12:44.800284+00:00
HBAEGEXCWARKFFZB,32,wms:stock_snapshot_sim,2026-09-04T17:12:44.800284+00:00
SHVEARQAGHX9DCCM,24,wms:stock_snapshot_sim,2026-09-04T17:12:44.800284+00:00
BDSEGJBRDPGXNJSZ,28,wms:stock_snapshot_sim,2026-09-04T17:12:44.800284+00:00
NKCE6SR4GUVUYSTE,8,wms:stock_snapshot_sim,2026-09-04T17:12:44.800284+00:00
SNDEHZKZPNKYDYZE,14,wms:stock_snapshot_sim,2026-09-04T17:12:44.800284+00:00
WATDA5ZAXAP2VTGQ,22,wms:stock_snapshot_sim,2026-09-04T17:12:44.800284+00:00
NKCDYQ3RHWWSMGHX,6,wms:stock_snapshot_sim,2026-09-04T17:12:44.800284+00:00
NKCEF2RFAPHSHZZZ,21,wms:stock_snapshot_sim,2026-09-04T17:12:44.800284+00:00
NKCE9G2BCCVDEHZJ,30,wms:stock_snapshot_sim,2026-09-04T17:12:44.800284+00:00
DREEHPGGYTZB7WGH,31,wms:stock_snapshot_sim,2026-09-04T17:12:44.800284+00:00
BRAEDSGBX5MZ2TTG,7,wms:stock_snapshot_sim,2026-09-04T17:12:44.800284+00:00
JEAE6HJ3XFZG5TWG,34,wms:stock_snapshot_sim,2026-09-04T17:12:44.800284+00:00
NKCE9ZVGMHZVTF2D,0,wms:stock_snapshot_sim,2026-09-04T17:12:44.800284+00:00
BBAEDHF3VAMHHVHP,0,wms:stock_snapshot_sim,2026-09-04T17:12:44.800284+00:00
BBAE3JG3HZMARBFP,22,wms:stock_snapshot_sim,2026-09-04T17:12:44.800284+00:00
JWSE6NTHZJQWZK2C,31,wms:stock_snapshot_sim,2026-09-04T17:12:44.800284+00:00
NKCEAFDAZGYPTKGF,39,wms:stock_snapshot_sim,2026-09-04T17:12:44.800284+00:00
ACCEAC4Q4BQFYCNE,5,wms:stock_snapshot_sim,2026-09-04T17:12:44.800284+00:00
DGBDNY3ACA6PBK5X,25,wms:stock_snapshot_sim,2026-09-04T17:12:44.800284+00:00
ACCDVDC8S5JWEE6X,10,wms:stock_snapshot_sim,2026-09-04T17:12:44.800284+00:00
SFFEJUBUUFGT6TYA,38,wms:stock_snapshot_sim,2026-09-04T17:12:44.800284+00:00
BRAEA6Z4CTERPC7Q,12,wms:stock_snapshot_sim,2026-09-04T17:12:44.800284+00:00
JCKEDWXXATC4FTXC,18,wms:stock_snapshot_sim,2026-09-04T17:12:44.800284+00:00
PBXE84AFKHSTNP4H,20,wms:stock_snapshot_sim,2026-09-04T17:12:44.800284+00:00
PTPEB88UTZRHHVXD,7,wms:stock_snapshot_sim,2026-09-04T17:12:44.800284+00:00
CRTECN2QWAXDGXMW,9,wms:stock_snapshot_sim,2026-09-04T17:12:44.800284+00:00
RNGEDAPUZZDP3HYJ,31,wms:stock_snapshot_sim,2026-09-04T17:12:44.800284+00:00
KRTEEG6HMEXFXUZY,4,wms:stock_snapshot_sim,2026-09-04T17:12:44.800284+00:00
LJGECQY8RP28UPH9,14,wms:stock_snapshot_sim,2026-09-04T17:12:44.800284+00:00
CRNECU3ACNR85WVC,35,wms:stock_snapshot_sim,2026-09-04T17:12:44.800284+00:00
RNGEC8PNNBBHTCFC,15,wms:stock_snapshot_sim,2026-09-04T17:12:44.800284+00:00
PBXE9YWGS6S6HCQF,10,wms:stock_snapshot_sim,2026-09-04T17:12:44.800284+00:00
HKSEFHYXHEBSYZR6,0,wms:stock_snapshot_sim,2026-09-04T17:12:44.800284+00:00
BRAE8WPSG4FMHFXF,0,wms:stock_snapshot_sim,2026-09-04T17:12:44.800284+00:00
SKIE4S4NN4MHYM3Z,18,wms:stock_snapshot_sim,2026-09-04T17:12:44.800284+00:00
SUDEGGB473ACY9MF,9,wms:stock_snapshot_sim,2026-09-04T17:12:44.800284+00:00
TOPDW7AQKZZHFCZF,34,wms:stock_snapshot_sim,2026-09-04T17:12:44.800284+00:00
ACCEC87TREZYJJPE,5,wms:stock_snapshot_sim,2026-09-04T17:12:44.800284+00:00
BRAEBBMQZH8Y56XN,24,wms:stock_snapshot_sim,2026-09-04T17:12:44.800284+00:00
RNGEBQZRZ79K3EMM,13,wms:stock_snapshot_sim,2026-09-04T17:12:44.800284+00:00
AFGEGF4DTH3GCFYD,9,wms:stock_snapshot_sim,2026-09-04T17:12:44.800284+00:00
RNGE4YXXY4UAAVAM,1,wms:stock_snapshot_sim,2026-09-04T17:12:44.800284+00:00
SGLEGBV65VHSPDC8,14,wms:stock_snapshot_sim,2026-09-04T17:12:44.800284+00:00
SHIEA3GY4Q2NHPXA,18,wms:stock_snapshot_sim,2026-09-04T17:12:44.800284+00:00
TSHE8GF4NWDCDSX2,10,wms:stock_snapshot_sim,2026-09-04T17:12:44.800284+00:00
STIE2FRBYYZB57R2,9,wms:stock_snapshot_sim,2026-09-04T17:12:44.800284+00:00
ACCEGZ65ZJHXZEVH,29,wms:stock_snapshot_sim,2026-09-04T17:12:44.800284+00:00
FRAEHVHBG5KK6ETE,9,wms:stock_snapshot_sim,2026-09-04T17:12:44.800284+00:00
SHTE6SEHGTYJFSM3,7,wms:stock_snapshot_sim,2026-09-04T17:12:44.800284+00:00
NKCDV7KGEEZHJVJY,13,wms:stock_snapshot_sim,2026-09-04T17:12:44.800284+00:00
SHOE6Y48VN6ASB62,0,wms:stock_snapshot_sim,2026-09-04T17:12:44.800284+00:00
SHTE7F94HZH36FXN,9,wms:stock_snapshot_sim,2026-09-04T17:12:44.800284+00:00
DREEYYFSRJVG8XYE,27,wms:stock_snapshot_sim,2026-09-04T17:12:44.800284+00:00
RNGE9HDBZBRM5ZKG,4,wms:stock_snapshot_sim,2026-09-04T17:12:44.800284+00:00
ETHEGDRBZRVDJUDP,26,wms:stock_snapshot_sim,2026-09-04T17:12:44.800284+00:00
TSHE7KBHSZGHUHHE,4,wms:stock_snapshot_sim,2026-09-04T17:12:44.800284+00:00
SHTE5YHGMHQZHD8E,39,wms:stock_snapshot_sim,2026-09-04T17:12:44.800284+00:00
ACBEGYJFC4VBAHCU,29,wms:stock_snapshot_sim,2026-09-04T17:12:44.800284+00:00
PTLEHK3XTJT2NASD,23,wms:stock_snapshot_sim,2026-09-04T17:12:44.800284+00:00
BBAEB73MPXNZE4EW,38,wms:stock_snapshot_sim,2026-09-04T17:12:44.800284+00:00
DREE4FC4TAR8M5GN,0,wms:stock_snapshot_sim,2026-09-04T17:12:44.800284+00:00
RCLEYW4PKHPWGSDV,9,wms:stock_snapshot_sim,2026-09-04T17:12:44.800284+00:00
BRAEBFHFVGD9BSHC,2,wms:stock_snapshot_sim,2026-09-04T17:12:44.800284+00:00
ACCE9DJNFJJQFZCJ,39,wms:stock_snapshot_sim,2026-09-04T17:12:44.800284+00:00
SHOEJP2GGGP2GGPB,0,wms:stock_snapshot_sim,2026-09-04T17:12:44.800284+00:00
STIE7KFKYMGZMCJQ,5,wms:stock_snapshot_sim,2026-09-04T17:12:44.800284+00:00
PBXE8ZHHG5Y525BT,25,wms:stock_snapshot_sim,2026-09-04T17:12:44.800284+00:00
SWTEGAG26DSUPQZG,3,wms:stock_snapshot_sim,2026-09-04T17:12:44.800284+00:00
BBAEDFYYYETPFCAC,11,wms:stock_snapshot_sim,2026-09-04T17:12:44.800284+00:00
ACCDVHJZWAJEPRJG,34,wms:stock_snapshot_sim,2026-09-04T17:12:44.800284+00:00
CAGDUNH3VAZ8PM3Q,2,wms:stock_snapshot_sim,2026-09-04T17:12:44.800284+00:00
CAGDU85YG8UZE7MX,35,wms:stock_snapshot_sim,2026-09-04T17:12:44.800284+00:00
PCSEAH5WCDGS8YCZ,5,wms:stock_snapshot_sim,2026-09-04T17:12:44.800284+00:00
WCKE56UCWM5HHZHE,26,wms:stock_snapshot_sim,2026-09-04T17:12:44.800284+00:00
TOPE75N4JHUJCF2H,37,wms:stock_snapshot_sim,2026-09-04T17:12:44.800284+00:00
LJGE8WRFGEZAGVBX,0,wms:stock_snapshot_sim,2026-09-04T17:12:44.800284+00:00
ACCE2FY3V6YV7ZTK,8,wms:stock_snapshot_sim,2026-09-04T17:12:44.800284+00:00
PCSEE4H5ZCFWZZRZ,1,wms:stock_snapshot_sim,2026-09-04T17:12:44.800284+00:00
NKCE3JRMHZG4UKHA,24,wms:stock_snapshot_sim,2026-09-04T17:12:44.800284+00:00
BBAE6F7ZENM3GCFJ,24,wms:stock_snapshot_sim,2026-09-04T17:12:44.800284+00:00
BRAE6AV3YVDFJZH3,27,wms:stock_snapshot_sim,2026-09-04T17:12:44.800284+00:00
LJGE5H5JFQZHWQRE,26,wms:stock_snapshot_sim,2026-09-04T17:12:44.800284+00:00
SHOE37CTDYFKDJBH,3,wms:stock_snapshot_sim,2026-09-04T17:12:44.800284+00:00
JWSE78FFPZBKYKZK,26,wms:stock_snapshot_sim,2026-09-04T17:12:44.800284+00:00
BRAEBGGVWFN7UPH9,6,wms:stock_snapshot_sim,2026-09-04T17:12:44.800284+00:00
MUGECJZ23GD5PE6C,26,wms:stock_snapshot_sim,2026-09-04T17:12:44.800284+00:00
SUDEGVG6PJKDGW2Z,4,wms:stock_snapshot_sim,2026-09-04T17:12:44.800284+00:00
NKCE3HVU4WDF4APE,19,wms:stock_snapshot_sim,2026-09-04T17:12:44.800284+00:00
PCSEAYRTZYDSPGMB,17,wms:stock_snapshot_sim,2026-09-04T17:12:44.800284+00:00
BLAEARKNZBBTPUYZ,3,wms:stock_snapshot_sim,2026-09-04T17:12:44.800284+00:00
ACCDSUZJGMZD9FHZ,28,wms:stock_snapshot_sim,2026-09-04T17:12:44.800284+00:00
BRAEDASWQDSYNUV3,13,wms:stock_snapshot_sim,2026-09-04T17:12:44.800284+00:00
WATEYY4XDYZF4QDB,39,wms:stock_snapshot_sim,2026-09-04T17:12:44.800284+00:00
NKCE8NTQZZDFGCHB,15,wms:stock_snapshot_sim,2026-09-04T17:12:44.800284+00:00
NKCDU4RZUTWXHYHC,23,wms:stock_snapshot_sim,2026-09-04T17:12:44.800284+00:00
PCSEAH5WTV9MSPJU,0,wms:stock_snapshot_sim,2026-09-04T17:12:44.800284+00:00
RCLEYW4RGRKNAYJX,25,wms:stock_snapshot_sim,2026-09-04T17:12:44.800284+00:00
TWCEJFXHNZ8GB8VX,13,wms:stock_snapshot_sim,2026-09-04T17:12:44.800284+00:00
SNDE2ZGMTQGZYMZG,11,wms:stock_snapshot_sim,2026-09-04T17:12:44.800284+00:00
BRAEDQEEVBWB4FPB,28,wms:stock_snapshot_sim,2026-09-04T17:12:44.800284+00:00
BRAEAW9HUAWTZGSH,8,wms:stock_snapshot_sim,2026-09-04T17:12:44.800284+00:00
BBAE9YU4VNAVMKEN,0,wms:stock_snapshot_sim,2026-09-04T17:12:44.800284+00:00
DTHEHTAZPGKDZXWH,17,wms:stock_snapshot_sim,2026-09-04T17:12:44.800284+00:00
BCHEEYZYZCYDG9ZZ,27,wms:stock_snapshot_sim,2026-09-04T17:12:44.800284+00:00
